
#-----------------Run-----------------------
fix mynvt all nvt temp $(v_T0) $(v_T0) $(100.0*v_dt)
fix mynvt all nvt temp 100000 $(v_T0) $(100.0*v_dt)
fix mynvt all nvt temp 100000 100000 $(100.0*v_dt)
fix mynvt all nvt temp 100000 100000 1.0567679466778299036e-14
#minimize 1.0e-5 1.0e-9 100 500000
run 2000 # 8000 before 10/18

CITE-CITE-CITE-CITE-CITE-CITE-CITE-CITE-CITE-CITE-CITE-CITE-CITE

Your simulation uses code contributions which should be cited:

- GPU package (short-range, long-range and three-body potentials): doi:10.1016/j.cpc.2010.12.021, doi:10.1016/j.cpc.2011.10.012, doi:10.1016/j.cpc.2013.08.002, doi:10.1016/j.commatsci.2014.10.068, doi:10.1016/j.cpc.2016.10.020, doi:10.3233/APC200086

@Article{Brown11,
 author = {W. M. Brown and P. Wang and S. J. Plimpton and A. N. Tharrington},
 title = {Implementing Molecular Dynamics on Hybrid High Performance Computers---Short Range Forces},
 journal = {Comput.\ Phys.\ Commun.},
 year =    2011,
 volume =  182,
 pages =   {898--911},
 doi =     {10.1016/j.cpc.2010.12.021}
}

@Article{Brown12,
 author = {W. M. Brown and A. Kohlmeyer and S. J. Plimpton and A. N. Tharrington},
 title = {Implementing Molecular Dynamics on Hybrid High Performance Computers - Particle-Particle Particle-Mesh},
 journal = {Comput.\ Phys.\ Commun.},
 year =    2012,
 volume =  183,
 doi =     {10.1016/j.cpc.2011.10.012},
 pages =   {449--459}
}

@Article{Brown13,
 author = {W. M. Brown and Y. Masako},
 title = {Implementing Molecular Dynamics on Hybrid High Performance Computers---Three-Body Potentials},
 journal = {Comput.\ Phys.\ Commun.},
 year =    2013,
 volume =  184,
 pages =   {2785--2793},
 doi =     {10.1016/j.cpc.2013.08.002},
}

@Article{Trung15,
 author = {T. D. Nguyen and S. J. Plimpton},
 title = {Accelerating Dissipative Particle Dynamics Simulations for Soft Matter Systems},
 journal = {Comput.\ Mater.\ Sci.},
 year =    2015,
 doi =     {10.1016/j.commatsci.2014.10.068},
 volume =  100,
 pages =   {173--180}
}

@Article{Trung17,
 author = {T. D. Nguyen},
 title = {{GPU}-Accelerated {T}ersoff Potentials for Massively Parallel
    Molecular Dynamics Simulations},
 journal = {Comput.\ Phys.\ Commun.},
 year =    2017,
 doi =     {10.1016/j.cpc.2016.10.020},
 volume =  212,
 pages =   {113--122}
}

@inproceedings{Nikolskiy19,
 author = {V. Nikolskiy and V. Stegailov},
 title = {{GPU} Acceleration of Four-Site Water Models in {LAMMPS}},
 booktitle = {Proceedings of the International Conference on Parallel
    Computing (ParCo 2019), Prague, Czech Republic},
 doi =     {10.3233/APC200086},
 year =    2019
}

CITE-CITE-CITE-CITE-CITE-CITE-CITE-CITE-CITE-CITE-CITE-CITE-CITE

Generated 0 of 1 mixed pair_coeff terms from geometric mixing rule
Neighbor list info ...
  update: every = 1 steps, delay = 0 steps, check = yes
  max neighbors/atom: 10000, page size: 100000
  master list distance cutoff = 6.3293002e-06
  ghost atom cutoff = 6.3293002e-06
  binsize = 3.1646501e-06, bins = 9 9 9
  1 neighbor lists, perpetual/occasional/extra = 1 0 0
  (1) pair yukawa/gpu, perpetual
      attributes: full, newton on
      pair build: full/bin/atomonly
      stencil: full/bin/3d
      bin: standard
Per MPI rank memory allocation (min/avg/max) = 2641 | 2641 | 2641 Mbytes
   Step          Time           Temp         c_tempH        c_tempSi        TotEng         PotEng         KinEng         Press           v_k0           v_dt        v_collfreq       v_ccs     
         0   0              100000         99997.834      100316.89      3.3705537e-06  1.2788891e-06  2.0916646e-06  1.3440205e+08  631981.4       1.0567679e-16  9.5081554e+19  1e-06        
      1000   1.0567679e-13  100100.69      100096.79      100590.72      3.3688111e-06  1.2750404e-06  2.0937707e-06  1.3439985e+08  631981.4       1.0567679e-16  9.5081554e+19  1e-06        
      2000   2.1135359e-13  100224.81      100218.33      100973.95      3.3690446e-06  1.2726778e-06  2.0963669e-06  1.3443734e+08  631981.4       1.0567679e-16  9.5081554e+19  1e-06        
Loop time of 18.8502 on 1 procs for 2000 steps with 101000 atoms

98.8% CPU use with 1 MPI tasks x 1 OpenMP threads

MPI task timing breakdown:
Section |  min time  |  avg time  |  max time  |%varavg| %total
---------------------------------------------------------------
Pair    | 6.345      | 6.345      | 6.345      |   0.0 | 33.66
Neigh   | 8.2628     | 8.2628     | 8.2628     |   0.0 | 43.83
Comm    | 1.5782     | 1.5782     | 1.5782     |   0.0 |  8.37
Output  | 0.071684   | 0.071684   | 0.071684   |   0.0 |  0.38
Modify  | 1.8021     | 1.8021     | 1.8021     |   0.0 |  9.56
Other   |            | 0.7903     |            |       |  4.19

Nlocal:         101000 ave      101000 max      101000 min
Histogram: 1 0 0 0 0 0 0 0 0 0
Nghost:         234157 ave      234157 max      234157 min
Histogram: 1 0 0 0 0 0 0 0 0 0
Neighs:              0 ave           0 max           0 min
Histogram: 1 0 0 0 0 0 0 0 0 0
FullNghs:  6.37292e+08 ave 6.37292e+08 max 6.37292e+08 min
Histogram: 1 0 0 0 0 0 0 0 0 0

Total # of neighbors = 6.3729247e+08
Ave neighs/atom = 6309.8264
Neighbor list builds = 1
Dangerous builds = 0
thermo_style custom step time temp c_tempH c_tempSi etotal pe ke press

unfix mynvt
velocity Si set 0 $(sin(v_offangle)*v_vb) $(cos(v_offangle)*v_vb) sum yes
velocity Si set 0 2955202.0666133952327 $(cos(v_offangle)*v_vb) sum yes
velocity Si set 0 2955202.0666133952327 9553364.8912560604513 sum yes
fix mynve all nve
run 10000000
Generated 0 of 1 mixed pair_coeff terms from geometric mixing rule
Per MPI rank memory allocation (min/avg/max) = 2647 | 2647 | 2647 Mbytes
   Step          Time           Temp         c_tempH        c_tempSi        TotEng         PotEng         KinEng         Press     
      2000   2.1135359e-13  212349.44      100218.33      11436786       5.7143159e-06  1.2726778e-06  4.4416382e-06  2.2641301e+08
      3000   3.1703038e-13  212365.3       100384.08      11421797       5.7142125e-06  1.2722425e-06  4.44197e-06    2.2640395e+08
      4000   4.2270718e-13  212363.53      100515.99      11408415       5.714155e-06   1.272222e-06   4.4419329e-06  2.2640032e+08
      5000   5.2838397e-13  212357.52      100641.42      11395251       5.7141805e-06  1.2723732e-06  4.4418072e-06  2.2640342e+08
      6000   6.3406077e-13  212326.57      100752.06      11381046       5.7142595e-06  1.2730998e-06  4.4411597e-06  2.2640025e+08
      7000   7.3973756e-13  212324.86      100864.25      11369645       5.714206e-06   1.2730818e-06  4.4411241e-06  2.2639629e+08
      8000   8.4541436e-13  212348.14      100988.29      11359582       5.7142391e-06  1.272628e-06   4.441611e-06   2.2640291e+08
      9000   9.5109115e-13  212363.82      101149.56      11345024       5.7141891e-06  1.2722502e-06  4.441939e-06   2.264036e+08 
     10000   1.0567679e-12  212361.01      101303.93      11329288       5.7141678e-06  1.2722875e-06  4.4418803e-06  2.2640012e+08
     11000   1.1624447e-12  212354.25      101449.27      11314055       5.7141612e-06  1.2724225e-06  4.4417387e-06  2.2639695e+08
     12000   1.2681215e-12  212391.5       101588.94      11303841       5.7141106e-06  1.2715927e-06  4.442518e-06   2.2640865e+08
     13000   1.3737983e-12  212372.87      101666.05      11294238       5.7141485e-06  1.2720202e-06  4.4421282e-06  2.2640269e+08
     14000   1.4794751e-12  212352.41      101766.68      11282097       5.7141983e-06  1.272498e-06   4.4417003e-06  2.2639884e+08
     15000   1.5851519e-12  212360         101903.19      11269200       5.7141801e-06  1.272321e-06   4.4418591e-06  2.2640231e+08
     16000   1.6908287e-12  212337.07      101994.02      11257790       5.7141276e-06  1.2727482e-06  4.4413794e-06  2.2639149e+08
     17000   1.7965055e-12  212342         102100.8       11247599       5.7141414e-06  1.2726589e-06  4.4414825e-06  2.2639286e+08
     18000   1.9021823e-12  212368.72      102262         11234165       5.7141565e-06  1.2721151e-06  4.4420414e-06  2.264037e+08 
     19000   2.0078591e-12  212348.02      102396.12      11218646       5.7141153e-06  1.2725069e-06  4.4416085e-06  2.2639369e+08
     20000   2.1135359e-12  212363.71      102519.37      11207896       5.7141671e-06  1.2722304e-06  4.4419367e-06  2.2640323e+08
     21000   2.2192127e-12  212350.33      102609.09      11197562       5.7141905e-06  1.2725338e-06  4.4416567e-06  2.2639977e+08
     22000   2.3248895e-12  212358.45      102715.86      11187696       5.714159e-06   1.2723324e-06  4.4418266e-06  2.2640089e+08
     23000   2.4305663e-12  212377.03      102848.87      11176260       5.7141655e-06  1.2719503e-06  4.4422152e-06  2.2640705e+08
     24000   2.5362431e-12  212368.69      102951.9       11165103       5.714144e-06   1.2721032e-06  4.4420408e-06  2.2640112e+08
     25000   2.6419199e-12  212365.59      103080.97      11151870       5.7140498e-06  1.2720739e-06  4.4419759e-06  2.2639467e+08
     26000   2.7475967e-12  212351.08      103219.29      11136558       5.7141211e-06  1.2724486e-06  4.4416725e-06  2.2639416e+08
     27000   2.8532735e-12  212353.76      103331.12      11125635       5.7141196e-06  1.272391e-06   4.4417286e-06  2.2639581e+08
     28000   2.9589503e-12  212364.05      103441.43      11115632       5.7141445e-06  1.2722008e-06  4.4419437e-06  2.2640111e+08
     29000   3.064627e-12   212362.8       103561.97      11103441       5.7141841e-06  1.2722665e-06  4.4419177e-06  2.2640288e+08
     30000   3.1703038e-12  212361.61      103695.59      11089945       5.7141053e-06  1.2722125e-06  4.4418928e-06  2.2639715e+08
     31000   3.2759806e-12  212368.02      103835.91      11076547       5.7140716e-06  1.2720447e-06  4.4420269e-06  2.2639483e+08
     32000   3.3816574e-12  212348.01      103956.25      11062478       5.7140715e-06  1.2724633e-06  4.4416082e-06  2.2638766e+08
     33000   3.4873342e-12  212355.44      104094.26      11049414       5.714111e-06   1.2723475e-06  4.4417636e-06  2.2639549e+08
     34000   3.593011e-12   212346.64      104195.47      11038394       5.7141443e-06  1.2725646e-06  4.4415797e-06  2.2639518e+08
     35000   3.6986878e-12  212362.82      104318.02      11027762       5.7141771e-06  1.2722591e-06  4.441918e-06   2.2640287e+08
     36000   3.8043646e-12  212364.43      104450.89      11014625       5.7141553e-06  1.2722036e-06  4.4419516e-06  2.2640099e+08
     37000   3.9100414e-12  212353.66      104574.5       11001163       5.7140641e-06  1.2723378e-06  4.4417263e-06  2.2639214e+08
     38000   4.0157182e-12  212392.89      104741.09      10988454       5.7141555e-06  1.2716085e-06  4.442547e-06   2.2641262e+08
     39000   4.121395e-12   212368.47      104834.94      10976591       5.7141106e-06  1.2720744e-06  4.4420362e-06  2.2639993e+08
     40000   4.2270718e-12  212362.5       104956.04      10963865       5.7142004e-06  1.272289e-06   4.4419114e-06  2.2640507e+08
     41000   4.3327486e-12  212346.3       105045.75      10953247       5.7142075e-06  1.2726351e-06  4.4415724e-06  2.2640023e+08
     42000   4.4384254e-12  212362.66      105160.63      10943402       5.7142393e-06  1.2723246e-06  4.4419147e-06  2.2640632e+08
     43000   4.5441022e-12  212359.16      105271.54      10931946       5.7141733e-06  1.2723319e-06  4.4418414e-06  2.2639995e+08
     44000   4.649779e-12   212353.7       105377.67      10920771       5.7141907e-06  1.2724635e-06  4.4417272e-06  2.2639974e+08
     45000   4.7554558e-12  212381.52      105491.43      10912196       5.714169e-06   1.2718598e-06  4.4423093e-06  2.2640906e+08
     46000   4.8611326e-12  212382.07      105603.23      10901060       5.7141583e-06  1.2718377e-06  4.4423206e-06  2.2640685e+08
     47000   4.9668093e-12  212371.43      105718.63      10888432       5.714181e-06   1.272083e-06   4.4420981e-06  2.2640348e+08
     48000   5.0724861e-12  212354.71      105810.87      10877509       5.7141554e-06  1.2724071e-06  4.4417483e-06  2.2639728e+08
     49000   5.1781629e-12  212357.92      105965.5       10862355       5.7141459e-06  1.2723303e-06  4.4418156e-06  2.263989e+08 
     50000   5.2838397e-12  212356.77      106075.4       10851238       5.7141234e-06  1.2723319e-06  4.4417915e-06  2.2639722e+08
     51000   5.3895165e-12  212331.82      106178         10838446       5.7141682e-06  1.2728987e-06  4.4412696e-06  2.2638886e+08
     52000   5.4951933e-12  212341.04      106327.41      10824422       5.7141166e-06  1.2726543e-06  4.4414624e-06  2.2638968e+08
     53000   5.6008701e-12  212334.36      106447.16      10811760       5.7142396e-06  1.2729168e-06  4.4413228e-06  2.2639546e+08
     54000   5.7065469e-12  212331.27      106580.6       10798090       5.7141552e-06  1.2728971e-06  4.4412581e-06  2.2638936e+08
     55000   5.8122237e-12  212340.98      106700.97      10787023       5.7141426e-06  1.2726815e-06  4.4414611e-06  2.2639321e+08
     56000   5.9179005e-12  212361.66      106853.16      10773880       5.7141938e-06  1.2723001e-06  4.4418937e-06  2.2640312e+08
     57000   6.0235773e-12  212382.3       106961.14      10765158       5.7141713e-06  1.2718458e-06  4.4423255e-06  2.2640831e+08
     58000   6.1292541e-12  212359.77      107080.97      10750886       5.7142123e-06  1.2723579e-06  4.4418543e-06  2.2640184e+08
     59000   6.2349309e-12  212358.42      107213.42      10737491       5.7141767e-06  1.2723507e-06  4.441826e-06   2.2639912e+08
     60000   6.3406077e-12  212359.53      107326.97      10726237       5.7141146e-06  1.2722653e-06  4.4418493e-06  2.2639614e+08
     61000   6.4462845e-12  212367.15      107460.46      10713645       5.7141252e-06  1.2721166e-06  4.4420086e-06  2.2640014e+08
     62000   6.5519613e-12  212342.01      107550.14      10702126       5.7141117e-06  1.272629e-06   4.4414827e-06  2.2639066e+08
     63000   6.6576381e-12  212322.61      107690.56      10686109       5.7141457e-06  1.2730688e-06  4.441077e-06   2.2638723e+08
     64000   6.7633149e-12  212365.86      107837.05      10675818       5.7142513e-06  1.2722698e-06  4.4419816e-06  2.2640968e+08
     65000   6.8689917e-12  212380.25      107948.35      10666132       5.7142337e-06  1.2719511e-06  4.4422826e-06  2.264123e+08 
     66000   6.9746684e-12  212374.45      108037.19      10656652       5.7141567e-06  1.2719955e-06  4.4421612e-06  2.2640431e+08
     67000   7.0803452e-12  212370.12      108136.2       10646304       5.7141149e-06  1.2720441e-06  4.4420708e-06  2.2639946e+08
     68000   7.186022e-12   212361.66      108236.72      10635388       5.7140545e-06  1.2721606e-06  4.4418938e-06  2.2639226e+08
     69000   7.2916988e-12  212343.09      108333.99      10623774       5.7140807e-06  1.2725753e-06  4.4415054e-06  2.263862e+08 
     70000   7.3973756e-12  212359.52      108473.01      10611518       5.7141264e-06  1.2722774e-06  4.441849e-06   2.2639633e+08
     71000   7.5030524e-12  212349.49      108595.31      10598263       5.714145e-06   1.2725057e-06  4.4416393e-06  2.2639527e+08
     72000   7.6087292e-12  212343.81      108718.46      10585360       5.7141827e-06  1.2726623e-06  4.4415203e-06  2.2639583e+08
     73000   7.714406e-12   212346.43      108872.49      10570207       5.7141796e-06  1.2726044e-06  4.4415752e-06  2.2639565e+08
     74000   7.8200828e-12  212326.01      108979.29      10557452       5.7141313e-06  1.2729833e-06  4.441148e-06   2.263855e+08 
     75000   7.9257596e-12  212337.96      109134.87      10543087       5.7141194e-06  1.2727214e-06  4.441398e-06   2.2639099e+08
     76000   8.0314364e-12  212340.52      109264.5       10530370       5.7141289e-06  1.2726772e-06  4.4414517e-06  2.263913e+08 
     77000   8.1371132e-12  212383.94      109443.02      10516890       5.714106e-06   1.2717462e-06  4.4423598e-06  2.2640472e+08
     78000   8.24279e-12    212339.14      109546.01      10502052       5.714044e-06   1.2726212e-06  4.4414228e-06  2.2638324e+08
     79000   8.3484668e-12  212345.05      109669.29      10490309       5.7141176e-06  1.2725712e-06  4.4415464e-06  2.2639137e+08
     80000   8.4541436e-12  212349.37      109792.14      10478448       5.7141141e-06  1.2724774e-06  4.4416366e-06  2.2639423e+08
     81000   8.5598204e-12  212347.71      109922.36      10465246       5.7141297e-06  1.2725278e-06  4.4416019e-06  2.263946e+08 
     82000   8.6654972e-12  212354.45      110053.65      10452785       5.7141453e-06  1.2724024e-06  4.4417429e-06  2.263988e+08 
     83000   8.771174e-12   212341.13      110161.57      10440635       5.7141897e-06  1.2727253e-06  4.4414643e-06  2.2639748e+08
     84000   8.8768508e-12  212346.49      110297.9       10427531       5.7141791e-06  1.2726027e-06  4.4415765e-06  2.2639791e+08
     85000   8.9825275e-12  212377.32      110456.97      10414725       5.7141879e-06  1.2719666e-06  4.4422213e-06  2.2640943e+08
     86000   9.0882043e-12  212346.52      110539.09      10403391       5.7142053e-06  1.2726282e-06  4.4415771e-06  2.2639842e+08
     87000   9.1938811e-12  212331.96      110648.02      10391015       5.7142245e-06  1.272952e-06   4.4412725e-06  2.2639501e+08
     88000   9.2995579e-12  212357.59      110786.14      10379781       5.7141682e-06  1.2723596e-06  4.4418086e-06  2.2640099e+08
     89000   9.4052347e-12  212356.46      110893.64      10368905       5.7141772e-06  1.2723923e-06  4.4417849e-06  2.2640007e+08
     90000   9.5109115e-12  212342.03      110990.73      10357729       5.7141233e-06  1.2726401e-06  4.4414832e-06  2.2639037e+08
     91000   9.6165883e-12  212331.84      111112.16      10344543       5.7140613e-06  1.2727913e-06  4.44127e-06    2.2638279e+08
     92000   9.7222651e-12  212357.24      111262.47      10332065       5.7141785e-06  1.2723773e-06  4.4418012e-06  2.2640152e+08
     93000   9.8279419e-12  212330.95      111357.01      10319944       5.7142988e-06  1.2730475e-06  4.4412513e-06  2.2640031e+08
     94000   9.9336187e-12  212327.98      111457.69      10309566       5.7142114e-06  1.2730221e-06  4.4411893e-06  2.2639535e+08
     95000   1.0039295e-11  212315.58      111585.14      10295555       5.7142583e-06  1.2733284e-06  4.44093e-06    2.2639388e+08
     96000   1.0144972e-11  212318.94      111698.67      10284529       5.7141969e-06  1.2731968e-06  4.4410001e-06  2.2639059e+08
     97000   1.0250649e-11  212356.74      111841.68      10274037       5.7141802e-06  1.2723892e-06  4.4417909e-06  2.2640182e+08
     98000   1.0356326e-11  212328.25      111928.53      10262463       5.7141584e-06  1.2729634e-06  4.441195e-06   2.2638769e+08
     99000   1.0462003e-11  212328.57      112051.56      10250179       5.7141839e-06  1.2729823e-06  4.4412016e-06  2.2639063e+08
    100000   1.0567679e-11  212328.14      112188.05      10236473       5.7142102e-06  1.2730176e-06  4.4411925e-06  2.2639574e+08
    101000   1.0673356e-11  212327.29      112317.29      10223451       5.7142859e-06  1.2731111e-06  4.4411748e-06  2.2640143e+08
    102000   1.0779033e-11  212325.2       112440.22      10210934       5.7142363e-06  1.2731051e-06  4.4411312e-06  2.2639593e+08
    103000   1.088471e-11   212352.54      112568.01      10200907       5.7141908e-06  1.2724877e-06  4.4417031e-06  2.2640201e+08
    104000   1.0990387e-11  212348.12      112679.54      10189295       5.7142434e-06  1.2726329e-06  4.4416105e-06  2.26402e+08  
    105000   1.1096063e-11  212353.91      112796.67      10178156       5.7142189e-06  1.2724873e-06  4.4417317e-06  2.2640353e+08
    106000   1.120174e-11   212340.32      112908.94      10165544       5.7141911e-06  1.2727438e-06  4.4414473e-06  2.2639644e+08
    107000   1.1307417e-11  212349.39      113012.62      10156083       5.7141434e-06  1.2725062e-06  4.4416372e-06  2.2639618e+08
    108000   1.1413094e-11  212354.62      113131.53      10144709       5.7141242e-06  1.2723777e-06  4.4417464e-06  2.2639582e+08
    109000   1.1518771e-11  212330.46      113241.93      10131215       5.7140935e-06  1.2728523e-06  4.4412412e-06  2.2638388e+08
    110000   1.1624447e-11  212341.32      113359.26      10120569       5.7141355e-06  1.2726672e-06  4.4414684e-06  2.2639148e+08
    111000   1.1730124e-11  212337.9       113480.2       10108118       5.7141703e-06  1.2727735e-06  4.4413968e-06  2.2639425e+08
    112000   1.1835801e-11  212331.51      113563.81      10099102       5.7142675e-06  1.2730044e-06  4.4412632e-06  2.2639905e+08
    113000   1.1941478e-11  212351.66      113693.29      10088178       5.7142602e-06  1.2725756e-06  4.4416846e-06  2.2640601e+08
    114000   1.2047155e-11  212335.9       113787.69      10077135       5.7142306e-06  1.2728757e-06  4.4413549e-06  2.2639769e+08
    115000   1.2152831e-11  212356.88      113934.19      10064592       5.7142165e-06  1.2724228e-06  4.4417937e-06  2.264061e+08 
    116000   1.2258508e-11  212340.49      114040.25      10052319       5.7142256e-06  1.2727745e-06  4.441451e-06   2.2640043e+08
    117000   1.2364185e-11  212363.12      114160.19      10042600       5.7141719e-06  1.2722476e-06  4.4419243e-06  2.264035e+08 
    118000   1.2469862e-11  212363.04      114282.21      10030379       5.714184e-06   1.2722614e-06  4.4419226e-06  2.2640143e+08
    119000   1.2575539e-11  212359.78      114381.3       10020130       5.714188e-06   1.2723336e-06  4.4418544e-06  2.2640179e+08
    120000   1.2681215e-11  212337.22      114474         10008570       5.7141824e-06  1.2727999e-06  4.4413825e-06  2.2639472e+08
    121000   1.2786892e-11  212341.34      114595.73      9996801.2      5.714219e-06   1.2727502e-06  4.4414688e-06  2.2640041e+08
    122000   1.2892569e-11  212351.69      114713.27      9986082.1      5.714216e-06   1.2725307e-06  4.4416853e-06  2.264037e+08 
    123000   1.2998246e-11  212343.25      114832.17      9973327.4      5.7142036e-06  1.2726948e-06  4.4415088e-06  2.263987e+08 
    124000   1.3103923e-11  212313.57      114917.35      9961800.6      5.7141643e-06  1.2732763e-06  4.440888e-06   2.2638291e+08
    125000   1.3209599e-11  212326.77      115045.33      9950323.4      5.7141447e-06  1.2729807e-06  4.441164e-06   2.2638675e+08
    126000   1.3315276e-11  212350.29      115144.29      9942795.8      5.7141971e-06  1.2725412e-06  4.4416559e-06  2.263994e+08 
    127000   1.3420953e-11  212331.53      115260.99      9929216.9      5.7141661e-06  1.2729026e-06  4.4412635e-06  2.2639104e+08
    128000   1.352663e-11   212328.06      115399.32      9915020.7      5.7141241e-06  1.2729331e-06  4.441191e-06   2.263878e+08 
    129000   1.3632307e-11  212343.34      115537.43      9902740        5.7141513e-06  1.2726408e-06  4.4415105e-06  2.2639553e+08
    130000   1.3737983e-11  212331.61      115639.33      9891353.9      5.7142172e-06  1.272952e-06   4.4412652e-06  2.2639449e+08
    131000   1.384366e-11   212327.77      115750.09      9879878.4      5.7142324e-06  1.2730475e-06  4.4411848e-06  2.2639374e+08
    132000   1.3949337e-11  212366.7       115887.47      9870063.4      5.7142624e-06  1.2722632e-06  4.4419993e-06  2.2640965e+08
    133000   1.4055014e-11  212356.28      115994.41      9858304.8      5.7142518e-06  1.2724706e-06  4.4417812e-06  2.2640471e+08
    134000   1.416069e-11   212333.83      116104.24      9845041.3      5.7142193e-06  1.2729076e-06  4.4413117e-06  2.2639486e+08
    135000   1.4266367e-11  212346.14      116223.89      9834309.1      5.7141971e-06  1.2726279e-06  4.4415692e-06  2.2639848e+08
    136000   1.4372044e-11  212342.05      116376.41      9818628.7      5.714188e-06   1.2727044e-06  4.4414836e-06  2.2639539e+08
    137000   1.4477721e-11  212349.74      116511.33      9805900.6      5.7141472e-06  1.2725028e-06  4.4416444e-06  2.2639585e+08
    138000   1.4583398e-11  212356.83      116638.27      9793910.8      5.7141971e-06  1.2724044e-06  4.4417928e-06  2.2640122e+08
    139000   1.4689074e-11  212353.57      116792.52      9778140.2      5.7141814e-06  1.2724569e-06  4.4417245e-06  2.2640055e+08
    140000   1.4794751e-11  212314.08      116872.73      9766120.5      5.7141227e-06  1.2732241e-06  4.4408986e-06  2.2638222e+08
    141000   1.4900428e-11  212359.26      117019.1       9756036.1      5.7142278e-06  1.2723843e-06  4.4418435e-06  2.2640401e+08
    142000   1.5006105e-11  212366.14      117124.63      9746167.9      5.7141443e-06  1.2721569e-06  4.4419874e-06  2.2640076e+08
    143000   1.5111782e-11  212337.89      117231.51      9732613.5      5.7141137e-06  1.2727171e-06  4.4413966e-06  2.2638977e+08
    144000   1.5217458e-11  212318.47      117333.16      9720474.6      5.7141882e-06  1.2731978e-06  4.4409903e-06  2.2638937e+08
    145000   1.5323135e-11  212315.87      117452.3       9708286.2      5.7142049e-06  1.2732689e-06  4.440936e-06   2.2638964e+08
    146000   1.5428812e-11  212341.1       117602.67      9695785.8      5.7142638e-06  1.2728001e-06  4.4414638e-06  2.2640099e+08
    147000   1.5534489e-11  212313.96      117720.57      9681239.4      5.7141762e-06  1.2732801e-06  4.4408961e-06  2.2638554e+08
    148000   1.5640166e-11  212314.34      117840.67      9669257.1      5.714227e-06   1.273323e-06   4.4409041e-06  2.2638937e+08
    149000   1.5745842e-11  212331.61      117976.02      9657453.3      5.7142634e-06  1.2729982e-06  4.4412652e-06  2.2639896e+08
    150000   1.5851519e-11  212318.43      118074.51      9646261.6      5.7142503e-06  1.2732609e-06  4.4409895e-06  2.2639343e+08
    151000   1.5957196e-11  212344.06      118230.11      9633278.6      5.7142069e-06  1.2726812e-06  4.4415257e-06  2.2639808e+08
    152000   1.6062873e-11  212353.45      118383.25      9618898.5      5.7142152e-06  1.2724932e-06  4.441722e-06   2.263983e+08 
    153000   1.616855e-11   212354.04      118484.93      9608779.5      5.7142328e-06  1.2724985e-06  4.4417343e-06  2.2640028e+08
    154000   1.6274226e-11  212338.53      118613.4       9594352.5      5.7142405e-06  1.2728304e-06  4.4414101e-06  2.2639758e+08
    155000   1.6379903e-11  212334.85      118724.74      9582835.1      5.7141886e-06  1.2728556e-06  4.4413331e-06  2.2639314e+08
    156000   1.648558e-11   212331.89      118846.04      9570393.4      5.7141864e-06  1.2729153e-06  4.4412711e-06  2.2639278e+08
    157000   1.6591257e-11  212314.88      118966.19      9556646.8      5.7142121e-06  1.2732969e-06  4.4409153e-06  2.2638953e+08
    158000   1.6696934e-11  212321.48      119110.31      9542888.5      5.7142355e-06  1.2731822e-06  4.4410533e-06  2.263925e+08 
    159000   1.680261e-11   212329.93      119214.73      9533289.7      5.7142002e-06  1.2729702e-06  4.4412301e-06  2.2639271e+08
    160000   1.6908287e-11  212323.47      119296.65      9524436.7      5.7141451e-06  1.2730501e-06  4.441095e-06   2.2638853e+08
    161000   1.7013964e-11  212327.67      119408.52      9513663.1      5.7141793e-06  1.2729965e-06  4.4411828e-06  2.2639181e+08
    162000   1.7119641e-11  212332.84      119560.73      9498950.3      5.7141863e-06  1.2728954e-06  4.441291e-06   2.2639258e+08
    163000   1.7225318e-11  212346.33      119701.56      9486216.6      5.714112e-06   1.2725389e-06  4.441573e-06   2.2639291e+08
    164000   1.7330994e-11  212341.29      119832.83      9472567.4      5.7141213e-06  1.2726537e-06  4.4414677e-06  2.2639073e+08
    165000   1.7436671e-11  212340.54      119923.9       9463375.4      5.7141028e-06  1.2726509e-06  4.4414519e-06  2.263887e+08 
    166000   1.7542348e-11  212349.32      120065.72      9450066.6      5.7141163e-06  1.2724807e-06  4.4416357e-06  2.2639309e+08
    167000   1.7648025e-11  212332.42      120159.21      9439000.7      5.7141067e-06  1.2728245e-06  4.4412823e-06  2.2638668e+08
    168000   1.7753702e-11  212322.21      120304.43      9423431.7      5.7141152e-06  1.2730467e-06  4.4410686e-06  2.2638395e+08
    169000   1.7859378e-11  212346.61      120434.33      9412895.9      5.7141376e-06  1.2725586e-06  4.441579e-06   2.2639531e+08
    170000   1.7965055e-11  212331.04      120535.78      9401165.8      5.7142115e-06  1.2729583e-06  4.4412532e-06  2.2639338e+08
    171000   1.8070732e-11  212320.79      120645.66      9389131.2      5.7142772e-06  1.2732383e-06  4.4410389e-06  2.2639295e+08
    172000   1.8176409e-11  212320.27      120774         9376231.6      5.7142216e-06  1.2731936e-06  4.441028e-06   2.2639099e+08
    173000   1.8282085e-11  212310.59      120899.37      9362704.6      5.7142279e-06  1.2734023e-06  4.4408256e-06  2.2638836e+08
    174000   1.8387762e-11  212346.34      121040.87      9352154.2      5.7142733e-06  1.2727e-06     4.4415733e-06  2.2640426e+08
    175000   1.8493439e-11  212309.58      121144.63      9338050.8      5.7142748e-06  1.2734704e-06  4.4408044e-06  2.2639092e+08
    176000   1.8599116e-11  212313.51      121257.02      9327198.8      5.7142487e-06  1.2733621e-06  4.4408866e-06  2.2639221e+08
    177000   1.8704793e-11  212321.85      121358.37      9317896.4      5.7142376e-06  1.2731766e-06  4.441061e-06   2.2639469e+08
    178000   1.8810469e-11  212334.96      121554.32      9299607.2      5.7141857e-06  1.2728505e-06  4.4413352e-06  2.2639517e+08
    179000   1.8916146e-11  212333.88      121658.9       9289029.7      5.7140995e-06  1.2727869e-06  4.4413126e-06  2.2638699e+08
    180000   1.9021823e-11  212338.98      121786.09      9276814.8      5.7140883e-06  1.2726688e-06  4.4414195e-06  2.263883e+08 
    181000   1.91275e-11    212319.68      121888.36      9264626.1      5.7142045e-06  1.2731887e-06  4.4410157e-06  2.2639005e+08
    182000   1.9233177e-11  212322.7       122005.54      9253202        5.7141897e-06  1.2731109e-06  4.4410788e-06  2.2639165e+08
    183000   1.9338853e-11  212343.95      122122.42      9243650.2      5.7141623e-06  1.272639e-06   4.4415233e-06  2.2639687e+08
    184000   1.944453e-11   212345.56      122225.72      9233472.8      5.7141675e-06  1.2726104e-06  4.4415571e-06  2.2639631e+08
    185000   1.9550207e-11  212337.44      122333.25      9221887.7      5.714212e-06   1.272825e-06   4.4413871e-06  2.2639742e+08
    186000   1.9655884e-11  212325.16      122414.38      9212524.8      5.7141799e-06  1.2730497e-06  4.4411302e-06  2.2639207e+08
    187000   1.9761561e-11  212318.95      122524.92      9200833.6      5.7142272e-06  1.2732267e-06  4.4410005e-06  2.2639175e+08
    188000   1.9867237e-11  212328.41      122670.58      9187208.9      5.7142226e-06  1.2730243e-06  4.4411983e-06  2.263949e+08 
    189000   1.9972914e-11  212325.64      122808.23      9173149.9      5.7141543e-06  1.2730139e-06  4.4411404e-06  2.2638772e+08
    190000   2.0078591e-11  212363.13      122932.62      9164488.9      5.714172e-06   1.2722476e-06  4.4419244e-06  2.2640255e+08
    191000   2.0184268e-11  212320.69      122992.48      9154206.5      5.7141536e-06  1.2731167e-06  4.4410369e-06  2.2638551e+08
    192000   2.0289945e-11  212316.47      123107.06      9142310.2      5.7141722e-06  1.2732236e-06  4.4409485e-06  2.2638529e+08
    193000   2.0395621e-11  212342.66      123221.4       9133513        5.7140643e-06  1.2725679e-06  4.4414964e-06  2.2638839e+08
    194000   2.0501298e-11  212360.1       123362.04      9121198.2      5.714094e-06   1.2722328e-06  4.4418612e-06  2.2639659e+08
    195000   2.0606975e-11  212359.21      123469.97      9110304.9      5.7141522e-06  1.2723096e-06  4.4418426e-06  2.2640068e+08
    196000   2.0712652e-11  212346.52      123581.79      9097829.3      5.7141401e-06  1.272563e-06   4.4415772e-06  2.2639532e+08
    197000   2.0818329e-11  212368.1       123669.48      9091232.3      5.7141349e-06  1.2721065e-06  4.4420284e-06  2.2640221e+08
    198000   2.0924005e-11  212349.6       123770.23      9079276.4      5.7141162e-06  1.2724748e-06  4.4416414e-06  2.2639379e+08
    199000   2.1029682e-11  212323.09      123850.23      9068589        5.714118e-06   1.273031e-06   4.4410871e-06  2.2638451e+08
    200000   2.1135359e-11  212335.46      123986.67      9056182.6      5.7141353e-06  1.2727895e-06  4.4413458e-06  2.2639204e+08
    201000   2.1241036e-11  212336.52      124104.35      9044509.4      5.7141646e-06  1.2727967e-06  4.4413679e-06  2.2639449e+08
    202000   2.1346713e-11  212338.51      124214.76      9033658.6      5.7142233e-06  1.2728139e-06  4.4414094e-06  2.2639969e+08
    203000   2.1452389e-11  212291.91      124308.9       9019524.6      5.7142308e-06  1.2737959e-06  4.4404349e-06  2.2638287e+08
    204000   2.1558066e-11  212308.42      124433.89      9008681.4      5.7142429e-06  1.2734628e-06  4.4407801e-06  2.2638944e+08
    205000   2.1663743e-11  212335.18      124562.53      8998510.9      5.7142108e-06  1.2728709e-06  4.4413399e-06  2.2639775e+08
    206000   2.176942e-11   212321.97      124643.22      8989098.6      5.714217e-06   1.2731534e-06  4.4410636e-06  2.2639314e+08
    207000   2.1875096e-11  212311.98      124758.31      8976568        5.7142265e-06  1.2733718e-06  4.4408547e-06  2.2638857e+08
    208000   2.1980773e-11  212331.49      124878.05      8966554.3      5.7142228e-06  1.2729601e-06  4.4412627e-06  2.2639465e+08
    209000   2.208645e-11   212333.7       124993.43      8955228.6      5.7141729e-06  1.272864e-06   4.4413089e-06  2.2639307e+08
    210000   2.2192127e-11  212280.31      125061.49      8943018.4      5.7141647e-06  1.2739724e-06  4.4401923e-06  2.263712e+08 
    211000   2.2297804e-11  212340.46      125194.42      8935792.5      5.71415e-06    1.2726997e-06  4.4414503e-06  2.2639216e+08
    212000   2.240348e-11   212319.97      125305.1       8922642.7      5.7141587e-06  1.2731369e-06  4.4410218e-06  2.2638468e+08
    213000   2.2509157e-11  212338.76      125431.49      8911890.3      5.7141994e-06  1.2727847e-06  4.4414148e-06  2.2639461e+08
    214000   2.2614834e-11  212342.68      125605.62      8894856.8      5.7142346e-06  1.2727378e-06  4.4414968e-06  2.2640024e+08
    215000   2.2720511e-11  212316.69      125703.5       8882431.4      5.714217e-06   1.2732639e-06  4.4409531e-06  2.2639038e+08
    216000   2.2826188e-11  212334.33      125847.84      8869766.8      5.7142282e-06  1.2729061e-06  4.4413221e-06  2.2639725e+08
    217000   2.2931864e-11  212324.09      125941.47      8859359.5      5.7142136e-06  1.2731056e-06  4.441108e-06   2.2639276e+08
    218000   2.3037541e-11  212328.25      126057.1       8848204.8      5.7141995e-06  1.2730046e-06  4.4411949e-06  2.2639414e+08
    219000   2.3143218e-11  212327.41      126186.23      8835193.9      5.7142479e-06  1.2730706e-06  4.4411773e-06  2.2639686e+08
    220000   2.3248895e-11  212350.57      126349.28      8821215.1      5.7142579e-06  1.2725961e-06  4.4416618e-06  2.2640474e+08
    221000   2.3354572e-11  212321.99      126448.08      8808435.6      5.7142138e-06  1.2731498e-06  4.441064e-06   2.263898e+08 
    222000   2.3460248e-11  212341.89      126562.74      8798970.6      5.7141617e-06  1.2726814e-06  4.4414802e-06  2.2639387e+08
    223000   2.3565925e-11  212345.36      126685.91      8786991.4      5.71421e-06    1.2726572e-06  4.4415528e-06  2.2639646e+08
    224000   2.3671602e-11  212351.99      126790.29      8777214.1      5.7142079e-06  1.2725163e-06  4.4416915e-06  2.2639879e+08
    225000   2.3777279e-11  212340.28      126917.81      8763264.7      5.7141818e-06  1.2727353e-06  4.4414465e-06  2.2639417e+08
    226000   2.3882956e-11  212334.85      127003.68      8754120.6      5.7141651e-06  1.272832e-06   4.441333e-06   2.2639238e+08
    227000   2.3988632e-11  212334.61      127138.23      8740628.4      5.7140993e-06  1.2727712e-06  4.4413281e-06  2.2638705e+08
    228000   2.4094309e-11  212336.54      127262.37      8728397.2      5.7141162e-06  1.2727478e-06  4.4413684e-06  2.2638815e+08
    229000   2.4199986e-11  212341.85      127348.57      8720304.7      5.7141683e-06  1.2726889e-06  4.4414794e-06  2.2639519e+08
    230000   2.4305663e-11  212331.22      127473.16      8706759.5      5.7142241e-06  1.272967e-06   4.4412571e-06  2.2639524e+08
    231000   2.441134e-11   212325.56      127611.78      8692310.4      5.7141786e-06  1.27304e-06    4.4411386e-06  2.2639123e+08
    232000   2.4517016e-11  212323.38      127723.69      8680888.9      5.71415e-06    1.2730568e-06  4.4410932e-06  2.263892e+08 
    233000   2.4622693e-11  212303.24      127819.71      8669241.1      5.7141692e-06  1.2734975e-06  4.4406718e-06  2.2638189e+08
    234000   2.472837e-11   212312.97      127956.9       8656492.1      5.7141493e-06  1.2732739e-06  4.4408753e-06  2.2638386e+08
    235000   2.4834047e-11  212349.72      128109.96      8644885.8      5.714144e-06   1.2725001e-06  4.4416439e-06  2.2639678e+08
    236000   2.4939724e-11  212340.93      128233.52      8631629.1      5.7141371e-06  1.272677e-06   4.4414601e-06  2.2639188e+08
    237000   2.50454e-11    212355.26      128377.71      8618645.2      5.7141958e-06  1.2724359e-06  4.4417599e-06  2.2639978e+08
    238000   2.5151077e-11  212326.67      128464.83      8607034.3      5.7142048e-06  1.2730428e-06  4.441162e-06   2.2638922e+08
    239000   2.5256754e-11  212320.39      128573.82      8595488.8      5.7141875e-06  1.2731569e-06  4.4410305e-06  2.2638833e+08
    240000   2.5362431e-11  212314.06      128691.98      8583020.9      5.7141395e-06  1.2732414e-06  4.4408981e-06  2.2638428e+08
    241000   2.5468108e-11  212321.62      128813         8571671.6      5.7141553e-06  1.273099e-06   4.4410563e-06  2.2638696e+08
    242000   2.5573784e-11  212317.74      128918.21      8560748.2      5.71419e-06    1.2732148e-06  4.4409752e-06  2.2638743e+08
    243000   2.5679461e-11  212319.88      129022.6       8550514.8      5.7141967e-06  1.2731768e-06  4.4410198e-06  2.2638922e+08
    244000   2.5785138e-11  212343.76      129141.14      8541063.8      5.7142118e-06  1.2726924e-06  4.4415193e-06  2.2639839e+08
    245000   2.5890815e-11  212349.7       129252.4       8530527.3      5.7141834e-06  1.2725398e-06  4.4416437e-06  2.2639767e+08
    246000   2.5996491e-11  212353.73      129381.02      8518059.6      5.7141488e-06  1.2724209e-06  4.4417279e-06  2.2639683e+08
    247000   2.6102168e-11  212354.29      129507.37      8505468.5      5.7141376e-06  1.272398e-06   4.4417396e-06  2.2639578e+08
    248000   2.6207845e-11  212338.03      129596.85      8494867.9      5.7141203e-06  1.2727208e-06  4.4413995e-06  2.2638809e+08
    249000   2.6313522e-11  212345.87      129735.43      8481788.4      5.7141299e-06  1.2725664e-06  4.4415635e-06  2.2639433e+08
    250000   2.6419199e-11  212310.22      129803.21      8471400        5.7141725e-06  1.2733547e-06  4.4408177e-06  2.2638525e+08
    251000   2.6524875e-11  212324.32      129905.11      8462625.3      5.7142508e-06  1.273138e-06   4.4411128e-06  2.2639571e+08
    252000   2.6630552e-11  212317.03      130006.19      8451770.1      5.7142285e-06  1.2732682e-06  4.4409603e-06  2.2639106e+08
    253000   2.6736229e-11  212337.93      130165.56      8437931.4      5.7142365e-06  1.272839e-06   4.4413975e-06  2.2639955e+08
    254000   2.6841906e-11  212331.03      130285.64      8425213.6      5.7142078e-06  1.2729546e-06  4.4412532e-06  2.2639538e+08
    255000   2.6947583e-11  212308.14      130372.06      8414248.5      5.7141817e-06  1.2734073e-06  4.4407744e-06  2.2638418e+08
    256000   2.7053259e-11  212311.6       130464.26      8405368.6      5.7140972e-06  1.2732506e-06  4.4408466e-06  2.2637965e+08
    257000   2.7158936e-11  212311         130568.75      8394849.3      5.7141239e-06  1.2732897e-06  4.4408342e-06  2.2638227e+08
    258000   2.7264613e-11  212299.88      130680.46      8382542.7      5.7141759e-06  1.2735744e-06  4.4406015e-06  2.2638228e+08
    259000   2.737029e-11   212306.64      130807.95      8370465.1      5.7141623e-06  1.2734193e-06  4.440743e-06   2.2638505e+08
    260000   2.7475967e-11  212280.15      130898.43      8358729.3      5.7141193e-06  1.2739305e-06  4.4401888e-06  2.2637223e+08
    261000   2.7581643e-11  212344.14      131044.24      8350603.6      5.7140834e-06  1.2725561e-06  4.4415273e-06  2.2639185e+08
    262000   2.768732e-11   212331.56      131157.05      8338039.3      5.7140931e-06  1.272829e-06   4.4412642e-06  2.2638419e+08
    263000   2.7792997e-11  212357.89      131306.04      8325787.6      5.7140973e-06  1.2722823e-06  4.4418149e-06  2.2639495e+08
    264000   2.7898674e-11  212335         131415.95      8312471.3      5.7141613e-06  1.2728253e-06  4.441336e-06   2.2639109e+08
    265000   2.8004351e-11  212296.72      131503.17      8299871        5.7142184e-06  1.273683e-06   4.4405354e-06  2.263826e+08 
    266000   2.8110027e-11  212289.59      131595.45      8289913.2      5.7142597e-06  1.2738733e-06  4.4403864e-06  2.2638538e+08
    267000   2.8215704e-11  212294.49      131709.5       8278991.7      5.7142984e-06  1.2738097e-06  4.4404887e-06  2.2639043e+08
    268000   2.8321381e-11  212319.28      131840.16      8268418.9      5.7142687e-06  1.2732614e-06  4.4410072e-06  2.2639651e+08
    269000   2.8427058e-11  212300.49      131926.38      8257888.7      5.7141945e-06  1.2735803e-06  4.4406142e-06  2.2638331e+08
    270000   2.8532735e-11  212332.74      132046.68      8249107.6      5.7141616e-06  1.2728727e-06  4.4412889e-06  2.2639272e+08
    271000   2.8638411e-11  212347.67      132144.93      8240781.4      5.7141724e-06  1.2725713e-06  4.4416011e-06  2.2639772e+08
    272000   2.8744088e-11  212330.8       132243.97      8229162.9      5.7141921e-06  1.2729438e-06  4.4412483e-06  2.263925e+08 
    273000   2.8849765e-11  212312.93      132343.69      8217374.1      5.7141822e-06  1.2733078e-06  4.4408744e-06  2.2638541e+08
    274000   2.8955442e-11  212312.81      132438.19      8207902.7      5.7141919e-06  1.27332e-06    4.4408719e-06  2.263862e+08 
    275000   2.9061119e-11  212318.74      132562.13      8196095.7      5.714174e-06   1.2731779e-06  4.440996e-06   2.2638812e+08
    276000   2.9166795e-11  212324.13      132650.27      8187818.1      5.7141549e-06  1.2730461e-06  4.4411088e-06  2.2638799e+08
    277000   2.9272472e-11  212358.94      132795.9       8176760.1      5.7141597e-06  1.2723229e-06  4.4418368e-06  2.2640001e+08
    278000   2.9378149e-11  212323.26      132863.77      8166358.4      5.7141724e-06  1.2730819e-06  4.4410905e-06  2.2638762e+08
    279000   2.9483826e-11  212330.51      132952.92      8158168.2      5.714197e-06   1.2729548e-06  4.4412423e-06  2.2639451e+08
    280000   2.9589503e-11  212303.98      133039.99      8146769.9      5.7141717e-06  1.2734844e-06  4.4406873e-06  2.2638341e+08
    281000   2.9695179e-11  212328.58      133173.76      8135867.1      5.7142372e-06  1.2730353e-06  4.4412019e-06  2.26395e+08  
    282000   2.9800856e-11  212340.14      133270.09      8127394.1      5.7142224e-06  1.2727787e-06  4.4414437e-06  2.2639712e+08
    283000   2.9906533e-11  212299.62      133369.19      8113376.6      5.7141897e-06  1.2735937e-06  4.440596e-06   2.263808e+08 
    284000   3.001221e-11   212309.78      133478.13      8103499.9      5.7142153e-06  1.2734067e-06  4.4408086e-06  2.2638845e+08
    285000   3.0117886e-11  212318.94      133600.56      8092170.7      5.7142097e-06  1.2732095e-06  4.4410002e-06  2.2639037e+08
    286000   3.0223563e-11  212336.72      133754.01      8078608.1      5.7141741e-06  1.272802e-06   4.4413721e-06  2.2639252e+08
    287000   3.032924e-11   212340.06      133860.75      8068260.3      5.7141432e-06  1.2727013e-06  4.4414419e-06  2.2639076e+08
    288000   3.0434917e-11  212328.87      133962.95      8056899.9      5.7141554e-06  1.2729474e-06  4.4412079e-06  2.2638655e+08
    289000   3.0540594e-11  212324.91      134078.88      8044894.8      5.7141421e-06  1.2730169e-06  4.4411252e-06  2.2638551e+08
    290000   3.064627e-11   212330.33      134201.06      8033211.9      5.7141629e-06  1.2729245e-06  4.4412384e-06  2.2639149e+08
    291000   3.0751947e-11  212312.26      134296.9       8021792.2      5.7141841e-06  1.2733235e-06  4.4408605e-06  2.2638643e+08
    292000   3.0857624e-11  212335.41      134434.68      8010340.5      5.7142446e-06  1.2729e-06     4.4413447e-06  2.2639843e+08
    293000   3.0963301e-11  212328.45      134556.08      7997485.4      5.7142437e-06  1.2730446e-06  4.4411991e-06  2.2639494e+08
    294000   3.1068978e-11  212313.96      134648.13      7986805.7      5.7142411e-06  1.2733452e-06  4.440896e-06   2.2639009e+08
    295000   3.1174654e-11  212314.16      134778.96      7973730.3      5.7141924e-06  1.2732921e-06  4.4409003e-06  2.2638685e+08
    296000   3.1280331e-11  212330.32      134889.44      7964305.4      5.7142326e-06  1.2729943e-06  4.4412383e-06  2.2639529e+08
    297000   3.1386008e-11  212322.46      134990.88      7953357        5.7141987e-06  1.2731248e-06  4.4410739e-06  2.2639079e+08
    298000   3.1491685e-11  212305.95      135114.54      7939309.3      5.7142187e-06  1.2734901e-06  4.4407285e-06  2.2638613e+08
    299000   3.1597362e-11  212304.81      135233.24      7927312.5      5.714239e-06   1.2735343e-06  4.4407047e-06  2.263879e+08 
    300000   3.1703038e-11  212291.84      135318.47      7917468.7      5.7142292e-06  1.2737959e-06  4.4404333e-06  2.2638328e+08
    301000   3.1808715e-11  212318.75      135439.15      7908110.6      5.7141811e-06  1.2731848e-06  4.4409963e-06  2.2639025e+08
    302000   3.1914392e-11  212325.9       135560.37      7896698.1      5.7141718e-06  1.2730262e-06  4.4411457e-06  2.2639149e+08
    303000   3.2020069e-11  212311.97      135674.61      7883855.8      5.7141581e-06  1.2733036e-06  4.4408545e-06  2.263851e+08 
    304000   3.2125746e-11  212322.41      135805.66      7871792        5.7141976e-06  1.2731249e-06  4.4410727e-06  2.263896e+08 
    305000   3.2231422e-11  212349.09      135912.98      7863747.5      5.7141918e-06  1.2725609e-06  4.4416309e-06  2.2639796e+08
    306000   3.2337099e-11  212338.49      136016.93      7852270.5      5.714167e-06   1.272758e-06   4.441409e-06   2.2639212e+08
    307000   3.2442776e-11  212346.14      136120.53      7842673.3      5.7141747e-06  1.2726055e-06  4.4415691e-06  2.2639556e+08
    308000   3.2548453e-11  212352.58      136198.53      7835517.5      5.7141574e-06  1.2724536e-06  4.4417039e-06  2.2639757e+08
    309000   3.265413e-11   212313.52      136239.44      7827472.4      5.7141737e-06  1.2732869e-06  4.4408868e-06  2.2638428e+08
    310000   3.2759806e-11  212321.25      136327.04      7819486        5.7141203e-06  1.2730717e-06  4.4410486e-06  2.2638448e+08
    311000   3.2865483e-11  212329.05      136442.84      7808683.3      5.714159e-06   1.2729473e-06  4.4412118e-06  2.2638918e+08
    312000   3.297116e-11   212327.42      136560.07      7796783.6      5.7142141e-06  1.2730365e-06  4.4411776e-06  2.2639237e+08
    313000   3.3076837e-11  212310.75      136654.88      7785607.8      5.7142512e-06  1.2734223e-06  4.4408289e-06  2.2638949e+08
    314000   3.3182514e-11  212310.15      136768.12      7774211.1      5.7142225e-06  1.2734062e-06  4.4408163e-06  2.2638744e+08
    315000   3.328819e-11   212317.63      136860.71      7765699.7      5.7141858e-06  1.2732131e-06  4.4409727e-06  2.2638827e+08
    316000   3.3393867e-11  212311         136938.21      7757271.8      5.7142413e-06  1.2734072e-06  4.4408341e-06  2.2638871e+08
    317000   3.3499544e-11  212311.36      137043.31      7746787        5.7142325e-06  1.2733909e-06  4.4408416e-06  2.2638754e+08
    318000   3.3605221e-11  212322.83      137179.41      7734324.4      5.7142763e-06  1.2731946e-06  4.4410817e-06  2.2639462e+08
    319000   3.3710897e-11  212331.86      137264.02      7726766.8      5.7142741e-06  1.2730037e-06  4.4412704e-06  2.2640036e+08
    320000   3.3816574e-11  212287.66      137310.57      7717639.3      5.7142721e-06  1.2739262e-06  4.4403459e-06  2.2638445e+08
    321000   3.3922251e-11  212300.33      137426.84      7707281.7      5.7142639e-06  1.2736531e-06  4.4406108e-06  2.2638746e+08
    322000   3.4027928e-11  212328.77      137536.42      7699187.8      5.7142247e-06  1.2730189e-06  4.4412058e-06  2.2639359e+08
    323000   3.4133605e-11  212344.64      137626.03      7691822.7      5.7141651e-06  1.2726273e-06  4.4415378e-06  2.263945e+08 
    324000   3.4239281e-11  212332.43      137704.56      7682726.9      5.7141631e-06  1.2728808e-06  4.4412823e-06  2.2639043e+08
    325000   3.4344958e-11  212327.12      137816.35      7671001.4      5.7142218e-06  1.2730504e-06  4.4411714e-06  2.2639371e+08
    326000   3.4450635e-11  212341.87      137932.5       7660865.6      5.7142789e-06  1.272799e-06   4.4414799e-06  2.2640379e+08
    327000   3.4556312e-11  212312.2       138008.64      7650244.3      5.7143005e-06  1.2734413e-06  4.4408592e-06  2.2639422e+08
    328000   3.4661989e-11  212287.25      138077.83      7640795.2      5.7142924e-06  1.2739551e-06  4.4403373e-06  2.2638445e+08
    329000   3.4767665e-11  212309.65      138194.92      7631340        5.7142726e-06  1.2734666e-06  4.440806e-06   2.2639337e+08
    330000   3.4873342e-11  212292.38      138283.62      7620714.9      5.7142788e-06  1.2738341e-06  4.4404447e-06  2.2638764e+08
    331000   3.4979019e-11  212293.16      138434.54      7605687.6      5.7141919e-06  1.2737308e-06  4.4404611e-06  2.2638042e+08
    332000   3.5084696e-11  212318.54      138572.56      7594437.6      5.7141737e-06  1.2731819e-06  4.4409919e-06  2.2638613e+08
    333000   3.5190373e-11  212333.31      138694.43      7583731.4      5.7141671e-06  1.2728662e-06  4.4413009e-06  2.2639234e+08
    334000   3.5296049e-11  212309.09      138800.4       7570675.6      5.7141319e-06  1.2733376e-06  4.4407943e-06  2.2638228e+08
    335000   3.5401726e-11  212321.16      138923.25      7559598.6      5.7141431e-06  1.2730964e-06  4.4410466e-06  2.2638873e+08
    336000   3.5507403e-11  212297.47      139020.52      7547466.4      5.7141262e-06  1.2735751e-06  4.4405511e-06  2.2637841e+08
    337000   3.561308e-11   212299.94      139109.85      7538774.3      5.7141329e-06  1.2735302e-06  4.4406027e-06  2.2637836e+08
    338000   3.5718757e-11  212316.21      139214.16      7529978.4      5.7142262e-06  1.273283e-06   4.4409431e-06  2.2638872e+08
    339000   3.5824433e-11  212325.03      139366.4       7515631.3      5.7141537e-06  1.273026e-06   4.4411277e-06  2.2638775e+08
    340000   3.593011e-11   212310.8       139468.62      7503959.8      5.7140874e-06  1.2732574e-06  4.44083e-06    2.2637778e+08
    341000   3.6035787e-11  212336.71      139609.75      7492452.3      5.7141211e-06  1.2727493e-06  4.4413718e-06  2.2638987e+08
    342000   3.6141464e-11  212352.01      139723.25      7482638.4      5.7141872e-06  1.2724953e-06  4.4416919e-06  2.2639891e+08
    343000   3.6247141e-11  212354.44      139840.9       7471107.1      5.7141855e-06  1.2724427e-06  4.4417428e-06  2.2640035e+08
    344000   3.6352817e-11  212330.41      139921.91      7460568.5      5.7141837e-06  1.2729436e-06  4.4412401e-06  2.2639385e+08
    345000   3.6458494e-11  212316.15      140024.99      7448808.5      5.7141587e-06  1.2732168e-06  4.4409419e-06  2.2638686e+08
    346000   3.6564171e-11  212307.67      140126.6       7437780.8      5.7141673e-06  1.2734028e-06  4.4407645e-06  2.263842e+08 
    347000   3.6669848e-11  212330.31      140251.89      7427528.4      5.7141582e-06  1.2729201e-06  4.4412381e-06  2.2639171e+08
    348000   3.6775525e-11  212343.93      140386.34      7415446.9      5.7141655e-06  1.2726426e-06  4.441523e-06   2.2639574e+08
    349000   3.6881201e-11  212340.48      140475.63      7406160.3      5.7141485e-06  1.2726978e-06  4.4414508e-06  2.2639165e+08
    350000   3.6986878e-11  212314.28      140556.96      7395370.2      5.7141593e-06  1.2732565e-06  4.4409028e-06  2.2638247e+08
    351000   3.7092555e-11  212342.39      140650.69      7388829.5      5.7141386e-06  1.2726479e-06  4.4414907e-06  2.2639368e+08
    352000   3.7198232e-11  212328.55      140752.26      7377262.9      5.7141727e-06  1.2729716e-06  4.4412011e-06  2.2639075e+08
    353000   3.7303909e-11  212306.71      140867.44      7363526.4      5.7141445e-06  1.2734e-06     4.4407445e-06  2.2638178e+08
    354000   3.7409585e-11  212289.63      140977.17      7350815.2      5.7142275e-06  1.2738403e-06  4.4403872e-06  2.2638178e+08
    355000   3.7515262e-11  212307.11      141093.12      7340976        5.7142584e-06  1.2735057e-06  4.4407528e-06  2.2639129e+08
    356000   3.7620939e-11  212316.82      141200.48      7331210.1      5.7142165e-06  1.2732607e-06  4.4409558e-06  2.2639227e+08
    357000   3.7726616e-11  212336.75      141318.76      7321386.3      5.7142267e-06  1.272854e-06   4.4413727e-06  2.2639876e+08
    358000   3.7832292e-11  212313.7       141391.34      7311790.5      5.7141065e-06  1.273216e-06   4.4408905e-06  2.2638137e+08
    359000   3.7937969e-11  212290.85      141464.75      7302131.9      5.7141192e-06  1.2737066e-06  4.4404126e-06  2.2637369e+08
    360000   3.8043646e-11  212307.72      141574.17      7292885        5.7141561e-06  1.2733905e-06  4.4407656e-06  2.2638257e+08
    361000   3.8149323e-11  212314.13      141685.27      7282411.4      5.7141686e-06  1.273269e-06   4.4408996e-06  2.2638475e+08
    362000   3.8255e-11     212341.8       141828.54      7270867.7      5.7141692e-06  1.2726909e-06  4.4414783e-06  2.2639385e+08
    363000   3.8360676e-11  212318.09      141915.68      7259748.2      5.714231e-06   1.2732486e-06  4.4409824e-06  2.2638814e+08
    364000   3.8466353e-11  212322.7       142042.87      7247483        5.7142111e-06  1.2731322e-06  4.4410789e-06  2.2638951e+08
    365000   3.857203e-11   212318.95      142138.2       7237561        5.7141633e-06  1.2731629e-06  4.4410004e-06  2.2638529e+08
    366000   3.8677707e-11  212320.94      142250.93      7226479.1      5.7141722e-06  1.2731301e-06  4.4410421e-06  2.2638734e+08
    367000   3.8783384e-11  212326.54      142345.59      7217568.9      5.7141633e-06  1.2730042e-06  4.4411591e-06  2.2638909e+08
    368000   3.888906e-11   212334.5       142473.08      7205612.6      5.7141996e-06  1.2728738e-06  4.4413258e-06  2.2639445e+08
    369000   3.8994737e-11  212315.56      142580.28      7192966.7      5.7141267e-06  1.2731971e-06  4.4409296e-06  2.2638341e+08
    370000   3.9100414e-11  212314.17      142682.54      7182590.4      5.7140967e-06  1.2731961e-06  4.4409005e-06  2.2638221e+08
    371000   3.9206091e-11  212305.81      142784.41      7171547.7      5.7141618e-06  1.2734362e-06  4.4407256e-06  2.2638262e+08
    372000   3.9311768e-11  212322.32      142897.28      7161919.4      5.7141855e-06  1.2731146e-06  4.4410709e-06  2.2639104e+08
    373000   3.9417444e-11  212319.28      142991.8       7152150        5.7142662e-06  1.273259e-06   4.4410073e-06  2.2639408e+08
    374000   3.9523121e-11  212321.44      143108.31      7140706.7      5.7142202e-06  1.2731676e-06  4.4410526e-06  2.263911e+08 
    375000   3.9628798e-11  212330.44      143229.6       7129474.8      5.7142224e-06  1.2729817e-06  4.4412407e-06  2.263948e+08 
    376000   3.9734475e-11  212315.72      143325.57      7118380.4      5.714249e-06   1.2733161e-06  4.4409329e-06  2.2639057e+08
    377000   3.9840152e-11  212311.89      143428.49      7107690.1      5.7141895e-06  1.2733368e-06  4.4408527e-06  2.2638577e+08
    378000   3.9945828e-11  212325.84      143541         7097838.6      5.7141595e-06  1.273015e-06   4.4411445e-06  2.2638842e+08
    379000   4.0051505e-11  212320.01      143641.69      7087170.6      5.7141697e-06  1.2731472e-06  4.4410225e-06  2.2638749e+08
    380000   4.0157182e-11  212317.51      143729.01      7078176.9      5.7142134e-06  1.2732432e-06  4.4409702e-06  2.2638985e+08
    381000   4.0262859e-11  212326.84      143848.37      7067171.7      5.7142439e-06  1.2730786e-06  4.4411654e-06  2.2639404e+08
    382000   4.0368536e-11  212318.97      143960.42      7055161.1      5.7141811e-06  1.2731802e-06  4.4410009e-06  2.2638801e+08
    383000   4.0474212e-11  212296.37      144059.49      7042958.6      5.7142042e-06  1.2736762e-06  4.440528e-06   2.2638244e+08
    384000   4.0579889e-11  212297.53      144147.74      7034242.6      5.7141835e-06  1.273631e-06   4.4405524e-06  2.2638184e+08
    385000   4.0685566e-11  212302.1       144262.21      7023246.4      5.7142465e-06  1.2735985e-06  4.4406479e-06  2.26387e+08  
    386000   4.0791243e-11  212322.56      144391.52      7012370.4      5.7142332e-06  1.2731574e-06  4.4410758e-06  2.2639411e+08
    387000   4.089692e-11   212312.7       144459.2       7004599.5      5.7142339e-06  1.2733641e-06  4.4408697e-06  2.2639041e+08
    388000   4.1002596e-11  212305.41      144545.68      6995205.7      5.7142041e-06  1.2734868e-06  4.4407172e-06  2.2638727e+08
    389000   4.1108273e-11  212278.76      144625.55      6984517.1      5.7143094e-06  1.2741496e-06  4.4401598e-06  2.2638428e+08
    390000   4.121395e-11   212287.25      144768.39      6971076.6      5.7142271e-06  1.2738898e-06  4.4403374e-06  2.2638344e+08
    391000   4.1319627e-11  212285.66      144870.11      6960734.2      5.7141766e-06  1.2738725e-06  4.4403041e-06  2.2637886e+08
    392000   4.1425304e-11  212290.74      144986.41      6949606.2      5.714148e-06   1.2737376e-06  4.4404104e-06  2.2637668e+08
    393000   4.153098e-11   212305.18      145095.39      6940156.6      5.7141934e-06  1.2734811e-06  4.4407123e-06  2.2638322e+08
    394000   4.1636657e-11  212307.84      145218.34      6928118.7      5.7141585e-06  1.2733905e-06  4.440768e-06   2.2638294e+08
    395000   4.1742334e-11  212301.64      145317.07      6917609.5      5.714163e-06   1.2735247e-06  4.4406383e-06  2.2638166e+08
    396000   4.1848011e-11  212302.32      145423.61      6907013.5      5.7142467e-06  1.2735941e-06  4.4406526e-06  2.2638746e+08
    397000   4.1953687e-11  212298.59      145501.05      6898885.3      5.7142138e-06  1.2736391e-06  4.4405746e-06  2.2638454e+08
    398000   4.2059364e-11  212329.14      145630.94      6888971.6      5.7142299e-06  1.2730163e-06  4.4412136e-06  2.2639692e+08
    399000   4.2165041e-11  212295.96      145718.87      6876814.6      5.714224e-06   1.2737045e-06  4.4405195e-06  2.2638194e+08
    400000   4.2270718e-11  212328.4       145844.81      6867488.2      5.7141583e-06  1.2729602e-06  4.4411981e-06  2.2638903e+08
    401000   4.2376395e-11  212325.72      145927         6858991        5.7142232e-06  1.2730811e-06  4.4411421e-06  2.2639264e+08
    402000   4.2482071e-11  212301.32      146003.23      6848892.4      5.7142791e-06  1.2736475e-06  4.4406316e-06  2.2638828e+08
    403000   4.2587748e-11  212318.95      146103.92      6840596.6      5.7142808e-06  1.2732804e-06  4.4410004e-06  2.2639624e+08
    404000   4.2693425e-11  212331.71      146243.32      6827932        5.7142674e-06  1.2730001e-06  4.4412673e-06  2.2639827e+08
    405000   4.2799102e-11  212351.85      146371.06      6817181.5      5.7142418e-06  1.2725533e-06  4.4416885e-06  2.2640272e+08
    406000   4.2904779e-11  212319.5       146468.65      6804142.6      5.7142094e-06  1.2731975e-06  4.4410119e-06  2.2638989e+08
    407000   4.3010455e-11  212316         146584.51      6792191.1      5.7142142e-06  1.2732755e-06  4.4409386e-06  2.263897e+08 
    408000   4.3116132e-11  212314.11      146692.9       6781150.7      5.7141757e-06  1.2732765e-06  4.4408992e-06  2.2638601e+08
    409000   4.3221809e-11  212316.46      146797.09      6770959        5.7142314e-06  1.2732831e-06  4.4409483e-06  2.2639114e+08
    410000   4.3327486e-11  212297.41      146863.18      6762417.5      5.7141997e-06  1.2736497e-06  4.4405499e-06  2.2638274e+08
    411000   4.3433163e-11  212323.05      146997.25      6751589.6      5.7140816e-06  1.2729955e-06  4.4410862e-06  2.2638332e+08
    412000   4.3538839e-11  212349.9       147124.43      6741572.8      5.7141091e-06  1.2724614e-06  4.4416477e-06  2.2639195e+08
    413000   4.3644516e-11  212346.65      147247.67      6728908.6      5.7141111e-06  1.2725312e-06  4.4415799e-06  2.2639087e+08
    414000   4.3750193e-11  212323.26      147326.57      6718645.3      5.7141348e-06  1.2730443e-06  4.4410905e-06  2.2638644e+08
    415000   4.385587e-11   212296.73      147403.95      6708218        5.7141474e-06  1.2736118e-06  4.4405356e-06  2.2638008e+08
    416000   4.3961547e-11  212306.72      147505.7       6699043.1      5.714234e-06   1.2734895e-06  4.4407445e-06  2.2638827e+08
    417000   4.4067223e-11  212318.73      147636.37      6687177.5      5.7142463e-06  1.2732505e-06  4.4409958e-06  2.2639241e+08
    418000   4.41729e-11    212309.63      147722.63      6677622.3      5.714181e-06   1.2733755e-06  4.4408055e-06  2.2638501e+08
    419000   4.4278577e-11  212306.36      147837.74      6665769.4      5.7141747e-06  1.2734378e-06  4.440737e-06   2.263823e+08 
    420000   4.4384254e-11  212323.55      147944.34      6656837.1      5.7141954e-06  1.2730987e-06  4.4410967e-06  2.2638952e+08
    421000   4.4489931e-11  212329.74      148066.83      6645201.1      5.7142383e-06  1.2730123e-06  4.441226e-06   2.2639538e+08
    422000   4.4595607e-11  212305.34      148127.64      6636647.8      5.7142534e-06  1.2735377e-06  4.4407157e-06  2.2638961e+08
    423000   4.4701284e-11  212307.86      148195.05      6630155        5.7142691e-06  1.2735007e-06  4.4407684e-06  2.2639369e+08
    424000   4.4806961e-11  212306.16      148273.99      6622080.9      5.7142528e-06  1.2735199e-06  4.4407329e-06  2.2639134e+08
    425000   4.4912638e-11  212287.67      148358.27      6611776.4      5.7142441e-06  1.2738979e-06  4.4403462e-06  2.2637998e+08
    426000   4.5018315e-11  212318.15      148458.89      6604784.3      5.7141155e-06  1.2731319e-06  4.4409836e-06  2.2638201e+08
    427000   4.5123991e-11  212305.1       148578.82      6591460.7      5.7141568e-06  1.2734462e-06  4.4407106e-06  2.2638011e+08
    428000   4.5229668e-11  212290.39      148672.57      6580590.2      5.7141753e-06  1.2737722e-06  4.4404031e-06  2.2637792e+08
    429000   4.5335345e-11  212286.06      148782.94      6569104.3      5.7142149e-06  1.2739023e-06  4.4403126e-06  2.2638033e+08
    430000   4.5441022e-11  212318.75      148911.51      6559539.2      5.7142237e-06  1.2732275e-06  4.4409962e-06  2.2639242e+08
    431000   4.5546699e-11  212312.5       149018.9       6548157.6      5.714227e-06   1.2733615e-06  4.4408655e-06  2.2638896e+08
    432000   4.5652375e-11  212309.87      149086.24      6541150        5.7142165e-06  1.2734061e-06  4.4408104e-06  2.2638819e+08
    433000   4.5758052e-11  212312.61      149194.05      6530635.5      5.7141984e-06  1.2733307e-06  4.4408677e-06  2.263878e+08 
    434000   4.5863729e-11  212338.57      149303.28      6522327.7      5.7141518e-06  1.2727409e-06  4.4414109e-06  2.2639217e+08
    435000   4.5969406e-11  212360.9       149396.49      6515254.5      5.7141494e-06  1.2722714e-06  4.4418779e-06  2.2639736e+08
    436000   4.6075082e-11  212364.17      149474.09      6507817.1      5.71412e-06    1.2721737e-06  4.4419463e-06  2.263962e+08 
    437000   4.6180759e-11  212344.78      149566.17      6496639.6      5.714164e-06   1.2726233e-06  4.4415408e-06  2.2639331e+08
    438000   4.6286436e-11  212328.44      149649.5       6486645.9      5.7141367e-06  1.2729379e-06  4.4411989e-06  2.2638814e+08
    439000   4.6392113e-11  212311.1       149726.77      6477158.3      5.714127e-06   1.2732907e-06  4.4408362e-06  2.2638254e+08
    440000   4.649779e-11   212305.23      149823.6       6466873.1      5.7141252e-06  1.2734118e-06  4.4407134e-06  2.2637981e+08
    441000   4.6603466e-11  212299.54      149908.44      6457805.4      5.7141587e-06  1.2735643e-06  4.4405945e-06  2.2637955e+08
    442000   4.6709143e-11  212311.32      150036.13      6446214.5      5.7141211e-06  1.2732803e-06  4.4408409e-06  2.2638274e+08
    443000   4.681482e-11   212308.71      150123.53      6437201.7      5.7141708e-06  1.2733846e-06  4.4407862e-06  2.2638433e+08
    444000   4.6920497e-11  212290.96      150192.24      6428528.5      5.7142269e-06  1.2738121e-06  4.4404149e-06  2.2638078e+08
    445000   4.7026174e-11  212310.24      150287.97      6420895.6      5.7141922e-06  1.2733741e-06  4.4408182e-06  2.2638412e+08
    446000   4.713185e-11   212343.18      150434.09      6409600.7      5.7141458e-06  1.2726385e-06  4.4415073e-06  2.2639168e+08
    447000   4.7237527e-11  212334.89      150540.78      6398081.5      5.714127e-06   1.2727932e-06  4.4413338e-06  2.2638678e+08
    448000   4.7343204e-11  212348.91      150686.99      6384864.3      5.7141909e-06  1.2725638e-06  4.4416271e-06  2.2639862e+08
    449000   4.7448881e-11  212326.99      150766.25      6374713.7      5.7142605e-06  1.273092e-06   4.4411685e-06  2.2639708e+08
    450000   4.7554558e-11  212312.38      150860.75      6363777.5      5.7142461e-06  1.2733832e-06  4.440863e-06   2.2639241e+08
    451000   4.7660234e-11  212295.43      150922.64      6355869.1      5.7142762e-06  1.2737678e-06  4.4405084e-06  2.2638842e+08
    452000   4.7765911e-11  212277.88      151034.64      6342883.9      5.714316e-06   1.2741746e-06  4.4401414e-06  2.2638392e+08
    453000   4.7871588e-11  212304.29      151140.85      6334922        5.7143005e-06  1.2736068e-06  4.4406938e-06  2.2639204e+08
    454000   4.7977265e-11  212307.9       151237.49      6325613.8      5.714294e-06   1.2735247e-06  4.4407693e-06  2.2639265e+08
    455000   4.8082942e-11  212298.97      151356.76      6312771.5      5.7142014e-06  1.2736189e-06  4.4405825e-06  2.2638442e+08
    456000   4.8188618e-11  212308.39      151488.36      6300551.6      5.7141881e-06  1.2734086e-06  4.4407795e-06  2.2638563e+08
    457000   4.8294295e-11  212331.73      151598.95      6291841.2      5.7142274e-06  1.2729597e-06  4.4412677e-06  2.2639393e+08
    458000   4.8399972e-11  212346.54      151712.45      6281977.1      5.7141449e-06  1.2725674e-06  4.4415775e-06  2.2639483e+08
    459000   4.8505649e-11  212310.18      151759.25      6273616.4      5.7142e-06     1.2733831e-06  4.4408169e-06  2.2638633e+08
    460000   4.8611326e-11  212304.42      151867.02      6262245.7      5.7142343e-06  1.2735379e-06  4.4406964e-06  2.263882e+08 
    461000   4.8717002e-11  212308.28      151995.97      6249729.2      5.7141995e-06  1.2734222e-06  4.4407773e-06  2.2638669e+08
    462000   4.8822679e-11  212318.78      152123.7       6238005.1      5.7141331e-06  1.2731362e-06  4.4409969e-06  2.2638426e+08
    463000   4.8928356e-11  212336.93      152235.76      6228622.3      5.7141845e-06  1.2728079e-06  4.4413766e-06  2.2639357e+08
    464000   4.9034033e-11  212308.28      152304.66      6218829.4      5.7141074e-06  1.2733301e-06  4.4407772e-06  2.2637845e+08
    465000   4.913971e-11   212310.26      152391.99      6210287.2      5.7140846e-06  1.273266e-06   4.4408186e-06  2.2637768e+08
    466000   4.9245386e-11  212327.58      152473.88      6203841.9      5.7140841e-06  1.2729031e-06  4.441181e-06   2.2638375e+08
    467000   4.9351063e-11  212331.8       152555.83      6196065.1      5.7141132e-06  1.272844e-06   4.4412692e-06  2.2638746e+08
    468000   4.945674e-11   212285.24      152613.34      6185601.3      5.7141092e-06  1.2738139e-06  4.4402953e-06  2.2637055e+08
    469000   4.9562417e-11  212319.59      152715.28      6178869.1      5.7141625e-06  1.2731488e-06  4.4410137e-06  2.2638761e+08
    470000   4.9668093e-11  212311.84      152831.61      6166441.9      5.7141397e-06  1.2732879e-06  4.4408518e-06  2.2638122e+08
    471000   4.977377e-11   212319.75      152925.46      6157847        5.7141497e-06  1.2731327e-06  4.4410171e-06  2.263824e+08 
    472000   4.9879447e-11  212320.41      153033.21      6147128        5.7141807e-06  1.2731497e-06  4.441031e-06   2.2638608e+08
    473000   4.9985124e-11  212327.59      153106.66      6140501.3      5.714168e-06   1.2729869e-06  4.4411811e-06  2.2639055e+08
    474000   5.0090801e-11  212335.57      153201.02      6131863.6      5.7141146e-06  1.2727666e-06  4.4413481e-06  2.2639052e+08
    475000   5.0196477e-11  212335.57      153298.65      6122091        5.7141283e-06  1.2727802e-06  4.4413481e-06  2.263898e+08 
    476000   5.0302154e-11  212336.86      153385.59      6113518.3      5.7141231e-06  1.2727482e-06  4.4413749e-06  2.2638906e+08
    477000   5.0407831e-11  212307.62      153445.51      6104565        5.7141213e-06  1.2733578e-06  4.4407635e-06  2.2637943e+08
    478000   5.0513508e-11  212288.26      153553.46      6091801.2      5.7141151e-06  1.2737566e-06  4.4403585e-06  2.2637367e+08
    479000   5.0619185e-11  212311.32      153638.52      6085619.1      5.7141805e-06  1.2733396e-06  4.4408409e-06  2.263858e+08 
    480000   5.0724861e-11  212303.5       153718.01      6076870.2      5.7141733e-06  1.2734961e-06  4.4406772e-06  2.2638183e+08
    481000   5.0830538e-11  212315.72      153854.39      6064454.2      5.7141794e-06  1.2732466e-06  4.4409328e-06  2.2638757e+08
    482000   5.0936215e-11  212312.42      153954.88      6054061.7      5.714194e-06   1.2733301e-06  4.4408638e-06  2.2638689e+08
    483000   5.1041892e-11  212312.36      154034.58      6046078.1      5.714137e-06   1.2732744e-06  4.4408626e-06  2.2638271e+08
    484000   5.1147569e-11  212325.6       154121.37      6038728.9      5.714124e-06   1.2729845e-06  4.4411395e-06  2.2638732e+08
    485000   5.1253245e-11  212308.72      154226.27      6026521.8      5.7141367e-06  1.2733503e-06  4.4407864e-06  2.2638062e+08
    486000   5.1358922e-11  212320.85      154329.6       6017404.5      5.7141793e-06  1.2731392e-06  4.4410401e-06  2.263868e+08 
    487000   5.1464599e-11  212322.41      154416.22      6008892.8      5.7141566e-06  1.2730838e-06  4.4410728e-06  2.2638644e+08
    488000   5.1570276e-11  212310.94      154486.36      6000711.3      5.7141179e-06  1.2732851e-06  4.4408328e-06  2.2638124e+08
    489000   5.1675953e-11  212297.91      154583.77      5989644.3      5.7142063e-06  1.2736459e-06  4.4405604e-06  2.2638253e+08
    490000   5.1781629e-11  212292.28      154677.03      5979739        5.7142585e-06  1.2738159e-06  4.4404426e-06  2.2638468e+08
    491000   5.1887306e-11  212294.68      154778.66      5969808.6      5.7141979e-06  1.2737052e-06  4.4404927e-06  2.2638243e+08
    492000   5.1992983e-11  212289.62      154888.21      5958331.3      5.7141753e-06  1.2737884e-06  4.4403869e-06  2.2637736e+08
    493000   5.209866e-11   212300.5       154986.95      5949547.7      5.7141455e-06  1.2735311e-06  4.4406145e-06  2.2637778e+08
    494000   5.2204337e-11  212318.01      155110.58      5938943        5.7141929e-06  1.2732122e-06  4.4409808e-06  2.2638786e+08
    495000   5.2310013e-11  212325.21      155181.62      5932559.1      5.7141886e-06  1.2730572e-06  4.4411313e-06  2.2639152e+08
    496000   5.241569e-11   212301.55      155275.23      5920797        5.7142339e-06  1.2735975e-06  4.4406364e-06  2.263863e+08 
    497000   5.2521367e-11  212313.56      155406.81      5908840.2      5.7142082e-06  1.2733205e-06  4.4408877e-06  2.2638962e+08
    498000   5.2627044e-11  212297.58      155461.21      5901779.6      5.7142353e-06  1.2736818e-06  4.4405535e-06  2.263854e+08 
    499000   5.2732721e-11  212321.12      155582.36      5892032.3      5.7141831e-06  1.2731373e-06  4.4410458e-06  2.2639132e+08
    500000   5.2838397e-11  212298.25      155677.23      5880224        5.7142022e-06  1.2736347e-06  4.4405675e-06  2.2638282e+08
    501000   5.2944074e-11  212314.52      155775.82      5872000.3      5.7141892e-06  1.2732813e-06  4.4409078e-06  2.2638714e+08
    502000   5.3049751e-11  212314.6       155868.37      5862744.2      5.7142099e-06  1.2733004e-06  4.4409095e-06  2.2638729e+08
    503000   5.3155428e-11  212317         155937.59      5856058.1      5.7141488e-06  1.2731891e-06  4.4409597e-06  2.2638431e+08
    504000   5.3261105e-11  212324.88      156024.62      5848142.8      5.7141318e-06  1.2730074e-06  4.4411244e-06  2.2638515e+08
    505000   5.3366781e-11  212330.97      156125.76      5838634.3      5.7141088e-06  1.272857e-06   4.4412518e-06  2.2638548e+08
    506000   5.3472458e-11  212321.81      156223.92      5827882.8      5.7141568e-06  1.2730965e-06  4.4410603e-06  2.2638534e+08
    507000   5.3578135e-11  212326.63      156320.03      5818749.7      5.7141346e-06  1.2729736e-06  4.4411611e-06  2.2638612e+08
    508000   5.3683812e-11  212330.72      156402.76      5810881        5.7141591e-06  1.2729125e-06  4.4412466e-06  2.2639033e+08
    509000   5.3789488e-11  212278.1       156451.82      5800650.8      5.7141589e-06  1.2740129e-06  4.4401459e-06  2.263725e+08 
    510000   5.3895165e-11  212269.66      156534.01      5791570.9      5.7141661e-06  1.2741965e-06  4.4399695e-06  2.2637212e+08
    511000   5.4000842e-11  212265.15      156639.19      5780586.1      5.7141866e-06  1.2743115e-06  4.4398751e-06  2.2637062e+08
    512000   5.4106519e-11  212300.12      156780.29      5769996.9      5.7141182e-06  1.2735118e-06  4.4406065e-06  2.2637727e+08
    513000   5.4212196e-11  212303.95      156886.28      5759775        5.7141455e-06  1.2734589e-06  4.4406866e-06  2.2637898e+08
    514000   5.4317872e-11  212322.29      157012.37      5749008.3      5.7141787e-06  1.2731083e-06  4.4410703e-06  2.2638901e+08
    515000   5.4423549e-11  212289.72      157086.68      5738276.6      5.7142077e-06  1.2738187e-06  4.440389e-06   2.2638034e+08
    516000   5.4529226e-11  212258.32      157147.94      5728970.3      5.7142311e-06  1.2744988e-06  4.4397323e-06  2.2637126e+08
    517000   5.4634903e-11  212301.84      157279.79      5720171.4      5.7142012e-06  1.2735588e-06  4.4406425e-06  2.2638466e+08
    518000   5.474058e-11   212304.67      157369.44      5711484        5.7141593e-06  1.2734577e-06  4.4407016e-06  2.2638021e+08
    519000   5.4846256e-11  212318.97      157495.13      5700348.6      5.7140976e-06  1.2730967e-06  4.4410009e-06  2.2638198e+08
    520000   5.4951933e-11  212335.36      157593.54      5692155.2      5.7141425e-06  1.2727989e-06  4.4413437e-06  2.2639151e+08
    521000   5.505761e-11   212324.26      157672.4       5683138.4      5.7141537e-06  1.2730422e-06  4.4411115e-06  2.2638933e+08
    522000   5.5163287e-11  212323.99      157765.13      5673829.9      5.7141583e-06  1.2730523e-06  4.4411059e-06  2.2638968e+08
    523000   5.5268964e-11  212299.68      157836.85      5664193.2      5.7142285e-06  1.273631e-06   4.4405974e-06  2.2638384e+08
    524000   5.537464e-11   212290.73      157932.33      5653729.5      5.714217e-06   1.2738069e-06  4.4404101e-06  2.2638081e+08
    525000   5.5480317e-11  212300.81      158022.33      5645740.7      5.7141774e-06  1.2735564e-06  4.4406211e-06  2.2638151e+08
    526000   5.5585994e-11  212314.82      158122.08      5637172        5.7141758e-06  1.2732617e-06  4.4409141e-06  2.2638408e+08
    527000   5.5691671e-11  212324.84      158222.94      5628088.3      5.7141825e-06  1.273059e-06   4.4411236e-06  2.2638847e+08
    528000   5.5797348e-11  212322.79      158355.4       5614622.5      5.7141373e-06  1.2730567e-06  4.4410807e-06  2.2638583e+08
    529000   5.5903024e-11  212319.36      158460.95      5603710.1      5.7141872e-06  1.2731782e-06  4.441009e-06   2.2638809e+08
    530000   5.6008701e-11  212317.12      158520.49      5597524.2      5.7141917e-06  1.2732295e-06  4.4409622e-06  2.2638814e+08
    531000   5.6114378e-11  212309.58      158600.57      5588746.3      5.7141227e-06  1.2733183e-06  4.4408045e-06  2.2638058e+08
    532000   5.6220055e-11  212337.41      158680.36      5583572.3      5.7141332e-06  1.2727467e-06  4.4413865e-06  2.2639196e+08
    533000   5.6325732e-11  212340.18      158769.21      5574958.3      5.7140965e-06  1.2726521e-06  4.4414444e-06  2.2638935e+08
    534000   5.6431408e-11  212323.06      158850.57      5565083.9      5.7141741e-06  1.2730876e-06  4.4410864e-06  2.2638706e+08
    535000   5.6537085e-11  212323.91      158947.16      5555501.3      5.7142459e-06  1.2731417e-06  4.4411042e-06  2.263931e+08 
    536000   5.6642762e-11  212290.13      158990.01      5547796.7      5.714212e-06   1.2738144e-06  4.4403976e-06  2.2637909e+08
    537000   5.6748439e-11  212303.46      159093.46      5538789.1      5.7141627e-06  1.2734864e-06  4.4406764e-06  2.2638154e+08
    538000   5.6854116e-11  212320.58      159203.45      5529509.8      5.7142021e-06  1.2731676e-06  4.4410344e-06  2.2638798e+08
    539000   5.6959792e-11  212319.7       159294.7       5520286.6      5.7141983e-06  1.2731822e-06  4.4410161e-06  2.2638696e+08
    540000   5.7065469e-11  212315.85      159370.17      5512343.5      5.7142564e-06  1.2733208e-06  4.4409357e-06  2.2639275e+08
    541000   5.7171146e-11  212298.31      159424.86      5505095.4      5.714218e-06   1.2736493e-06  4.4405687e-06  2.2638511e+08
    542000   5.7276823e-11  212316.97      159548.91      5494564.7      5.7142343e-06  1.2732754e-06  4.440959e-06   2.2639219e+08
    543000   5.73825e-11    212326.98      159646.84      5485773.8      5.7142291e-06  1.2730608e-06  4.4411683e-06  2.263943e+08 
    544000   5.7488176e-11  212313.04      159748.83      5474155.8      5.7142599e-06  1.2733831e-06  4.4408769e-06  2.2639011e+08
    545000   5.7593853e-11  212318.82      159848.21      5464792.7      5.7141997e-06  1.2732019e-06  4.4409977e-06  2.2638855e+08
    546000   5.769953e-11   212305.43      159926.01      5455650.4      5.7141696e-06  1.2734521e-06  4.4407175e-06  2.2638346e+08
    547000   5.7805207e-11  212307.07      160044.06      5443999.8      5.7141954e-06  1.2734436e-06  4.4407519e-06  2.2638768e+08
    548000   5.7910883e-11  212307.08      160107.09      5437691.4      5.7141998e-06  1.2734478e-06  4.440752e-06   2.2638692e+08
    549000   5.801656e-11   212312.63      160212.74      5427677.6      5.7141877e-06  1.2733194e-06  4.4408683e-06  2.2638539e+08
    550000   5.8122237e-11  212313.84      160336.75      5415387        5.7141436e-06  1.27325e-06    4.4408936e-06  2.263812e+08 
    551000   5.8227914e-11  212341.43      160461.34      5405703.9      5.7141376e-06  1.272667e-06   4.4414706e-06  2.2639089e+08
    552000   5.8333591e-11  212339.21      160569.63      5394639.5      5.7141351e-06  1.2727109e-06  4.4414241e-06  2.2639178e+08
    553000   5.8439267e-11  212311.27      160640.74      5384696.5      5.7141484e-06  1.2733087e-06  4.4408397e-06  2.2638326e+08
    554000   5.8544944e-11  212309.61      160725.1       5376085.1      5.7141517e-06  1.2733467e-06  4.4408051e-06  2.2638248e+08
    555000   5.8650621e-11  212319.21      160808.44      5368713.7      5.7141665e-06  1.2731607e-06  4.4410058e-06  2.2638651e+08
    556000   5.8756298e-11  212319.99      160916.2       5358006        5.7140851e-06  1.2730628e-06  4.4410223e-06  2.2638129e+08
    557000   5.8861975e-11  212279.85      160977.13      5347848.5      5.7141138e-06  1.2739312e-06  4.4401826e-06  2.2636721e+08
    558000   5.8967651e-11  212316.92      161070.03      5342297.4      5.7141299e-06  1.2731719e-06  4.440958e-06   2.2638468e+08
    559000   5.9073328e-11  212283.89      161141.31      5331822        5.7141311e-06  1.273864e-06   4.4402671e-06  2.2637241e+08
    560000   5.9179005e-11  212299.74      161244.01      5323145.5      5.7141534e-06  1.2735547e-06  4.4405987e-06  2.2638016e+08
    561000   5.9284682e-11  212306.52      161329.57      5315265.7      5.7141634e-06  1.2734229e-06  4.4407405e-06  2.2638265e+08
    562000   5.9390359e-11  212319.74      161439.4       5305607.7      5.7141576e-06  1.2731407e-06  4.4410169e-06  2.2638615e+08
    563000   5.9496035e-11  212310.47      161497.34      5298871.5      5.7141459e-06  1.2733228e-06  4.4408231e-06  2.2638126e+08
    564000   5.9601712e-11  212317.61      161585.29      5290789.8      5.7141688e-06  1.2731964e-06  4.4409724e-06  2.2638476e+08
    565000   5.9707389e-11  212324.2       161701.75      5279799        5.7140759e-06  1.2729656e-06  4.4411103e-06  2.2638324e+08
    566000   5.9813066e-11  212292.24      161744.21      5272317.3      5.7141315e-06  1.2736897e-06  4.4404418e-06  2.2637459e+08
    567000   5.9918743e-11  212306.43      161830.58      5265106.4      5.7141538e-06  1.2734153e-06  4.4407386e-06  2.2638206e+08
    568000   6.0024419e-11  212313.04      161905.64      5258261.4      5.7142128e-06  1.2733359e-06  4.4408769e-06  2.2638845e+08
    569000   6.0130096e-11  212315.14      161988.3       5250198.7      5.7141999e-06  1.2732792e-06  4.4409207e-06  2.2638811e+08
    570000   6.0235773e-11  212311.26      162098.07      5238819.1      5.7141363e-06  1.2732967e-06  4.4408397e-06  2.2638216e+08
    571000   6.034145e-11   212310.02      162191.16      5229374.8      5.7142009e-06  1.2733873e-06  4.4408136e-06  2.2638484e+08
    572000   6.0447127e-11  212305.89      162285.3       5219534.9      5.7141925e-06  1.2734652e-06  4.4407273e-06  2.2638398e+08
    573000   6.0552803e-11  212317.42      162389.72      5210247.6      5.7141985e-06  1.2732301e-06  4.4409684e-06  2.2638847e+08
    574000   6.065848e-11   212313.6       162498.57      5198965.7      5.7141336e-06  1.2732451e-06  4.4408885e-06  2.2638225e+08
    575000   6.0764157e-11  212314.96      162578.44      5191108.9      5.7140816e-06  1.2731646e-06  4.440917e-06   2.2638028e+08
    576000   6.0869834e-11  212284.28      162680.24      5177815.9      5.7141095e-06  1.2738343e-06  4.4402752e-06  2.2636954e+08
    577000   6.0975511e-11  212308.73      162801.24      5168175.7      5.7141077e-06  1.2733211e-06  4.4407866e-06  2.2637902e+08
    578000   6.1081187e-11  212323.78      162897.14      5160098.7      5.7141219e-06  1.2730205e-06  4.4411014e-06  2.2638373e+08
    579000   6.1186864e-11  212339.79      162993.4       5152081.7      5.7141007e-06  1.2726644e-06  4.4414363e-06  2.2638721e+08
    580000   6.1292541e-11  212337.42      163104.54      5140717.2      5.7140484e-06  1.2726616e-06  4.4413868e-06  2.2638328e+08
    581000   6.1398218e-11  212312.86      163159.26      5132757.1      5.7140793e-06  1.2732061e-06  4.4408731e-06  2.2637659e+08
    582000   6.1503894e-11  212328.96      163265.5       5123749.1      5.7140513e-06  1.2728416e-06  4.4412097e-06  2.2638257e+08
    583000   6.1609571e-11  212295.58      163312.62      5115658.2      5.7140897e-06  1.2735781e-06  4.4405116e-06  2.2637412e+08
    584000   6.1715248e-11  212297.27      163387.58      5108325.4      5.7141429e-06  1.273596e-06   4.440547e-06   2.2637768e+08
    585000   6.1820925e-11  212306.97      163456.5       5102406.9      5.7141394e-06  1.2733896e-06  4.4407498e-06  2.2638043e+08
    586000   6.1926602e-11  212311.69      163516.54      5096873.9      5.7141789e-06  1.2733304e-06  4.4408485e-06  2.263845e+08 
    587000   6.2032278e-11  212328.03      163615.05      5088666.4      5.7141115e-06  1.2729211e-06  4.4411904e-06  2.2638773e+08
    588000   6.2137955e-11  212309.39      163677.61      5080519.3      5.7140897e-06  1.2732892e-06  4.4408004e-06  2.2637693e+08
    589000   6.2243632e-11  212304.95      163745.54      5073270.9      5.7140788e-06  1.2733713e-06  4.4407076e-06  2.2637306e+08
    590000   6.2349309e-11  212318.31      163843         5064865.6      5.7140995e-06  1.2731125e-06  4.440987e-06   2.2638085e+08
    591000   6.2454986e-11  212326.82      163930.94      5056923.3      5.7140945e-06  1.2729295e-06  4.4411651e-06  2.2638381e+08
    592000   6.2560662e-11  212330.23      164032.92      5047060.1      5.71407e-06    1.2728337e-06  4.4412363e-06  2.2638412e+08
    593000   6.2666339e-11  212314.87      164122.44      5036546.1      5.7141249e-06  1.2732098e-06  4.4409151e-06  2.2638181e+08
    594000   6.2772016e-11  212304.48      164178.7       5029864.3      5.7141391e-06  1.2734413e-06  4.4406977e-06  2.2637977e+08
    595000   6.2877693e-11  212280.98      164237.81      5021571.9      5.7141886e-06  1.2739823e-06  4.4402062e-06  2.2637504e+08
    596000   6.298337e-11   212309.3       164345.34      5013671.4      5.7141672e-06  1.2733686e-06  4.4407986e-06  2.2638358e+08
    597000   6.3089046e-11  212319.38      164424.87      5006729.3      5.7141542e-06  1.2731448e-06  4.4410094e-06  2.2638526e+08
    598000   6.3194723e-11  212304.71      164496.2       4998106        5.7141544e-06  1.2734518e-06  4.4407025e-06  2.2637909e+08
    599000   6.33004e-11    212313.81      164586.31      4990005.7      5.7141413e-06  1.2732485e-06  4.4408929e-06  2.2638353e+08
    600000   6.3406077e-11  212315.55      164679.2       4980883.7      5.7141437e-06  1.2732143e-06  4.4409294e-06  2.2638567e+08
    601000   6.3511754e-11  212319.84      164747.7       4974460.4      5.7141779e-06  1.2731589e-06  4.441019e-06   2.2638943e+08
    602000   6.361743e-11   212310.45      164823.57      4965916.7      5.7141266e-06  1.273304e-06   4.4408226e-06  2.2638235e+08
    603000   6.3723107e-11  212308.12      164894.79      4958552.4      5.71415e-06    1.2733761e-06  4.4407738e-06  2.263825e+08 
    604000   6.3828784e-11  212291.79      164972.36      4949135.8      5.7141582e-06  1.273726e-06   4.4404322e-06  2.2637663e+08
    605000   6.3934461e-11  212313.54      165078.78      4940682.4      5.714178e-06   1.2732908e-06  4.4408872e-06  2.2638537e+08
    606000   6.4040138e-11  212310.3       165180.57      4930166.5      5.7141995e-06  1.27338e-06    4.4408195e-06  2.2638445e+08
    607000   6.4145814e-11  212324.5       165295.7       4920077.2      5.7141625e-06  1.273046e-06   4.4411165e-06  2.2638909e+08
    608000   6.4251491e-11  212327.39      165388.99      4911031.9      5.7141569e-06  1.2729799e-06  4.441177e-06   2.2638977e+08
    609000   6.4357168e-11  212310.14      165447.86      4903394.4      5.7141857e-06  1.2733696e-06  4.4408161e-06  2.2638418e+08
    610000   6.4462845e-11  212310.29      165545.88      4893597.7      5.7141962e-06  1.273377e-06   4.4408192e-06  2.2638371e+08
    611000   6.4568522e-11  212318.55      165651.84      4883827.3      5.7141306e-06  1.2731385e-06  4.4409921e-06  2.2638313e+08
    612000   6.4674198e-11  212289.94      165703.9       4875722.9      5.7141307e-06  1.273737e-06   4.4403936e-06  2.2637428e+08
    613000   6.4779875e-11  212276.77      165765.12      4868263.9      5.7141527e-06  1.2740346e-06  4.4401182e-06  2.2637087e+08
    614000   6.4885552e-11  212320.65      165884.18      4860781.9      5.7141658e-06  1.2731298e-06  4.441036e-06   2.2638751e+08
    615000   6.4991229e-11  212326.92      165962.25      4853600.7      5.7141153e-06  1.2729481e-06  4.4411671e-06  2.2638626e+08
    616000   6.5096906e-11  212307.68      166022.97      4845578        5.7141401e-06  1.2733754e-06  4.4407647e-06  2.2638014e+08
    617000   6.5202582e-11  212338.43      166132.55      4837718.1      5.7141584e-06  1.2727505e-06  4.4414079e-06  2.2639245e+08
    618000   6.5308259e-11  212334.12      166216.32      4828896.9      5.7141121e-06  1.2727944e-06  4.4413177e-06  2.2638696e+08
    619000   6.5413936e-11  212322.61      166275.15      4821844.4      5.7141443e-06  1.2730673e-06  4.441077e-06   2.2638468e+08
    620000   6.5519613e-11  212308.17      166333.36      4814557.7      5.7141999e-06  1.273425e-06   4.4407749e-06  2.2638322e+08
    621000   6.5625289e-11  212302.8       166404.88      4806855.6      5.7141552e-06  1.2734926e-06  4.4406625e-06  2.2638012e+08
    622000   6.5730966e-11  212289.05      166474.68      4798478.4      5.7141306e-06  1.2737557e-06  4.4403749e-06  2.2637471e+08
    623000   6.5836643e-11  212288.3       166559.7       4789892.7      5.7141637e-06  1.2738043e-06  4.4403594e-06  2.2637785e+08
    624000   6.594232e-11   212281.68      166640.19      4781166.5      5.7142166e-06  1.2739957e-06  4.4402209e-06  2.2637901e+08
    625000   6.6047997e-11  212289.98      166716.17      4774399.2      5.7142435e-06  1.2738491e-06  4.4403944e-06  2.2638535e+08
    626000   6.6153673e-11  212274.06      166776.36      4766765.3      5.7142595e-06  1.2741981e-06  4.4400614e-06  2.2637995e+08
    627000   6.625935e-11   212285.35      166860.17      4759517.1      5.7142161e-06  1.2739185e-06  4.4402976e-06  2.2637912e+08
    628000   6.6365027e-11  212301.76      166986.83      4748498.6      5.7141585e-06  1.2735176e-06  4.4406409e-06  2.263799e+08 
    629000   6.6470704e-11  212329.28      167095.1       4740442.9      5.7141623e-06  1.2729458e-06  4.4412165e-06  2.2638957e+08
    630000   6.6576381e-11  212331.04      167168.95      4733227.9      5.7141635e-06  1.2729102e-06  4.4412533e-06  2.2639051e+08
    631000   6.6682057e-11  212320.58      167269.33      4722122.7      5.7141663e-06  1.2731319e-06  4.4410344e-06  2.2638626e+08
    632000   6.6787734e-11  212321.44      167350.05      4714130        5.7141764e-06  1.2731239e-06  4.4410525e-06  2.2638873e+08
    633000   6.6893411e-11  212309.12      167407.71      4707111.4      5.7142252e-06  1.2734305e-06  4.4407947e-06  2.2638819e+08
    634000   6.6999088e-11  212305.09      167485.69      4698899.3      5.7142573e-06  1.2735467e-06  4.4407106e-06  2.2638901e+08
    635000   6.7104765e-11  212306.93      167540.88      4693560.2      5.7142226e-06  1.2734737e-06  4.4407489e-06  2.2638809e+08
    636000   6.7210441e-11  212310.99      167618.59      4686192.1      5.7142997e-06  1.2734657e-06  4.4408339e-06  2.2639495e+08
    637000   6.7316118e-11  212304.52      167690.06      4678384.6      5.7141874e-06  1.2734888e-06  4.4406987e-06  2.2638504e+08
    638000   6.7421795e-11  212306.32      167791.73      4668389.8      5.7141864e-06  1.2734501e-06  4.4407363e-06  2.2638485e+08
    639000   6.7527472e-11  212310.33      167880.7       4659888.4      5.7141791e-06  1.273359e-06   4.4408201e-06  2.263863e+08 
    640000   6.7633149e-11  212301.87      167954.87      4651609        5.7141624e-06  1.2735193e-06  4.4406431e-06  2.2638262e+08
    641000   6.7738825e-11  212313.58      168027.81      4645491.7      5.7142029e-06  1.2733149e-06  4.440888e-06   2.2638935e+08
    642000   6.7844502e-11  212278.58      168062.51      4638479.9      5.7142247e-06  1.2740686e-06  4.4401561e-06  2.2637852e+08
    643000   6.7950179e-11  212266.88      168137.56      4629784.5      5.714219e-06   1.2743077e-06  4.4399113e-06  2.2637416e+08
    644000   6.8055856e-11  212294.25      168242.79      4622017.8      5.7142164e-06  1.2737327e-06  4.4404837e-06  2.2638318e+08
    645000   6.8161533e-11  212310.52      168337.81      4614151.5      5.7141829e-06  1.2733589e-06  4.440824e-06   2.263869e+08 
    646000   6.8267209e-11  212301.74      168398.21      4607217.2      5.7141943e-06  1.2735539e-06  4.4406404e-06  2.2638439e+08
    647000   6.8372886e-11  212315.51      168480.74      4600348.9      5.7141849e-06  1.2732565e-06  4.4409284e-06  2.2638807e+08
    648000   6.8478563e-11  212315.2       168552.46      4593138.3      5.7142224e-06  1.2733005e-06  4.4409219e-06  2.2638853e+08
    649000   6.858424e-11   212334.57      168648.54      4585479.6      5.7141887e-06  1.2728615e-06  4.4413272e-06  2.2639441e+08
    650000   6.8689917e-11  212316.13      168696.62      4578802.5      5.7141914e-06  1.27325e-06    4.4409414e-06  2.2638739e+08
    651000   6.8795593e-11  212319.54      168780.57      4570744.1      5.7141671e-06  1.2731543e-06  4.4410128e-06  2.2638715e+08
    652000   6.890127e-11   212305.09      168841.82      4563151.8      5.7141544e-06  1.273444e-06   4.4407104e-06  2.263812e+08 
    653000   6.9006947e-11  212318.92      168934.23      4555299.2      5.7140798e-06  1.2730801e-06  4.4409997e-06  2.2638143e+08
    654000   6.9112624e-11  212319.53      169024.56      4546318.8      5.7141839e-06  1.2731714e-06  4.4410125e-06  2.2638659e+08
    655000   6.9218301e-11  212329.94      169097.36      4540085.1      5.7141852e-06  1.2729549e-06  4.4412303e-06  2.2639194e+08
    656000   6.9323977e-11  212325.05      169164.13      4532907.2      5.7141411e-06  1.273013e-06   4.4411281e-06  2.2638946e+08
    657000   6.9429654e-11  212322.5       169237.81      4525274.4      5.7141977e-06  1.273123e-06   4.4410748e-06  2.2639187e+08
    658000   6.9535331e-11  212311.08      169303.51      4517542.9      5.7141895e-06  1.2733537e-06  4.4408358e-06  2.2638675e+08
    659000   6.9641008e-11  212268.28      169357.85      4507777.1      5.7141456e-06  1.2742049e-06  4.4399407e-06  2.263681e+08 
    660000   6.9746684e-11  212294.61      169469.55      4499256.6      5.7141825e-06  1.2736913e-06  4.4404913e-06  2.2638053e+08
    661000   6.9852361e-11  212306.74      169555.63      4491866.9      5.7141919e-06  1.2734469e-06  4.440745e-06   2.2638508e+08
    662000   6.9958038e-11  212310.04      169637.74      4483980.6      5.7142014e-06  1.2733874e-06  4.440814e-06   2.2638621e+08
    663000   7.0063715e-11  212332.46      169712.15      4478799.8      5.7141784e-06  1.2728954e-06  4.441283e-06   2.2639203e+08
    664000   7.0169392e-11  212325.09      169802.99      4468960.7      5.714129e-06   1.2730002e-06  4.4411288e-06  2.2638716e+08
    665000   7.0275068e-11  212282.86      169839.19      4461068.6      5.7141686e-06  1.273923e-06   4.4402456e-06  2.2637525e+08
    666000   7.0380745e-11  212288.05      169928.59      4452644.6      5.7141735e-06  1.2738195e-06  4.4403541e-06  2.2637935e+08
    667000   7.0486422e-11  212305.64      170008.76      4446397.4      5.7141605e-06  1.2734386e-06  4.4407219e-06  2.263839e+08 
    668000   7.0592099e-11  212290.95      170088.08      4436973.2      5.7141346e-06  1.2737198e-06  4.4404148e-06  2.2637552e+08
    669000   7.0697776e-11  212304.39      170157.22      4431411        5.7141824e-06  1.2734864e-06  4.4406959e-06  2.2638324e+08
    670000   7.0803452e-11  212302.13      170237.58      4423138.8      5.7141745e-06  1.2735258e-06  4.4406487e-06  2.2638132e+08
    671000   7.0909129e-11  212302.48      170314.9       4415434.5      5.7141738e-06  1.2735178e-06  4.440656e-06   2.2638202e+08
    672000   7.1014806e-11  212311.97      170396.08      4408266.4      5.7141846e-06  1.2733302e-06  4.4408543e-06  2.2638598e+08
    673000   7.1120483e-11  212318.45      170455.94      4402930.5      5.7141685e-06  1.2731785e-06  4.44099e-06    2.2638616e+08
    674000   7.122616e-11   212310.65      170516.84      4396046.4      5.7141693e-06  1.2733424e-06  4.4408269e-06  2.2638346e+08
    675000   7.1331836e-11  212317.83      170597.22      4388725.8      5.7141381e-06  1.2731612e-06  4.4409769e-06  2.2638573e+08
    676000   7.1437513e-11  212288.66      170637.14      4381780.6      5.7141734e-06  1.2738066e-06  4.4403668e-06  2.2637692e+08
    677000   7.154319e-11   212316.01      170749.54      4373295.5      5.7141378e-06  1.2731988e-06  4.440939e-06   2.2638474e+08
    678000   7.1648867e-11  212309.35      170817.42      4365826.4      5.714121e-06   1.2733214e-06  4.4407996e-06  2.2638001e+08
    679000   7.1754544e-11  212314.61      170887.48      4359346.2      5.714069e-06   1.2731593e-06  4.4409097e-06  2.2637794e+08
    680000   7.186022e-11   212314.59      170947.61      4353324.8      5.7141453e-06  1.2732361e-06  4.4409092e-06  2.2638227e+08
    681000   7.1965897e-11  212297.38      170990.07      4347334.3      5.714133e-06   1.2735838e-06  4.4405492e-06  2.2637604e+08
    682000   7.2071574e-11  212293.88      171070.47      4338932.4      5.7140635e-06  1.2735875e-06  4.440476e-06   2.2637064e+08
    683000   7.2177251e-11  212352.97      171212.26      4330713.4      5.7140802e-06  1.2723682e-06  4.4417121e-06  2.2639335e+08
    684000   7.2282928e-11  212317.75      171250.77      4323298.3      5.7141121e-06  1.2731367e-06  4.4409753e-06  2.2638139e+08
    685000   7.2388604e-11  212305.21      171305.49      4316552.4      5.7141174e-06  1.2734044e-06  4.440713e-06   2.2637914e+08
    686000   7.2494281e-11  212308.52      171389.54      4308474.1      5.7141017e-06  1.2733196e-06  4.4407822e-06  2.2637929e+08
    687000   7.2599958e-11  212327.37      171482.21      4301103.5      5.7141472e-06  1.2729706e-06  4.4411765e-06  2.2638764e+08
    688000   7.2705635e-11  212328.48      171562.05      4293224        5.7141304e-06  1.2729307e-06  4.4411997e-06  2.26386e+08  
    689000   7.2811312e-11  212320.23      171648.48      4283737.9      5.7141342e-06  1.273107e-06   4.4410271e-06  2.2638297e+08
    690000   7.2916988e-11  212325.98      171753.18      4273838.7      5.7141729e-06  1.2730255e-06  4.4411474e-06  2.2638924e+08
    691000   7.3022665e-11  212324.94      171824.81      4266563.7      5.7142088e-06  1.2730832e-06  4.4411256e-06  2.2639292e+08
    692000   7.3128342e-11  212302.89      171877.13      4259096.8      5.7141929e-06  1.2735284e-06  4.4406644e-06  2.2638354e+08
    693000   7.3234019e-11  212288.21      171946         4250719.6      5.7141409e-06  1.2737835e-06  4.4403574e-06  2.2637456e+08
    694000   7.3339695e-11  212300.83      172029.71      4243615.9      5.7141332e-06  1.2735119e-06  4.4406213e-06  2.2637856e+08
    695000   7.3445372e-11  212308.26      172121.92      4235136.8      5.7141984e-06  1.2734217e-06  4.4407767e-06  2.2638465e+08
    696000   7.3551049e-11  212315.08      172211.35      4226874.6      5.714179e-06   1.2732596e-06  4.4409194e-06  2.2638606e+08
    697000   7.3656726e-11  212276.9       172250.22      4219124.3      5.7141107e-06  1.2739898e-06  4.4401209e-06  2.2636874e+08
    698000   7.3762403e-11  212291.26      172338.91      4211698.7      5.714051e-06   1.2736296e-06  4.4404213e-06  2.263706e+08 
    699000   7.3868079e-11  212308.68      172424.25      4204916.9      5.7140843e-06  1.2732987e-06  4.4407856e-06  2.2637548e+08
    700000   7.3973756e-11  212338.99      172510.06      4199391.6      5.7141107e-06  1.2726911e-06  4.4414195e-06  2.2638685e+08
    701000   7.4079433e-11  212330.61      172571.17      4192427        5.7141761e-06  1.2729317e-06  4.4412443e-06  2.2638886e+08
    702000   7.418511e-11   212320.42      172631.08      4185399.7      5.7141033e-06  1.2730721e-06  4.4410311e-06  2.2638178e+08
    703000   7.4290787e-11  212338.56      172717.46      4178587.4      5.7141866e-06  1.272776e-06   4.4414106e-06  2.2639496e+08
    704000   7.4396463e-11  212302.05      172747.83      4171855.8      5.714213e-06   1.2735661e-06  4.4406469e-06  2.263841e+08 
    705000   7.450214e-11   212302.67      172846.81      4162011.7      5.7142014e-06  1.2735415e-06  4.4406599e-06  2.2638546e+08
    706000   7.4607817e-11  212308.06      172914.44      4155786.7      5.7142084e-06  1.2734357e-06  4.4407727e-06  2.2638742e+08
    707000   7.4713494e-11  212313.45      172993.49      4148418.2      5.7142227e-06  1.2733374e-06  4.4408853e-06  2.2638926e+08
    708000   7.4819171e-11  212302.84      173045.23      4142167.3      5.7142172e-06  1.2735537e-06  4.4406635e-06  2.2638421e+08
    709000   7.4924847e-11  212310.73      173132.76      4134202.9      5.7142419e-06  1.2734133e-06  4.4408286e-06  2.2638879e+08
    710000   7.5030524e-11  212307.71      173201.79      4126987.4      5.7142861e-06  1.2735208e-06  4.4407653e-06  2.2639037e+08
    711000   7.5136201e-11  212305.92      173260.15      4120964.8      5.7142205e-06  1.2734926e-06  4.4407279e-06  2.2638701e+08
    712000   7.5241878e-11  212314.15      173336.91      4114112.4      5.714257e-06   1.273357e-06   4.4408999e-06  2.2639151e+08
    713000   7.5347555e-11  212305.03      173402.27      4106648.7      5.7142307e-06  1.2735215e-06  4.4407092e-06  2.2638575e+08
    714000   7.5453231e-11  212293.63      173509.81      4094731.9      5.7142421e-06  1.2737713e-06  4.4404708e-06  2.2638359e+08
    715000   7.5558908e-11  212288.75      173591.8       4086030.5      5.7142141e-06  1.2738454e-06  4.4403687e-06  2.2638023e+08
    716000   7.5664585e-11  212313.66      173700.93      4077625.5      5.7142091e-06  1.2733194e-06  4.4408897e-06  2.2638974e+08
    717000   7.5770262e-11  212291.12      173741.22      4071313.2      5.7141534e-06  1.2737352e-06  4.4404182e-06  2.2637745e+08
    718000   7.5875939e-11  212301.43      173823.1       4064160.6      5.7141595e-06  1.2735255e-06  4.440634e-06   2.263818e+08 
    719000   7.5981615e-11  212286.09      173866.2       4058294.7      5.7141969e-06  1.2738837e-06  4.4403131e-06  2.2637815e+08
    720000   7.6087292e-11  212292.56      173936.37      4051925.4      5.7141641e-06  1.2737157e-06  4.4404484e-06  2.2637921e+08
    721000   7.6192969e-11  212314.48      174022.75      4045494.7      5.7141582e-06  1.2732512e-06  4.440907e-06   2.2638652e+08
    722000   7.6298646e-11  212297.88      174091.46      4036938.5      5.7141209e-06  1.2735611e-06  4.4405598e-06  2.2637672e+08
    723000   7.6404323e-11  212295.12      174144.53      4031347.5      5.7141268e-06  1.2736248e-06  4.4405021e-06  2.2637495e+08
    724000   7.6509999e-11  212297.52      174199.5       4026087.9      5.7142044e-06  1.2736523e-06  4.4405522e-06  2.2638207e+08
    725000   7.6615676e-11  212290.42      174279.58      4017353.7      5.7142417e-06  1.273838e-06   4.4404037e-06  2.2638333e+08
    726000   7.6721353e-11  212313.38      174371.53      4010470.7      5.7141758e-06  1.273292e-06   4.4408838e-06  2.263876e+08 
    727000   7.682703e-11   212302.99      174434.76      4003091.5      5.7142174e-06  1.2735508e-06  4.4406665e-06  2.2638536e+08
    728000   7.6932707e-11  212305.43      174485.2       3998288.7      5.7141796e-06  1.2734621e-06  4.4407176e-06  2.263854e+08 
    729000   7.7038383e-11  212298.09      174532.22      3992840.3      5.7142081e-06  1.2736439e-06  4.4405642e-06  2.2638526e+08
    730000   7.714406e-11   212296.56      174587.32      3987170.2      5.714266e-06   1.2737338e-06  4.4405322e-06  2.2638647e+08
    731000   7.7249737e-11  212299.4       174653.78      3980804.6      5.7142495e-06  1.273658e-06   4.4405915e-06  2.2638615e+08
    732000   7.7355414e-11  212294.17      174733.31      3972315.3      5.7141772e-06  1.273695e-06   4.4404822e-06  2.2637971e+08
    733000   7.746109e-11   212301.95      174814.41      3964983.5      5.7142809e-06  1.2736361e-06  4.4406448e-06  2.263881e+08 
    734000   7.7566767e-11  212305.7       174872.11      3959586.6      5.7142609e-06  1.2735376e-06  4.4407233e-06  2.2639023e+08
    735000   7.7672444e-11  212275.85      174906.24      3953153        5.7142736e-06  1.2741746e-06  4.440099e-06   2.2638061e+08
    736000   7.7778121e-11  212270.08      174973.05      3945881.4      5.7142697e-06  1.2742915e-06  4.4399782e-06  2.2637672e+08
    737000   7.7883798e-11  212304.93      175091.06      3937591.7      5.7142721e-06  1.273565e-06   4.4407071e-06  2.263888e+08 
    738000   7.7989474e-11  212307.95      175150.51      3931946.3      5.7142744e-06  1.2735041e-06  4.4407703e-06  2.2639016e+08
    739000   7.8095151e-11  212317.89      175230.91      3924904.4      5.7141784e-06  1.2732001e-06  4.4409783e-06  2.2638691e+08
    740000   7.8200828e-11  212328.74      175302.93      3918791.9      5.7141204e-06  1.2729151e-06  4.4412053e-06  2.2638651e+08
    741000   7.8306505e-11  212318.68      175367.79      3911281.6      5.7141422e-06  1.2731475e-06  4.4409947e-06  2.2638405e+08
    742000   7.841218