
#-----------------Run-----------------------
#minimize 1.0e-9 1.0e-9 1000 1000
fix mynvt H nvt temp $(v_T0) $(v_T0) $(100.0*v_dt)
fix mynvt H nvt temp 15000 $(v_T0) $(100.0*v_dt)
fix mynvt H nvt temp 15000 15000 $(100.0*v_dt)
fix mynvt H nvt temp 15000 15000 2.0000000000000001554e-15
run 1000
Generated 0 of 1 mixed pair_coeff terms from geometric mixing rule
Neighbor list info ...
  update every 1 steps, delay 0 steps, check yes
  max neighbors/atom: 2000, page size: 100000
  master list distance cutoff = 1.0567473e-07
  ghost atom cutoff = 1.0567473e-07
  binsize = 5.2837366e-08, bins = 85 85 85
  1 neighbor lists, perpetual/occasional/extra = 1 0 0
  (1) pair yukawa, perpetual
      attributes: half, newton on
      pair build: half/bin/atomonly/newton
      stencil: half/bin/3d
      bin: standard
Per MPI rank memory allocation (min/avg/max) = 3.446 | 4.394 | 4.452 Mbytes
   Step          Temp          TotEng         PotEng         KinEng         Press     
         0   15000          1.5563071e-07  0              1.5563071e-07  1.1742476e+09
      1000   14931.866      1.5492398e-07  1.9286919e-13  1.5492379e-07  1.1689188e+09
Loop time of 0.117755 on 36 procs for 1000 steps with 50100 atoms

89.7% CPU use with 36 MPI tasks x no OpenMP threads

MPI task timing breakdown:
Section |  min time  |  avg time  |  max time  |%varavg| %total
---------------------------------------------------------------
Pair    | 0.013624   | 0.014234   | 0.014888   |   0.2 | 12.09
Neigh   | 0.0016423  | 0.0016855  | 0.0017506  |   0.1 |  1.43
Comm    | 0.053389   | 0.054696   | 0.055898   |   0.3 | 46.45
Output  | 0.0014605  | 0.0014618  | 0.0014701  |   0.0 |  1.24
Modify  | 0.032095   | 0.032791   | 0.033532   |   0.2 | 27.85
Other   |            | 0.01289    |            |       | 10.94

Nlocal:        1391.67 ave        1418 max        1367 min
Histogram: 4 1 5 5 4 2 8 1 4 2
Nghost:         768.25 ave         798 max         730 min
Histogram: 1 3 3 5 1 6 4 7 3 3
Neighs:        1283.28 ave        1350 max        1231 min
Histogram: 7 3 4 2 4 4 3 4 4 1

Total # of neighbors = 46198
Ave neighs/atom = 0.92211577
Neighbor list builds = 4
Dangerous builds = 0
unfix mynvt
velocity Si set 0 0 $(v_vz) sum no
velocity Si set 0 0 10000000 sum no

fix mynve all nve
run 10000000
Generated 0 of 1 mixed pair_coeff terms from geometric mixing rule
Per MPI rank memory allocation (min/avg/max) = 3.45 | 4.395 | 4.452 Mbytes
   Step          Temp          TotEng         PotEng         KinEng         Press     
      1000   37380.075      3.878327e-07   1.9286919e-13  3.8783251e-07  2.9262359e+09
      2000   37377.815      3.878327e-07   2.3647185e-11  3.8780906e-07  2.9264754e+09
      3000   37379.142      3.878327e-07   9.8741802e-12  3.8782283e-07  2.9263695e+09
      4000   37378.922      3.878327e-07   1.2155504e-11  3.8782055e-07  2.926395e+09 
      5000   37379.361      3.878327e-07   7.6071472e-12  3.878251e-07   2.9263374e+09
      6000   37379.032      3.878327e-07   1.1017263e-11  3.8782169e-07  2.9263685e+09
      7000   37379.287      3.878327e-07   8.3681634e-12  3.8782434e-07  2.9263585e+09
      8000   37379.191      3.878327e-07   9.3702058e-12  3.8782333e-07  2.926368e+09 
      9000   37379.122      3.878327e-07   1.0083677e-11  3.8782262e-07  2.9263754e+09
     10000   37378.018      3.878327e-07   2.1539991e-11  3.8781116e-07  2.9264347e+09
     11000   37378.978      3.878327e-07   1.157517e-11   3.8782113e-07  2.9263787e+09
     12000   37378.96       3.878327e-07   1.1766545e-11  3.8782094e-07  2.9263849e+09
     13000   37378.999      3.878327e-07   1.1365515e-11  3.8782134e-07  2.9263766e+09
     14000   37379.338      3.878327e-07   7.8395357e-12  3.8782486e-07  2.9263422e+09
     15000   37379.028      3.878327e-07   1.1055306e-11  3.8782165e-07  2.9263837e+09
     16000   37378.936      3.878327e-07   1.2002329e-11  3.8782069e-07  2.9264026e+09
     17000   37378.837      3.878327e-07   1.3036176e-11  3.8781967e-07  2.9263811e+09
     18000   37378.68       3.878327e-07   1.4668811e-11  3.8781803e-07  2.9263883e+09
     19000   37379.651      3.878327e-07   4.5937066e-12  3.8782811e-07  2.9263098e+09
     20000   37378.041      3.878327e-07   2.1298509e-11  3.8781141e-07  2.9264648e+09
     21000   37379.161      3.878327e-07   9.6808969e-12  3.8782302e-07  2.9263746e+09
     22000   37378.717      3.878327e-07   1.4290643e-11  3.8781841e-07  2.9263993e+09
     23000   37378.482      3.8783271e-07  1.6725872e-11  3.8781598e-07  2.9263919e+09
     24000   37378.862      3.8783271e-07  1.2779311e-11  3.8781993e-07  2.9263647e+09
     25000   37379.54       3.878327e-07   5.7526652e-12  3.8782695e-07  2.9263193e+09
     26000   37379.369      3.878327e-07   7.5208776e-12  3.8782518e-07  2.9263434e+09
     27000   37379.053      3.878327e-07   1.08015e-11    3.878219e-07   2.9263679e+09
     28000   37379.507      3.878327e-07   6.0872431e-12  3.8782662e-07  2.9263306e+09
     29000   37379.205      3.878327e-07   9.2186899e-12  3.8782349e-07  2.9263606e+09
     30000   37379.069      3.878327e-07   1.0636982e-11  3.8782207e-07  2.9263432e+09
     31000   37379.597      3.878327e-07   5.159258e-12   3.8782754e-07  2.9263076e+09
     32000   37379.288      3.878327e-07   8.3571725e-12  3.8782435e-07  2.926348e+09 
     33000   37379.314      3.878327e-07   8.0974877e-12  3.8782461e-07  2.9263512e+09
     34000   37379.378      3.878327e-07   7.4297142e-12  3.8782527e-07  2.9263364e+09
     35000   37379.334      3.878327e-07   7.8804906e-12  3.8782482e-07  2.9263497e+09
     36000   37378.875      3.878327e-07   1.2650812e-11  3.8782005e-07  2.9263765e+09
     37000   37379.372      3.878327e-07   7.4920859e-12  3.8782521e-07  2.9263421e+09
     38000   37379.064      3.878327e-07   1.0684499e-11  3.8782202e-07  2.9263872e+09
     39000   37379.636      3.878327e-07   4.755288e-12   3.8782795e-07  2.9263055e+09
     40000   37378.96       3.878327e-07   1.1762191e-11  3.8782094e-07  2.9263998e+09
     41000   37379.139      3.878327e-07   9.9036678e-12  3.878228e-07   2.9263655e+09
     42000   37379.137      3.878327e-07   9.9232156e-12  3.8782278e-07  2.9263527e+09
     43000   37379.013      3.878327e-07   1.1212408e-11  3.8782149e-07  2.9263813e+09
     44000   37378.848      3.878327e-07   1.293056e-11   3.8781977e-07  2.926387e+09 
     45000   37378.803      3.878327e-07   1.3393647e-11  3.8781931e-07  2.9263799e+09
     46000   37379.309      3.878327e-07   8.1437162e-12  3.8782456e-07  2.9263408e+09
     47000   37379.129      3.878327e-07   1.0015725e-11  3.8782269e-07  2.9263736e+09
     48000   37379.733      3.878327e-07   3.7452505e-12  3.8782896e-07  2.9262942e+09
     49000   37379.258      3.878327e-07   8.6695709e-12  3.8782403e-07  2.9263547e+09
     50000   37379.426      3.878327e-07   6.9342628e-12  3.8782577e-07  2.9263404e+09
     51000   37379.078      3.878327e-07   1.0543302e-11  3.8782216e-07  2.9263809e+09
     52000   37378.755      3.878327e-07   1.3897585e-11  3.8781881e-07  2.9264222e+09
     53000   37379.558      3.878327e-07   5.5588173e-12  3.8782715e-07  2.9263158e+09
     54000   37379.537      3.878327e-07   5.7738996e-12  3.8782693e-07  2.926326e+09 
     55000   37378.846      3.878327e-07   1.2948473e-11  3.8781975e-07  2.9263808e+09
     56000   37379.159      3.878327e-07   9.6921324e-12  3.8782301e-07  2.9263759e+09
     57000   37379.265      3.878327e-07   8.5960107e-12  3.878241e-07   2.926349e+09 
     58000   37379.427      3.878327e-07   6.9205736e-12  3.8782578e-07  2.9263304e+09
     59000   37379.023      3.878327e-07   1.1103574e-11  3.878216e-07   2.9263684e+09
     60000   37379.375      3.878327e-07   7.4524121e-12  3.8782525e-07  2.9263311e+09
     61000   37379.083      3.878327e-07   1.0480349e-11  3.8782222e-07  2.9263678e+09
     62000   37379.315      3.878327e-07   8.0736559e-12  3.8782463e-07  2.9263519e+09
     63000   37378.19       3.8783271e-07  1.9751685e-11  3.8781295e-07  2.9263648e+09
     64000   37379.059      3.878327e-07   1.0736004e-11  3.8782196e-07  2.9263709e+09
     65000   37378.712      3.878327e-07   1.4333587e-11  3.8781837e-07  2.9263808e+09
     66000   37379.619      3.878327e-07   4.9276381e-12  3.8782777e-07  2.9263135e+09
     67000   37379.274      3.878327e-07   8.50444e-12    3.878242e-07   2.9263477e+09
     68000   37378.738      3.878327e-07   1.4067487e-11  3.8781863e-07  2.9263891e+09
     69000   37379.114      3.878327e-07   1.0163211e-11  3.8782254e-07  2.9263654e+09
     70000   37379.01       3.878327e-07   1.124579e-11   3.8782145e-07  2.9263836e+09
     71000   37378.998      3.878327e-07   1.1368967e-11  3.8782133e-07  2.9263798e+09
     72000   37379.266      3.878327e-07   8.5853143e-12  3.8782411e-07  2.9263522e+09
     73000   37378.867      3.878327e-07   1.2727406e-11  3.8781997e-07  2.9264013e+09
     74000   37379.146      3.878327e-07   9.82981e-12    3.8782287e-07  2.9263853e+09
     75000   37378.878      3.878327e-07   1.2611117e-11  3.8782009e-07  2.9263858e+09
     76000   37379.095      3.878327e-07   1.0355905e-11  3.8782234e-07  2.9263643e+09
     77000   37375.179      3.8783267e-07  5.0967708e-11  3.877817e-07   2.9266734e+09
     78000   37379.382      3.878327e-07   7.3860154e-12  3.8782531e-07  2.9263304e+09
     79000   37379.031      3.878327e-07   1.1024026e-11  3.8782168e-07  2.9263658e+09
     80000   37379.359      3.878327e-07   7.6257035e-12  3.8782507e-07  2.9263418e+09
     81000   37379.458      3.878327e-07   6.594581e-12   3.8782611e-07  2.9263394e+09
     82000   37379.669      3.878327e-07   4.4075257e-12  3.8782829e-07  2.9263056e+09
     83000   37379.472      3.878327e-07   6.4462653e-12  3.8782625e-07  2.9263282e+09
     84000   37378.566      3.878327e-07   1.5847391e-11  3.8781685e-07  2.9264322e+09
     85000   37378.859      3.878327e-07   1.2812305e-11  3.8781989e-07  2.9263888e+09
     86000   37379.033      3.878327e-07   1.1001049e-11  3.878217e-07   2.9263938e+09
     87000   37379.092      3.878327e-07   1.0388509e-11  3.8782231e-07  2.9263753e+09
     88000   37378.965      3.878327e-07   1.1713355e-11  3.8782099e-07  2.9263869e+09
     89000   37379.248      3.878327e-07   8.7761237e-12  3.8782392e-07  2.926347e+09 
     90000   37376.525      3.8783271e-07  3.7037864e-11  3.8779567e-07  2.9266195e+09
     91000   37378.882      3.878327e-07   1.2568921e-11  3.8782013e-07  2.926404e+09 
     92000   37379.56       3.878327e-07   5.5402456e-12  3.8782716e-07  2.9263165e+09
     93000   37379.13       3.878327e-07   9.9971953e-12  3.878227e-07   2.9263669e+09
     94000   37378.959      3.878327e-07   1.1774258e-11  3.8782092e-07  2.9263845e+09
     95000   37378.976      3.878327e-07   1.1593892e-11  3.8782111e-07  2.9263782e+09
     96000   37379.087      3.878327e-07   1.0446551e-11  3.8782225e-07  2.9263724e+09
     97000   37379.635      3.878327e-07   4.7548994e-12  3.8782794e-07  2.9263111e+09
     98000   37378.842      3.878327e-07   1.2990061e-11  3.8781971e-07  2.9263972e+09
     99000   37379.508      3.878327e-07   6.0802196e-12  3.8782662e-07  2.9263265e+09
    100000   37379.324      3.878327e-07   7.9836344e-12  3.8782472e-07  2.9263376e+09
    101000   37378.507      3.878327e-07   1.6462005e-11  3.8781624e-07  2.926399e+09 
    102000   37378.952      3.878327e-07   1.184214e-11   3.8782086e-07  2.9263858e+09
    103000   37379.1        3.878327e-07   1.0309467e-11  3.8782239e-07  2.9263737e+09
    104000   37379.08       3.878327e-07   1.0519789e-11  3.8782218e-07  2.9263587e+09
    105000   37378.651      3.878327e-07   1.496436e-11   3.8781774e-07  2.9264023e+09
    106000   37378.9        3.878327e-07   1.2381305e-11  3.8782032e-07  2.9263768e+09
    107000   37379.052      3.878327e-07   1.080552e-11   3.8782189e-07  2.9263729e+09
    108000   37379.529      3.878327e-07   5.8590276e-12  3.8782684e-07  2.9263208e+09
    109000   37378.71       3.878327e-07   1.4350402e-11  3.8781835e-07  2.9264032e+09
    110000   37379.182      3.878327e-07   9.4548492e-12  3.8782325e-07  2.9263536e+09
    111000   37378.895      3.878327e-07   1.243328e-11   3.8782027e-07  2.9264004e+09
    112000   37378.683      3.878327e-07   1.4640221e-11  3.8781806e-07  2.9263876e+09
    113000   37379.144      3.878327e-07   9.8508563e-12  3.8782285e-07  2.9263496e+09
    114000   37379.432      3.878327e-07   6.8625688e-12  3.8782584e-07  2.9263414e+09
    115000   37377.985      3.878327e-07   2.1881775e-11  3.8781082e-07  2.9264471e+09
    116000   37379.46       3.878327e-07   6.5760186e-12  3.8782612e-07  2.9263273e+09
    117000   37378.973      3.878327e-07   1.162503e-11   3.8782107e-07  2.9263816e+09
    118000   37379.119      3.878327e-07   1.0112148e-11  3.8782259e-07  2.9263662e+09
    119000   37379.659      3.878327e-07   4.5066986e-12  3.8782819e-07  2.9263079e+09
    120000   37378.5        3.878327e-07   1.65364e-11    3.8781616e-07  2.9264039e+09
    121000   37378.67       3.878327e-07   1.4764564e-11  3.8781793e-07  2.9263871e+09
    122000   37379.243      3.878327e-07   8.823977e-12   3.8782388e-07  2.9263507e+09
    123000   37378.968      3.878327e-07   1.167193e-11   3.8782103e-07  2.9263788e+09
    124000   37379.13       3.878327e-07   9.9984741e-12  3.878227e-07   2.9263654e+09
    125000   37378.928      3.878327e-07   1.2094414e-11  3.878206e-07   2.9263905e+09
    126000   37379.174      3.878327e-07   9.5403655e-12  3.8782316e-07  2.926351e+09 
    127000   37379.363      3.878327e-07   7.5758261e-12  3.8782512e-07  2.9263502e+09
    128000   37378.793      3.878327e-07   1.3490452e-11  3.8781921e-07  2.9264037e+09
    129000   37378.489      3.878327e-07   1.6647404e-11  3.8781605e-07  2.9264305e+09
    130000   37379.349      3.878327e-07   7.7197551e-12  3.8782498e-07  2.9263358e+09
    131000   37378.571      3.878327e-07   1.5794061e-11  3.878169e-07   2.9264037e+09
    132000   37378.649      3.878327e-07   1.498941e-11   3.8781771e-07  2.9263982e+09
    133000   37378.607      3.878327e-07   1.5427468e-11  3.8781727e-07  2.9264245e+09
    134000   37378.586      3.878327e-07   1.5646963e-11  3.8781705e-07  2.9264043e+09
    135000   37378.714      3.878327e-07   1.4315745e-11  3.8781838e-07  2.9264107e+09
    136000   37379.572      3.878327e-07   5.4108616e-12  3.8782729e-07  2.9263182e+09
    137000   37379.159      3.878327e-07   9.7001605e-12  3.87823e-07    2.9263477e+09
    138000   37379.28       3.878327e-07   8.4426762e-12  3.8782426e-07  2.9263444e+09
    139000   37369.819      3.8783274e-07  1.0665136e-10  3.8772609e-07  2.9268892e+09
    140000   37378.143      3.878327e-07   2.0237122e-11  3.8781246e-07  2.9264574e+09
    141000   37378.646      3.878327e-07   1.5021016e-11  3.8781768e-07  2.926411e+09 
    142000   37379.576      3.878327e-07   5.3734274e-12  3.8782733e-07  2.9263184e+09
    143000   37379.305      3.878327e-07   8.1849264e-12  3.8782451e-07  2.9263484e+09
    144000   37378.912      3.878327e-07   1.2262648e-11  3.8782044e-07  2.9263897e+09
    145000   37379.357      3.878327e-07   7.6375881e-12  3.8782506e-07  2.9263353e+09
    146000   37378.768      3.8783269e-07  1.3748196e-11  3.8781894e-07  2.9264283e+09
    147000   37379.449      3.878327e-07   6.6859011e-12  3.8782601e-07  2.9263372e+09
    148000   37378.928      3.878327e-07   1.2088187e-11  3.8782061e-07  2.9263954e+09
    149000   37378.98       3.878327e-07   1.1552982e-11  3.8782115e-07  2.9263837e+09
    150000   37379.146      3.878327e-07   9.8268559e-12  3.8782287e-07  2.9263429e+09
    151000   37379.658      3.878327e-07   4.51976e-12    3.8782818e-07  2.9263043e+09
    152000   37378.635      3.878327e-07   1.5130265e-11  3.8781757e-07  2.9264166e+09
    153000   37379.306      3.878327e-07   8.1685769e-12  3.8782453e-07  2.9263387e+09
    154000   37379.306      3.878327e-07   8.1721407e-12  3.8782453e-07  2.9263463e+09
    155000   37379.692      3.878327e-07   4.167987e-12   3.8782853e-07  2.9263035e+09
    156000   37379.562      3.878327e-07   5.515509e-12   3.8782718e-07  2.9263164e+09
    157000   37379.594      3.878327e-07   5.1858912e-12  3.8782751e-07  2.9263059e+09
    158000   37378.454      3.878327e-07   1.7012318e-11  3.8781569e-07  2.9264301e+09
    159000   37378.806      3.878327e-07   1.3355182e-11  3.8781934e-07  2.9264074e+09
    160000   37379.281      3.878327e-07   8.4319113e-12  3.8782427e-07  2.9263422e+09
    161000   37379.226      3.878327e-07   8.9969089e-12  3.878237e-07   2.9263766e+09
    162000   37379.015      3.878327e-07   1.1188432e-11  3.8782151e-07  2.9263747e+09
    163000   37379.602      3.878327e-07   5.102234e-12   3.878276e-07   2.9263118e+09
    164000   37379.39       3.878327e-07   7.3007376e-12  3.878254e-07   2.9263279e+09
    165000   37379.216      3.878327e-07   9.1022394e-12  3.878236e-07   2.926354e+09 
    166000   37378.904      3.878327e-07   1.2344258e-11  3.8782036e-07  2.9263755e+09
    167000   37379.478      3.878327e-07   6.3916976e-12  3.8782631e-07  2.9263306e+09
    168000   37375.166      3.8783275e-07  5.1172882e-11  3.8778157e-07  2.9266416e+09
    169000   37378.832      3.878327e-07   1.3087691e-11  3.8781961e-07  2.9263867e+09
    170000   37378.936      3.878327e-07   1.2014092e-11  3.8782069e-07  2.926397e+09 
    171000   37379.566      3.878327e-07   5.4735538e-12  3.8782723e-07  2.9263217e+09
    172000   37379.256      3.878327e-07   8.6871826e-12  3.8782401e-07  2.9263556e+09
    173000   37379.069      3.878327e-07   1.0635616e-11  3.8782206e-07  2.9263823e+09
    174000   37378.999      3.878327e-07   1.1361778e-11  3.8782134e-07  2.9263784e+09
    175000   37379.139      3.878327e-07   9.8988793e-12  3.878228e-07   2.9263775e+09
    176000   37379.115      3.878327e-07   1.0153625e-11  3.8782255e-07  2.9263687e+09
    177000   37379.258      3.878327e-07   8.6642518e-12  3.8782404e-07  2.9263605e+09
    178000   37378.79       3.878327e-07   1.3521617e-11  3.8781918e-07  2.9263988e+09
    179000   37378.735      3.878327e-07   1.4095642e-11  3.878186e-07   2.9263944e+09
    180000   37378.496      3.878327e-07   1.6573884e-11  3.8781612e-07  2.9264473e+09
    181000   37378.959      3.878327e-07   1.1774642e-11  3.8782093e-07  2.926376e+09 
    182000   37378.97       3.878327e-07   1.1654904e-11  3.8782104e-07  2.9263657e+09
    183000   37379.057      3.878327e-07   1.075216e-11   3.8782195e-07  2.9263866e+09
    184000   37379.189      3.878327e-07   9.388771e-12   3.8782331e-07  2.926369e+09 
    185000   37379.519      3.878327e-07   5.9641693e-12  3.8782674e-07  2.926319e+09 
    186000   37379.022      3.878327e-07   1.1121588e-11  3.8782158e-07  2.9263711e+09
    187000   37378.649      3.878327e-07   1.4987412e-11  3.8781771e-07  2.9264136e+09
    188000   37379.208      3.878327e-07   9.1900432e-12  3.8782351e-07  2.9263594e+09
    189000   37379.352      3.878327e-07   7.6980519e-12  3.87825e-07    2.9263442e+09
    190000   37379.338      3.878327e-07   7.8350858e-12  3.8782486e-07  2.9263365e+09
    191000   37379.257      3.878327e-07   8.6808946e-12  3.8782402e-07  2.9263614e+09
    192000   37379.357      3.878327e-07   7.6404799e-12  3.8782506e-07  2.9263418e+09
    193000   37379.208      3.878327e-07   9.1922109e-12  3.8782351e-07  2.9263562e+09
    194000   37379.291      3.878327e-07   8.3274748e-12  3.8782437e-07  2.9263497e+09
    195000   37378.949      3.878327e-07   1.1875851e-11  3.8782082e-07  2.9263827e+09
    196000   37379.648      3.878327e-07   4.6195933e-12  3.8782808e-07  2.9263076e+09
    197000   37379.512      3.878327e-07   6.0379557e-12  3.8782666e-07  2.9263191e+09
    198000   37379.41       3.878327e-07   7.0908623e-12  3.8782561e-07  2.9263311e+09
    199000   37379.22       3.878327e-07   9.0628284e-12  3.8782364e-07  2.9263568e+09
    200000   37379.46       3.878327e-07   6.5743471e-12  3.8782613e-07  2.9263293e+09
    201000   37379.416      3.878327e-07   7.0321628e-12  3.8782567e-07  2.9263455e+09
    202000   37378.787      3.878327e-07   1.3555588e-11  3.8781914e-07  2.9264007e+09
    203000   37379.186      3.878327e-07   9.4178823e-12  3.8782328e-07  2.926363e+09 
    204000   37379.182      3.878327e-07   9.454396e-12   3.8782325e-07  2.9263708e+09
    205000   37378.891      3.878327e-07   1.2473277e-11  3.8782023e-07  2.9263965e+09
    206000   37378.025      3.878327e-07   2.1456064e-11  3.8781124e-07  2.926503e+09 
    207000   37379.307      3.878327e-07   8.1620588e-12  3.8782454e-07  2.9263547e+09
    208000   37378.8        3.878327e-07   1.3422546e-11  3.8781928e-07  2.9264085e+09
    209000   37379.255      3.878327e-07   8.7024429e-12  3.87824e-07    2.926346e+09 
    210000   37379.199      3.878327e-07   9.2776154e-12  3.8782342e-07  2.9263595e+09
    211000   37378.82       3.878327e-07   1.3213054e-11  3.8781949e-07  2.9264095e+09
    212000   37378.984      3.878327e-07   1.1506839e-11  3.8782119e-07  2.9263596e+09
    213000   37379.227      3.878327e-07   8.9879521e-12  3.8782371e-07  2.9263732e+09
    214000   37379.349      3.878327e-07   7.7231706e-12  3.8782498e-07  2.9263456e+09
    215000   37379.485      3.878327e-07   6.3165259e-12  3.8782638e-07  2.9263268e+09
    216000   37379.53       3.878327e-07   5.8458275e-12  3.8782685e-07  2.9263165e+09
    217000   37379.491      3.878327e-07   6.2505229e-12  3.8782645e-07  2.9263279e+09
    218000   37378.773      3.878327e-07   1.3702488e-11  3.8781899e-07  2.9264024e+09
    219000   37379.692      3.878327e-07   4.1655654e-12  3.8782853e-07  2.9262979e+09
    220000   37378.496      3.878327e-07   1.6578677e-11  3.8781612e-07  2.9264232e+09
    221000   37378.708      3.878327e-07   1.4372688e-11  3.8781833e-07  2.9264138e+09
    222000   37379.06       3.878327e-07   1.0718682e-11  3.8782198e-07  2.9263682e+09
    223000   37378.072      3.878327e-07   2.0974229e-11  3.8781173e-07  2.9264088e+09
    224000   37379.378      3.878327e-07   7.4223252e-12  3.8782528e-07  2.9263388e+09
    225000   37379.304      3.878327e-07   8.1963091e-12  3.878245e-07   2.9263517e+09
    226000   37379.278      3.878327e-07   8.4591722e-12  3.8782424e-07  2.9263404e+09
    227000   37379.311      3.878327e-07   8.1139897e-12  3.8782459e-07  2.9263449e+09
    228000   37378.863      3.878327e-07   1.2762661e-11  3.8781994e-07  2.926396e+09 
    229000   37378.184      3.878327e-07   1.9815497e-11  3.8781289e-07  2.9264802e+09
    230000   37378.051      3.8783271e-07  2.1198048e-11  3.8781151e-07  2.926489e+09 
    231000   37379.489      3.878327e-07   6.2696385e-12  3.8782643e-07  2.9263243e+09
    232000   37379.329      3.878327e-07   7.9365538e-12  3.8782476e-07  2.9263519e+09
    233000   37378.4        3.878327e-07   1.7574582e-11  3.8781513e-07  2.926416e+09 
    234000   37379.233      3.878327e-07   8.9307874e-12  3.8782377e-07  2.9263598e+09
    235000   37378.895      3.878327e-07   1.2429623e-11  3.8782027e-07  2.9264025e+09
    236000   37378.598      3.878327e-07   1.5518262e-11  3.8781718e-07  2.9264055e+09
    237000   37379.161      3.878327e-07   9.6756149e-12  3.8782302e-07  2.9263644e+09
    238000   37379.188      3.878327e-07   9.3921604e-12  3.8782331e-07  2.9263568e+09
    239000   37379.321      3.878327e-07   8.0115918e-12  3.8782469e-07  2.9263494e+09
    240000   37379.136      3.878327e-07   9.9337793e-12  3.8782277e-07  2.9263754e+09
    241000   37379.003      3.878327e-07   1.1313094e-11  3.8782139e-07  2.9263866e+09
    242000   37379.113      3.878327e-07   1.016884e-11   3.8782253e-07  2.9263723e+09
    243000   37379.029      3.878327e-07   1.1040588e-11  3.8782166e-07  2.9263649e+09
    244000   37377.475      3.878327e-07   2.7172475e-11  3.8780553e-07  2.9264575e+09
    245000   37379.399      3.878327e-07   7.2087719e-12  3.8782549e-07  2.9263305e+09
    246000   37379.789      3.878327e-07   3.1584667e-12  3.8782954e-07  2.9262866e+09
    247000   37379.191      3.878327e-07   9.3681726e-12  3.8782333e-07  2.9263619e+09
    248000   37379.431      3.878327e-07   6.8742255e-12  3.8782583e-07  2.9263377e+09
    249000   37377.735      3.878327e-07   2.4475113e-11  3.8780822e-07  2.9264186e+09
    250000   37379.119      3.878327e-07   1.0108649e-11  3.8782259e-07  2.9263675e+09
    251000   37378.705      3.878327e-07   1.4402206e-11  3.878183e-07   2.9263897e+09
    252000   37379.19       3.878327e-07   9.3778026e-12  3.8782332e-07  2.9263519e+09
    253000   37378.716      3.878327e-07   1.4296563e-11  3.878184e-07   2.9264049e+09
    254000   37379.641      3.878327e-07   4.6933393e-12  3.8782801e-07  2.9263091e+09
    255000   37378.97       3.878327e-07   1.1654129e-11  3.8782105e-07  2.9263739e+09
    256000   37378.659      3.878327e-07   1.4883287e-11  3.8781782e-07  2.9264035e+09
    257000   37379.014      3.878327e-07   1.1196883e-11  3.878215e-07   2.9263804e+09
    258000   37378.857      3.878327e-07   1.2824863e-11  3.8781988e-07  2.926389e+09 
    259000   37379.32       3.878327e-07   8.0195525e-12  3.8782468e-07  2.9263472e+09
    260000   37379.379      3.878327e-07   7.4117276e-12  3.8782529e-07  2.9263472e+09
    261000   37379.35       3.878327e-07   7.7151242e-12  3.8782498e-07  2.9263397e+09
    262000   37378.89       3.878327e-07   1.2490487e-11  3.8782021e-07  2.9263877e+09
    263000   37379.151      3.878327e-07   9.7747797e-12  3.8782293e-07  2.9263546e+09
    264000   37379.191      3.878327e-07   9.3633909e-12  3.8782334e-07  2.926351e+09 
    265000   37379.369      3.878327e-07   7.515615e-12   3.8782518e-07  2.9263447e+09
    266000   37379.22       3.878327e-07   9.067732e-12   3.8782363e-07  2.9263525e+09
    267000   37379.173      3.878327e-07   9.5533748e-12  3.8782315e-07  2.9263633e+09
    268000   37379.164      3.878327e-07   9.6488278e-12  3.8782305e-07  2.9263551e+09
    269000   37378.564      3.878327e-07   1.5865909e-11  3.8781683e-07  2.9264214e+09
    270000   37379.064      3.878327e-07   1.0678035e-11  3.8782202e-07  2.926379e+09 
    271000   37379.437      3.878327e-07   6.8134634e-12  3.8782589e-07  2.9263323e+09
    272000   37379.425      3.878327e-07   6.9367336e-12  3.8782576e-07  2.9263215e+09
    273000   37379.343      3.878327e-07   7.7875245e-12  3.8782491e-07  2.9263335e+09
    274000   37378.981      3.878327e-07   1.1538932e-11  3.8782116e-07  2.9263808e+09
    275000   37379          3.878327e-07   1.1342283e-11  3.8782136e-07  2.9263884e+09
    276000   37378.856      3.878327e-07   1.2841387e-11  3.8781986e-07  2.9264148e+09
    277000   37379.223      3.878327e-07   9.0305255e-12  3.8782367e-07  2.9263648e+09
    278000   37378.945      3.878327e-07   1.1920299e-11  3.8782078e-07  2.9263759e+09
    279000   37378.886      3.878327e-07   1.2529429e-11  3.8782017e-07  2.926373e+09 
    280000   37378.995      3.878327e-07   1.1397924e-11  3.878213e-07   2.9263867e+09
    281000   37378.921      3.878327e-07   1.2166878e-11  3.8782053e-07  2.9263772e+09
    282000   37379.215      3.878327e-07   9.1115752e-12  3.8782359e-07  2.9263444e+09
    283000   37378.561      3.878327e-07   1.5899911e-11  3.878168e-07   2.9264249e+09
    284000   37378.98       3.878327e-07   1.1554932e-11  3.8782114e-07  2.9263725e+09
    285000   37379.104      3.878327e-07   1.0269796e-11  3.8782243e-07  2.9263692e+09
    286000   37378.428      3.878327e-07   1.7280247e-11  3.8781542e-07  2.9264672e+09
    287000   37379.595      3.878327e-07   5.1776448e-12  3.8782752e-07  2.9263209e+09
    288000   37379.547      3.878327e-07   5.6672141e-12  3.8782703e-07  2.9263196e+09
    289000   37379.141      3.878327e-07   9.8816564e-12  3.8782282e-07  2.9263624e+09
    290000   37379.211      3.878327e-07   9.1587519e-12  3.8782354e-07  2.92635e+09  
    291000   37379.639      3.878327e-07   4.7122013e-12  3.8782799e-07  2.9263029e+09
    292000   37379.437      3.878327e-07   6.8075332e-12  3.8782589e-07  2.9263319e+09
    293000   37379.188      3.878327e-07   9.3999095e-12  3.878233e-07   2.9263612e+09
    294000   37379.539      3.878327e-07   5.7570538e-12  3.8782694e-07  2.9263262e+09
    295000   37379.543      3.878327e-07   5.7115444e-12  3.8782699e-07  2.9263207e+09
    296000   37379.549      3.878327e-07   5.6447257e-12  3.8782705e-07  2.9263281e+09
    297000   37379.257      3.878327e-07   8.6798795e-12  3.8782402e-07  2.9263571e+09
    298000   37379.221      3.878327e-07   9.0530303e-12  3.8782365e-07  2.9263485e+09
    299000   37379.024      3.878327e-07   1.1094671e-11  3.878216e-07   2.9263728e+09
    300000   37378.361      3.878327e-07   1.797488e-11   3.8781472e-07  2.9264149e+09
    301000   37379.391      3.878327e-07   7.2845023e-12  3.8782542e-07  2.9263358e+09
    302000   37378.684      3.878327e-07   1.4620491e-11  3.8781808e-07  2.9263962e+09
    303000   37379.228      3.878327e-07   8.9836021e-12  3.8782372e-07  2.9263504e+09
    304000   37379.466      3.878327e-07   6.5139043e-12  3.8782619e-07  2.9263325e+09
    305000   37379.39       3.878327e-07   7.2957656e-12  3.878254e-07   2.9263419e+09
    306000   37379.382      3.878327e-07   7.3866088e-12  3.8782531e-07  2.9263482e+09
    307000   37379.02       3.878327e-07   1.1138285e-11  3.8782156e-07  2.9263859e+09
    308000   37378.77       3.878327e-07   1.3734608e-11  3.8781897e-07  2.9263966e+09
    309000   37378.865      3.878327e-07   1.2744711e-11  3.8781995e-07  2.9263884e+09
    310000   37379.03       3.878327e-07   1.1036948e-11  3.8782166e-07  2.9263726e+09
    311000   37379.284      3.878327e-07   8.4034277e-12  3.878243e-07   2.9263492e+09
    312000   37379.382      3.878327e-07   7.3781369e-12  3.8782532e-07  2.9263458e+09
    313000   37379.375      3.878327e-07   7.4596407e-12  3.8782524e-07  2.9263276e+09
    314000   37379.321      3.878327e-07   8.0105059e-12  3.8782469e-07  2.9263505e+09
    315000   37379.394      3.878327e-07   7.2594749e-12  3.8782544e-07  2.926334e+09 
    316000   37378.7        3.878327e-07   1.4462231e-11  3.8781824e-07  2.9263938e+09
    317000   37379.405      3.878327e-07   7.1408163e-12  3.8782556e-07  2.9263403e+09
    318000   37378.756      3.878327e-07   1.3873398e-11  3.8781883e-07  2.9264147e+09
    319000   37379.386      3.878327e-07   7.3437659e-12  3.8782536e-07  2.926337e+09 
    320000   37379.624      3.878327e-07   4.8673468e-12  3.8782783e-07  2.9263069e+09
    321000   37379.069      3.878327e-07   1.0629416e-11  3.8782207e-07  2.9263802e+09
    322000   37378.919      3.878327e-07   1.21885e-11    3.8782051e-07  2.9263954e+09
    323000   37378.507      3.878327e-07   1.6459452e-11  3.8781624e-07  2.9264199e+09
    324000   37379.545      3.878327e-07   5.691929e-12   3.8782701e-07  2.9263146e+09
    325000   37378.831      3.878327e-07   1.310229e-11   3.878196e-07   2.9264018e+09
    326000   37379.182      3.878327e-07   9.4591491e-12  3.8782324e-07  2.926351e+09 
    327000   37378.818      3.878327e-07   1.322999e-11   3.8781947e-07  2.9263884e+09
    328000   37379.346      3.878327e-07   7.7598031e-12  3.8782494e-07  2.9263413e+09
    329000   37378.94       3.878327e-07   1.197307e-11   3.8782073e-07  2.926377e+09 
    330000   37379.292      3.878327e-07   8.3190784e-12  3.8782438e-07  2.9263567e+09
    331000   37379.074      3.878327e-07   1.0573389e-11  3.8782213e-07  2.926361e+09 
    332000   37378.939      3.878327e-07   1.1981372e-11  3.8782072e-07  2.9263909e+09
    333000   37378.983      3.878327e-07   1.1520439e-11  3.8782118e-07  2.9263729e+09
    334000   37379.218      3.878327e-07   9.0835398e-12  3.8782362e-07  2.9263462e+09
    335000   37378.778      3.878327e-07   1.3647018e-11  3.8781905e-07  2.9263852e+09
    336000   37379.664      3.878327e-07   4.4533527e-12  3.8782825e-07  2.9263063e+09
    337000   37377.3        3.878327e-07   2.8989615e-11  3.8780371e-07  2.9265443e+09
    338000   37379.139      3.878327e-07   9.8991332e-12  3.878228e-07   2.9263691e+09
    339000   37379.358      3.878327e-07   7.6300904e-12  3.8782507e-07  2.9263459e+09
    340000   37379.193      3.878327e-07   9.3414851e-12  3.8782336e-07  2.926373e+09 
    341000   37378.903      3.878327e-07   1.2348663e-11  3.8782035e-07  2.9263681e+09
    342000   37379.556      3.878327e-07   5.5815026e-12  3.8782712e-07  2.9263227e+09
    343000   37379.047      3.878327e-07   1.0855014e-11  3.8782185e-07  2.9263907e+09
    344000   37378.965      3.878327e-07   1.1709027e-11  3.8782099e-07  2.9263769e+09
    345000   37379.278      3.878327e-07   8.4626897e-12  3.8782424e-07  2.9263529e+09
    346000   37379.536      3.878327e-07   5.7827945e-12  3.8782692e-07  2.9263239e+09
    347000   37379.426      3.878327e-07   6.9250139e-12  3.8782577e-07  2.9263246e+09
    348000   37379.226      3.878327e-07   9.0029722e-12  3.878237e-07   2.9263671e+09
    349000   37378.967      3.878327e-07   1.1688118e-11  3.8782101e-07  2.9263813e+09
    350000   37379.373      3.878327e-07   7.4750627e-12  3.8782522e-07  2.9263372e+09
    351000   37379.386      3.878327e-07   7.3436014e-12  3.8782536e-07  2.9263545e+09
    352000   37379.196      3.878327e-07   9.3124287e-12  3.8782339e-07  2.9263498e+09
    353000   37379.505      3.878327e-07   6.1052864e-12  3.8782659e-07  2.9263214e+09
    354000   37379.376      3.878327e-07   7.4429711e-12  3.8782526e-07  2.9263387e+09
    355000   37378.792      3.878327e-07   1.3507189e-11  3.8781919e-07  2.9263932e+09
    356000   37378.687      3.878327e-07   1.4595955e-11  3.878181e-07   2.9264118e+09
    357000   37378.826      3.878327e-07   1.3151775e-11  3.8781955e-07  2.9263988e+09
    358000   37379.727      3.878327e-07   3.8067921e-12  3.8782889e-07  2.9262996e+09
    359000   37377.797      3.878327e-07   2.3833081e-11  3.8780887e-07  2.9265094e+09
    360000   37379.225      3.878327e-07   9.0066421e-12  3.8782369e-07  2.9263622e+09
    361000   37378.972      3.878327e-07   1.163448e-11   3.8782106e-07  2.9264129e+09
    362000   37378.673      3.878327e-07   1.4734715e-11  3.8781797e-07  2.9264148e+09
    363000   37379.267      3.878327e-07   8.5737802e-12  3.8782413e-07  2.9263657e+09
    364000   37379.02       3.878327e-07   1.1134675e-11  3.8782156e-07  2.9263719e+09
    365000   37379.119      3.878327e-07   1.0110873e-11  3.8782259e-07  2.9263447e+09
    366000   37379.352      3.878327e-07   7.6953266e-12  3.87825e-07    2.9263413e+09
    367000   37379.012      3.878327e-07   1.1214806e-11  3.8782148e-07  2.926392e+09 
    368000   37379.175      3.878327e-07   9.5332589e-12  3.8782317e-07  2.9263657e+09
    369000   37379.124      3.878327e-07   1.0059298e-11  3.8782264e-07  2.9263728e+09
    370000   37379.081      3.878327e-07   1.0504711e-11  3.878222e-07   2.9263592e+09
    371000   37379.761      3.878327e-07   3.447185e-12   3.8782925e-07  2.9262932e+09
    372000   37379.559      3.878327e-07   5.5448066e-12  3.8782715e-07  2.9263215e+09
    373000   37379.371      3.878327e-07   7.4981685e-12  3.878252e-07   2.9263482e+09
    374000   37379.492      3.878327e-07   6.2435258e-12  3.8782646e-07  2.9263345e+09
    375000   37379.249      3.878327e-07   8.7676922e-12  3.8782393e-07  2.9263523e+09
    376000   37379.745      3.878327e-07   3.6206233e-12  3.8782908e-07  2.926289e+09 
    377000   37378.283      3.878327e-07   1.8782695e-11  3.8781392e-07  2.9264398e+09
    378000   37379.624      3.878327e-07   4.8706707e-12  3.8782783e-07  2.9263135e+09
    379000   37378.895      3.878327e-07   1.2438085e-11  3.8782026e-07  2.9264026e+09
    380000   37379.267      3.878327e-07   8.576745e-12   3.8782412e-07  2.9263641e+09
    381000   37379.259      3.878327e-07   8.6564842e-12  3.8782404e-07  2.9263558e+09
    382000   37379.243      3.878327e-07   8.8286895e-12  3.8782387e-07  2.9263609e+09
    383000   37379.427      3.878327e-07   6.9110501e-12  3.8782579e-07  2.9263212e+09
    384000   37379.254      3.878327e-07   8.7098987e-12  3.8782399e-07  2.9263596e+09
    385000   37378.687      3.878327e-07   1.4588452e-11  3.8781811e-07  2.9263985e+09
    386000   37378.682      3.878327e-07   1.4641024e-11  3.8781806e-07  2.9263937e+09
    387000   37379.249      3.878327e-07   8.7640178e-12  3.8782394e-07  2.9263609e+09
    388000   37379.377      3.878327e-07   7.4299682e-12  3.8782527e-07  2.9263409e+09
    389000   37379.478      3.878327e-07   6.3855701e-12  3.8782631e-07  2.9263257e+09
    390000   37379.368      3.878327e-07   7.5280104e-12  3.8782517e-07  2.9263383e+09
    391000   37378.808      3.878327e-07   1.3333124e-11  3.8781937e-07  2.9263875e+09
    392000   37379.269      3.878327e-07   8.5527677e-12  3.8782415e-07  2.9263609e+09
    393000   37379.234      3.878327e-07   8.9151907e-12  3.8782378e-07  2.9263431e+09
    394000   37379.397      3.878327e-07   7.2252582e-12  3.8782547e-07  2.92635e+09  
    395000   37379.104      3.878327e-07   1.0259198e-11  3.8782244e-07  2.9263832e+09
    396000   37379.16       3.878327e-07   9.683594e-12   3.8782302e-07  2.9263706e+09
    397000   37379.638      3.878327e-07   4.7271177e-12  3.8782797e-07  2.9263067e+09
    398000   37378.8        3.878327e-07   1.3424566e-11  3.8781927e-07  2.9263889e+09
    399000   37379.488      3.878327e-07   6.2836575e-12  3.8782642e-07  2.9263259e+09
    400000   37379.313      3.878327e-07   8.1001225e-12  3.878246e-07   2.926338e+09 
    401000   37379.366      3.878327e-07   7.5452862e-12  3.8782515e-07  2.9263479e+09
    402000   37378.292      3.8783271e-07  1.8694958e-11  3.8781401e-07  2.9263756e+09
    403000   37379.06       3.878327e-07   1.0719822e-11  3.8782198e-07  2.9263592e+09
    404000   37379.129      3.878327e-07   1.0004293e-11  3.8782269e-07  2.9263729e+09
    405000   37379.706      3.878327e-07   4.0212261e-12  3.8782868e-07  2.9262965e+09
    406000   37379.33       3.878327e-07   7.9255078e-12  3.8782477e-07  2.926346e+09 
    407000   37379.618      3.878327e-07   4.9345542e-12  3.8782777e-07  2.9263083e+09
    408000   37379.18       3.878327e-07   9.4777794e-12  3.8782322e-07  2.9263736e+09
    409000   37379.504      3.878327e-07   6.1155295e-12  3.8782658e-07  2.9263237e+09
    410000   37378.461      3.878327e-07   1.6942264e-11  3.8781576e-07  2.9264112e+09
    411000   37379.104      3.878327e-07   1.0267692e-11  3.8782243e-07  2.9263748e+09
    412000   37379.17       3.878327e-07   9.5778456e-12  3.8782312e-07  2.926367e+09 
    413000   37376.105      3.8783235e-07  4.1031191e-11  3.8779132e-07  2.9263947e+09
    414000   37379.179      3.878327e-07   9.4900086e-12  3.8782321e-07  2.9263591e+09
    415000   37379.545      3.878327e-07   5.6899422e-12  3.8782701e-07  2.9263219e+09
    416000   37379.118      3.878327e-07   1.012164e-11   3.8782258e-07  2.9263696e+09
    417000   37379.012      3.878327e-07   1.1216944e-11  3.8782148e-07  2.9263754e+09
    418000   37379.17       3.878327e-07   9.5799863e-12  3.8782312e-07  2.9263548e+09
    419000   37379.263      3.878327e-07   8.6182839e-12  3.8782408e-07  2.9263431e+09
    420000   37379.277      3.878327e-07   8.4763759e-12  3.8782422e-07  2.926347e+09 
    421000   37379.072      3.878327e-07   1.0594998e-11  3.878221e-07   2.9263663e+09
    422000   37379.148      3.878327e-07   9.8058219e-12  3.8782289e-07  2.9263702e+09
    423000   37379.023      3.878327e-07   1.1106832e-11  3.878216e-07   2.9263663e+09
    424000   37378.857      3.878327e-07   1.2829177e-11  3.8781987e-07  2.9263783e+09
    425000   37378.898      3.878327e-07   1.2406878e-11  3.8782029e-07  2.9263853e+09
    426000   37379.645      3.878327e-07   4.6492697e-12  3.8782805e-07  2.9263096e+09
    427000   37379.38       3.878327e-07   7.4065816e-12  3.8782529e-07  2.9263457e+09
    428000   37378.547      3.878327e-07   1.6048783e-11  3.8781665e-07  2.9264488e+09
    429000   37378.844      3.878327e-07   1.296418e-11   3.8781974e-07  2.9263993e+09
    430000   37379.404      3.878327e-07   7.151907e-12   3.8782555e-07  2.926338e+09 
    431000   37379.107      3.878327e-07   1.0232439e-11  3.8782247e-07  2.9263766e+09
    432000   37379.507      3.878327e-07   6.0863821e-12  3.8782661e-07  2.9263332e+09
    433000   37378.254      3.878327e-07   1.9083839e-11  3.8781362e-07  2.9264385e+09
    434000   37378.536      3.878327e-07   1.6165441e-11  3.8781653e-07  2.9263959e+09
    435000   37379.015      3.878327e-07   1.1191433e-11  3.8782151e-07  2.9263725e+09
    436000   37379.204      3.878327e-07   9.2297451e-12  3.8782347e-07  2.9263627e+09
    437000   37379.3        3.878327e-07   8.2313338e-12  3.8782447e-07  2.9263413e+09
    438000   37378.958      3.878327e-07   1.178097e-11   3.8782092e-07  2.9263676e+09
    439000   37379.162      3.878327e-07   9.6652913e-12  3.8782303e-07  2.9263661e+09
    440000   37379.134      3.878327e-07   9.9552014e-12  3.8782274e-07  2.9263775e+09
    441000   37378.935      3.878327e-07   1.2024817e-11  3.8782067e-07  2.9263835e+09
    442000   37378.747      3.878327e-07   1.3974341e-11  3.8781872e-07  2.9263966e+09
    443000   37379.115      3.878327e-07   1.0149111e-11  3.8782255e-07  2.9263789e+09
    444000   37379.607      3.878327e-07   5.0498411e-12  3.8782765e-07  2.926308e+09 
    445000   37379.5        3.878327e-07   6.1554362e-12  3.8782654e-07  2.9263283e+09
    446000   37379.144      3.878327e-07   9.8522888e-12  3.8782285e-07  2.9263716e+09
    447000   37378.469      3.878327e-07   1.6856987e-11  3.8781584e-07  2.926406e+09 
    448000   37379.637      3.878327e-07   4.7410843e-12  3.8782796e-07  2.9263126e+09
    449000   37379.232      3.878327e-07   8.9400095e-12  3.8782376e-07  2.9263487e+09
    450000   37379.436      3.878327e-07   6.8175635e-12  3.8782588e-07  2.9263354e+09
    451000   37379.481      3.878327e-07   6.3529193e-12  3.8782635e-07  2.9263206e+09
    452000   37379.046      3.878327e-07   1.0871199e-11  3.8782183e-07  2.9263788e+09
    453000   37379.001      3.878327e-07   1.1334556e-11  3.8782136e-07  2.9263852e+09
    454000   37379.648      3.878327e-07   4.6177795e-12  3.8782808e-07  2.9263146e+09
    455000   37379.128      3.878327e-07   1.0015824e-11  3.8782268e-07  2.9263733e+09
    456000   37379.288      3.878327e-07   8.3547649e-12  3.8782435e-07  2.9263618e+09
    457000   37378.919      3.878327e-07   1.21808e-11    3.8782052e-07  2.9263748e+09
    458000   37378.654      3.878327e-07   1.4934352e-11  3.8781777e-07  2.926414e+09 
    459000   37378.036      3.878327e-07   2.1345547e-11  3.8781135e-07  2.9264343e+09
    460000   37379.458      3.878327e-07   6.5961133e-12  3.878261e-07   2.9263316e+09
    461000   37379.078      3.878327e-07   1.0540771e-11  3.8782216e-07  2.9263849e+09
    462000   37379.537      3.878327e-07   5.7701632e-12  3.8782693e-07  2.9263271e+09
    463000   37379.22       3.878327e-07   9.06472e-12    3.8782363e-07  2.9263688e+09
    464000   37378.823      3.878327e-07   1.3187534e-11  3.8781951e-07  2.9264067e+09
    465000   37379.156      3.878327e-07   9.7231643e-12  3.8782298e-07  2.9263725e+09
    466000   37378.992      3.878327e-07   1.1431009e-11  3.8782127e-07  2.9263744e+09
    467000   37379.142      3.878327e-07   9.8672553e-12  3.8782283e-07  2.9263697e+09
    468000   37379.195      3.878327e-07   9.3220945e-12  3.8782338e-07  2.9263602e+09
    469000   37379.537      3.8783269e-07  5.7651117e-12  3.8782693e-07  2.9263122e+09
    470000   37379.398      3.878327e-07   7.2207666e-12  3.8782548e-07  2.9263439e+09
    471000   37379.418      3.878327e-07   7.0059273e-12  3.8782569e-07  2.9263419e+09
    472000   37379.173      3.878327e-07   9.5533468e-12  3.8782315e-07  2.9263549e+09
    473000   37373.632      3.8783263e-07  6.6969208e-11  3.8776566e-07  2.9267253e+09
    474000   37379.141      3.878327e-07   9.877841e-12   3.8782282e-07  2.9263705e+09
    475000   37379.374      3.878327e-07   7.4645698e-12  3.8782523e-07  2.926335e+09 
    476000   37378.161      3.8783271e-07  2.0054161e-11  3.8781265e-07  2.9264829e+09
    477000   37379.206      3.878327e-07   9.2128278e-12  3.8782349e-07  2.926354e+09 
    478000   37379.155      3.878327e-07   9.7405229e-12  3.8782296e-07  2.9263597e+09
    479000   37379.22       3.878327e-07   9.0588835e-12  3.8782364e-07  2.9263473e+09
    480000   37378.713      3.878327e-07   1.4323846e-11  3.8781838e-07  2.9264064e+09
    481000   37379.404      3.878327e-07   7.1539124e-12  3.8782555e-07  2.926343e+09 
    482000   37378.849      3.878327e-07   1.2911208e-11  3.8781979e-07  2.926388e+09 
    483000   37379.192      3.878327e-07   9.3535784e-12  3.8782335e-07  2.9263645e+09
    484000   37378.907      3.878327e-07   1.2314855e-11  3.8782038e-07  2.9263814e+09
    485000   37379.387      3.878327e-07   7.3359885e-12  3.8782536e-07  2.9263227e+09
    486000   37378.954      3.878327e-07   1.182493e-11   3.8782088e-07  2.9263828e+09
    487000   37379.52       3.878327e-07   5.9560341e-12  3.8782674e-07  2.9263254e+09
    488000   37378.905      3.878327e-07   1.232907e-11   3.8782037e-07  2.9263871e+09
    489000   37379.226      3.878327e-07   9.0023547e-12  3.878237e-07   2.9263588e+09
    490000   37379.03       3.878327e-07   1.1031362e-11  3.8782167e-07  2.9263801e+09
    491000   37379.295      3.878327e-07   8.2803223e-12  3.8782442e-07  2.9263501e+09
    492000   37378.833      3.878327e-07   1.3074656e-11  3.8781962e-07  2.9264004e+09
    493000   37378.99       3.878327e-07   1.1448451e-11  3.8782125e-07  2.9263703e+09
    494000   37379.333      3.878327e-07   7.8930982e-12  3.8782481e-07  2.9263339e+09
    495000   37378.952      3.878327e-07   1.1847341e-11  3.8782085e-07  2.926384e+09 
    496000   37378.089      3.878327e-07   2.079542e-11   3.878119e-07   2.9264401e+09
    497000   37379.259      3.878327e-07   8.6611326e-12  3.8782404e-07  2.9263386e+09
    498000   37378.8        3.878327e-07   1.3426568e-11  3.8781927e-07  2.9263585e+09
    499000   37379.108      3.878327e-07   1.0230184e-11  3.8782247e-07  2.9263734e+09
    500000   37379.146      3.878327e-07   9.8280485e-12  3.8782287e-07  2.9263745e+09
    501000   37379.547      3.878327e-07   5.6654911e-12  3.8782703e-07  2.926327e+09 
    502000   37379.522      3.878327e-07   5.9267724e-12  3.8782677e-07  2.9263268e+09
    503000   37378.941      3.878327e-07   1.1959542e-11  3.8782074e-07  2.9263534e+09
    504000   37379.167      3.878327e-07   9.6098739e-12  3.8782309e-07  2.9263493e+09
    505000   37379.056      3.878327e-07   1.0767942e-11  3.8782193e-07  2.926375e+09 
    506000   37379.023      3.878327e-07   1.1105027e-11  3.878216e-07   2.9263574e+09
    507000   37378.852      3.8783271e-07  1.2891073e-11  3.8781982e-07  2.9263831e+09
    508000   37379.501      3.878327e-07   6.1457861e-12  3.8782655e-07  2.9263217e+09
    509000   37378.911      3.878327e-07   1.2272371e-11  3.8782043e-07  2.9263687e+09
    510000   37378.911      3.878327e-07   1.2265455e-11  3.8782043e-07  2.9263993e+09
    511000   37378.215      3.8783268e-07  1.947349e-11   3.8781321e-07  2.9264855e+09
    512000   37379.205      3.878327e-07   9.2217217e-12  3.8782348e-07  2.9263766e+09
    513000   37378.969      3.878327e-07   1.1667372e-11  3.8782103e-07  2.9263748e+09
    514000   37378.974      3.878327e-07   1.1619637e-11  3.8782108e-07  2.9263854e+09
    515000   37378.474      3.878327e-07   1.6803404e-11  3.878159e-07   2.9264277e+09
    516000   37379.064      3.878327e-07   1.0679367e-11  3.8782202e-07  2.9263698e+09
    517000   37379.46       3.878327e-07   6.5709422e-12  3.8782613e-07  2.9263332e+09
    518000   37378.903      3.878327e-07   1.2347114e-11  3.8782035e-07  2.9263898e+09
    519000   37379.078      3.878327e-07   1.0538122e-11  3.8782216e-07  2.926365e+09 
    520000   37379.473      3.878327e-07   6.434707e-12   3.8782626e-07  2.9263282e+09
    521000   37379.201      3.878327e-07   9.2578381e-12  3.8782344e-07  2.9263636e+09
    522000   37379.386      3.878327e-07   7.3403038e-12  3.8782536e-07  2.926349e+09 
    523000   37379.424      3.878327e-07   6.9450773e-12  3.8782575e-07  2.9263407e+09
    524000   37378.922      3.878327e-07   1.2158586e-11  3.8782054e-07  2.9264116e+09
    525000   37379.49       3.878327e-07   6.2579258e-12  3.8782644e-07  2.9263257e+09
    526000   37379.272      3.878327e-07   8.5189247e-12  3.8782418e-07  2.9263497e+09
    527000   37378.51       3.878327e-07   1.6429868e-11  3.8781627e-07  2.9264178e+09
    528000   37379.437      3.878327e-07   6.8157669e-12  3.8782588e-07  2.9263339e+09
    529000   37379.129      3.878327e-07   1.0010426e-11  3.8782269e-07  2.9263772e+09
    530000   37379.073      3.878327e-07   1.0584264e-11  3.8782212e-07  2.9263683e+09
    531000   37378.884      3.878327e-07   1.2554869e-11  3.8782015e-07  2.9263996e+09
    532000   37378.165      3.878327e-07   2.000842e-11   3.8781269e-07  2.9264764e+09
    533000   37379.22       3.878327e-07   9.066834e-12   3.8782363e-07  2.9263661e+09
    534000   37379.263      3.878327e-07   8.6173181e-12  3.8782408e-07  2.9263521e+09
    535000   37378.771      3.878327e-07   1.3724733e-11  3.8781898e-07  2.9263862e+09
    536000   37379.649      3.878327e-07   4.6125175e-12  3.8782809e-07  2.9263088e+09
    537000   37379.565      3.878327e-07   5.4825229e-12  3.8782722e-07  2.9263237e+09
    538000   37379.389      3.878327e-07   7.3053638e-12  3.8782539e-07  2.9263446e+09
    539000   37378.528      3.8783271e-07  1.6246538e-11  3.8781646e-07  2.9264427e+09
    540000   37379.312      3.878327e-07   8.1052431e-12  3.8782459e-07  2.9263524e+09
    541000   37379.021      3.878327e-07   1.1127492e-11  3.8782157e-07  2.9263826e+09
    542000   37379.52       3.878327e-07   5.9468526e-12  3.8782675e-07  2.9263174e+09
    543000   37379.575      3.878327e-07   5.3793798e-12  3.8782732e-07  2.9263193e+09
    544000   37375.413      3.8783272e-07  4.8581268e-11  3.8778414e-07  2.9266535e+09
    545000   37379.018      3.878327e-07   1.115718e-11   3.8782154e-07  2.9263663e+09
    546000   37378.88       3.878327e-07   1.2593254e-11  3.8782011e-07  2.9263779e+09
    547000   37379.506      3.878327e-07   6.1001806e-12  3.878266e-07   2.9263337e+09
    548000   37379.099      3.878327e-07   1.0322374e-11  3.8782238e-07  2.926372e+09 
    549000   37379.167      3.878327e-07   9.6176299e-12  3.8782308e-07  2.9263626e+09
    550000   37378.606      3.878327e-07   1.5431505e-11  3.8781727e-07  2.926415e+09 
    551000   37379.332      3.878327e-07   7.8990056e-12  3.878248e-07   2.926342e+09 
    552000   37378.835      3.878327e-07   1.3057189e-11  3.8781964e-07  2.9263856e+09
    553000   37378.302      3.878327e-07   1.8585524e-11  3.8781411e-07  2.9264618e+09
    554000   37378.4        3.878327e-07   1.7567517e-11  3.8781513e-07  2.9264258e+09
    555000   37379.516      3.878327e-07   5.9875166e-12  3.8782671e-07  2.9263226e+09
    556000   37378.871      3.878327e-07   1.2684623e-11  3.8782001e-07  2.9264042e+09
    557000   37379.4        3.878327e-07   7.1959695e-12  3.878255e-07   2.9263338e+09
    558000   37378.685      3.878327e-07   1.4611731e-11  3.8781809e-07  2.9264016e+09
    559000   37379.444      3.878327e-07   6.7419432e-12  3.8782596e-07  2.9263377e+09
    560000   37378.807      3.878327e-07   1.3347724e-11  3.8781935e-07  2.9264025e+09
    561000   37379.039      3.878327e-07   1.0935249e-11  3.8782176e-07  2.9263871e+09
    562000   37379.443      3.878327e-07   6.7514377e-12  3.8782595e-07  2.9263298e+09
    563000   37379.336      3.878327e-07   7.8632217e-12  3.8782484e-07  2.9263463e+09
    564000   37379.677      3.878327e-07   4.3261859e-12  3.8782837e-07  2.9263061e+09
    565000   37379.191      3.878327e-07   9.3675657e-12  3.8782333e-07  2.9263535e+09
    566000   37379.581      3.878327e-07   5.3183948e-12  3.8782738e-07  2.9263175e+09
    567000   37378.991      3.878327e-07   1.1437911e-11  3.8782126e-07  2.9263852e+09
    568000   37379.521      3.878327e-07   5.9370727e-12  3.8782676e-07  2.9263268e+09
    569000   37379.239      3.878327e-07   8.8688527e-12  3.8782383e-07  2.926363e+09 
    570000   37378.619      3.878327e-07   1.5302886e-11  3.878174e-07   2.9264113e+09
    571000   37378.537      3.878327e-07   1.6148824e-11  3.8781655e-07  2.9264384e+09
    572000   37379.146      3.878327e-07   9.8345938e-12  3.8782286e-07  2.926362e+09 
    573000   37378.851      3.878327e-07   1.2889512e-11  3.8781981e-07  2.9263891e+09
    574000   37378.485      3.878327e-07   1.6691694e-11  3.8781601e-07  2.9264283e+09
    575000   37378.844      3.878327e-07   1.2962675e-11  3.8781974e-07  2.9264216e+09
    576000   37379.618      3.878327e-07   4.9321786e-12  3.8782777e-07  2.9263085e+09
    577000   37379.142      3.878327e-07   9.8670615e-12  3.8782283e-07  2.9263669e+09
    578000   37379.014      3.878327e-07   1.1205464e-11  3.8782149e-07  2.9263833e+09
    579000   37379.393      3.878327e-07   7.2683279e-12  3.8782543e-07  2.926339e+09 
    580000   37379.5        3.878327e-07   6.1583037e-12  3.8782654e-07  2.9263303e+09
    581000   37378.448      3.878327e-07   1.7074856e-11  3.8781562e-07  2.9264246e+09
    582000   37378.808      3.878327e-07   1.3338054e-11  3.8781936e-07  2.9264241e+09
    583000   37378.348      3.878327e-07   1.8108164e-11  3.8781459e-07  2.9264249e+09
    584000   37378.737      3.878327e-07   1.4068883e-11  3.8781863e-07  2.9263939e+09
    585000   37379.063      3.878327e-07   1.069608e-11   3.87822e-07    2.9263624e+09
    586000   37378.474      3.878327e-07   1.6803452e-11  3.878159e-07   2.9264045e+09
    587000   37379.224      3.878327e-07   9.0263856e-12  3.8782367e-07  2.926362e+09 
    588000   37379.049      3.878327e-07   1.0837285e-11  3.8782186e-07  2.9263438e+09
    589000   37379.088      3.878327e-07   1.0434089e-11  3.8782227e-07  2.9263684e+09
    590000   37378.819      3.878327e-07   1.3222314e-11  3.8781948e-07  2.9263805e+09
    591000   37378.678      3.878327e-07   1.4685992e-11  3.8781801e-07  2.926405e+09 
    592000   37379.069      3.878327e-07   1.0629206e-11  3.8782207e-07  2.9263849e+09
    593000   37378.774      3.878327e-07   1.3686528e-11  3.8781901e-07  2.9264022e+09
    594000   37379.163      3.878327e-07   9.6589961e-12  3.8782304e-07  2.9263715e+09
    595000   37379.471      3.878327e-07   6.4560144e-12  3.8782624e-07  2.9263347e+09
    596000   37379.022      3.878327e-07   1.1120526e-11  3.8782158e-07  2.9263816e+09
    597000   37379.318      3.878327e-07   8.04753e-12    3.8782465e-07  2.9263489e+09
    598000   37379.092      3.878327e-07   1.0395656e-11  3.878223e-07   2.9263632e+09
    599000   37379.652      3.878327e-07   4.5805969e-12  3.8782812e-07  2.9263058e+09
    600000   37379.196      3.878327e-07   9.3103728e-12  3.8782339e-07  2.9263592e+09
    601000   37379.266      3.878327e-07   8.5877372e-12  3.8782411e-07  2.9263469e+09
    602000   37378.537      3.878327e-07   1.6154897e-11  3.8781655e-07  2.9264238e+09
    603000   37378.689      3.878327e-07   1.4568192e-11  3.8781813e-07  2.9264079e+09
    604000   37378.823      3.878327e-07   1.3189258e-11  3.8781951e-07  2.9263848e+09
    605000   37378.656      3.878327e-07   1.4915664e-11  3.8781778e-07  2.9264176e+09
    606000   37379.273      3.878327e-07   8.5127189e-12  3.8782419e-07  2.9263523e+09
    607000   37378.942      3.878327e-07   1.1942847e-11  3.8782076e-07  2.926384e+09 
    608000   37378.696      3.878327e-07   1.4499917e-11  3.878182e-07   2.9264168e+09
    609000   37378.831      3.878327e-07   1.3103321e-11  3.878196e-07   2.9264044e+09
    610000   37379.02       3.8783269e-07  1.1135017e-11  3.8782156e-07  2.9263842e+09
    611000   37379.504      3.878327e-07   6.1161305e-12  3.8782658e-07  2.9263345e+09
    612000   37378.25       3.878327e-07   1.9125957e-11  3.8781357e-07  2.9264373e+09
    613000   37379.296      3.878327e-07   8.2733397e-12  3.8782443e-07  2.9263589e+09
    614000   37379.39       3.878327e-07   7.2997645e-12  3.878254e-07   2.9263325e+09
    615000   37378.868      3.878327e-07   1.2715439e-11  3.8781998e-07  2.9263983e+09
    616000   37378.439      3.8783271e-07  1.7179012e-11  3.8781553e-07  2.9263829e+09
    617000   37379.278      3.878327e-07   8.4632132e-12  3.8782424e-07  2.9263585e+09
    618000   37379.215      3.878327e-07   9.1105869e-12  3.8782359e-07  2.9263624e+09
    619000   37378.898      3.878327e-07   1.2404996e-11  3.8782029e-07  2.926388e+09 
    620000   37379.475      3.878327e-07   6.4187515e-12  3.8782628e-07  2.9263265e+09
    621000   37378.818      3.878327e-07   1.322895e-11   3.8781947e-07  2.926423e+09 
    622000   37379.303      3.878327e-07   8.2015609e-12  3.878245e-07   2.9263413e+09
    623000   37379.519      3.878327e-07   5.9619808e-12  3.8782674e-07  2.9263202e+09
    624000   37379.212      3.878327e-07   9.1513027e-12  3.8782355e-07  2.9263391e+09
    625000   37379.208      3.878327e-07   9.1890075e-12  3.8782351e-07  2.9263598e+09
    626000   37379.475      3.878327e-07   6.4127386e-12  3.8782629e-07  2.9263369e+09
    627000   37378.498      3.878327e-07   1.6555628e-11  3.8781615e-07  2.9263932e+09
    628000   37379.469      3.878327e-07   6.4824589e-12  3.8782622e-07  2.9263287e+09
    629000   37378.988      3.878327e-07   1.147251e-11   3.8782123e-07  2.9263855e+09
    630000   37378.748      3.878327e-07   1.3960745e-11  3.8781874e-07  2.926402e+09 
    631000   37379.128      3.878327e-07   1.0022611e-11  3.8782268e-07  2.9263663e+09
    632000   37378.948      3.878327e-07   1.1888244e-11  3.8782081e-07  2.9263676e+09
    633000   37379.041      3.878327e-07   1.0924528e-11  3.8782177e-07  2.9263648e+09
    634000   37379.209      3.878327e-07   9.1816454e-12  3.8782352e-07  2.9263631e+09
    635000   37378.988      3.878327e-07   1.1465872e-11  3.8782123e-07  2.9263725e+09
    636000   37379.129      3.878327e-07   1.0007956e-11  3.8782269e-07  2.9263698e+09
    637000   37379.149      3.878327e-07   9.7983696e-12  3.878229e-07   2.9263509e+09
    638000   37379.351      3.878327e-07   7.7078083e-12  3.8782499e-07  2.926346e+09 
    639000   37378.499      3.878327e-07   1.6544003e-11  3.8781616e-07  2.926435e+09 
    640000   37378.617      3.8783269e-07  1.531089e-11   3.8781738e-07  2.9264396e+09
    641000   37378.947      3.878327e-07   1.1893418e-11  3.8782081e-07  2.9263815e+09
    642000   37379.301      3.878327e-07   8.2230903e-12  3.8782448e-07  2.92634e+09  
    643000   37378.894      3.878327e-07   1.2444338e-11  3.8782026e-07  2.926373e+09 
    644000   37379.595      3.878327e-07   5.1734091e-12  3.8782753e-07  2.926319e+09 
    645000   37377.62       3.8783269e-07  2.5655446e-11  3.8780704e-07  2.9264852e+09
    646000   37379.208      3.878327e-07   9.1859884e-12  3.8782351e-07  2.9263637e+09
    647000   37379.181      3.878327e-07   9.4690277e-12  3.8782323e-07  2.9263534e+09
    648000   37378.47       3.878327e-07   1.6849352e-11  3.8781585e-07  2.9264209e+09
    649000   37378.818      3.878327e-07   1.3236308e-11  3.8781946e-07  2.9263886e+09
    650000   37377.512      3.8783272e-07  2.6802821e-11  3.8780592e-07  2.9263778e+09
    651000   37379.077      3.878327e-07   1.0541299e-11  3.8782216e-07  2.9263749e+09
    652000   37378.989      3.878327e-07   1.1464344e-11  3.8782124e-07  2.9263583e+09
    653000   37379.055      3.878327e-07   1.0772305e-11  3.8782193e-07  2.9263642e+09
    654000   37379.29       3.878327e-07   8.3324547e-12  3.8782437e-07  2.9263452e+09
    655000   37379.068      3.878327e-07   1.0645744e-11  3.8782205e-07  2.9263738e+09
    656000   37378.982      3.878327e-07   1.1531645e-11  3.8782117e-07  2.9263824e+09
    657000   37378.596      3.878327e-07   1.5538314e-11  3.8781716e-07  2.9264011e+09
    658000   37379.322      3.878327e-07   8.0028601e-12  3.878247e-07   2.9263398e+09
    659000   37379.285      3.878327e-07   8.3892022e-12  3.8782431e-07  2.9263347e+09
    660000   37379.025      3.878327e-07   1.1089736e-11  3.8782161e-07  2.9263918e+09
    661000   37379.427      3.878327e-07   6.9186227e-12  3.8782578e-07  2.92634e+09  
    662000   37379.305      3.878327e-07   8.1804018e-12  3.8782452e-07  2.9263484e+09
    663000   37378.527      3.878327e-07   1.6257011e-11  3.8781644e-07  2.9264497e+09
    664000   37378.955      3.878327e-07   1.180987e-11   3.8782089e-07  2.9263701e+09
    665000   37379.442      3.878327e-07   6.7554915e-12  3.8782594e-07  2.9263276e+09
    666000   37378.42       3.878327e-07   1.7358272e-11  3.8781534e-07  2.9264415e+09
    667000   37379.321      3.878327e-07   8.0173166e-12  3.8782468e-07  2.9263495e+09
    668000   37378.947      3.878327e-07   1.1892925e-11  3.8782081e-07  2.926392e+09 
    669000   37379.054      3.878327e-07   1.0786274e-11  3.8782191e-07  2.9263893e+09
    670000   37378.72       3.878327e-07   1.4252152e-11  3.8781845e-07  2.9263902e+09
    671000   37378.941      3.878327e-07   1.1957875e-11  3.8782074e-07  2.9263746e+09
    672000   37378.619      3.878327e-07   1.5304039e-11  3.878174e-07   2.9264046e+09
    673000   37378.237      3.878327e-07   1.9260906e-11  3.8781344e-07  2.9264564e+09
    674000   37379.26       3.878327e-07   8.6507148e-12  3.8782405e-07  2.9263478e+09
    675000   37378.799      3.878327e-07   1.3435972e-11  3.8781927e-07  2.9263931e+09
    676000   37379.014      3.878327e-07   1.1202388e-11  3.878215e-07   2.9263792e+09
    677000   37379.339      3.878327e-07   7.8262215e-12  3.8782487e-07  2.9263401e+09
    678000   37379.831      3.878327e-07   2.7238673e-12  3.8782998e-07  2.926285e+09 
    679000   37379.252      3.878327e-07   8.7312785e-12  3.8782397e-07  2.9263507e+09
    680000   37378.278      3.878327e-07   1.8837175e-11  3.8781386e-07  2.9264274e+09
    681000   37379.186      3.878327e-07   9.4155272e-12  3.8782328e-07  2.9263774e+09
    682000   37378.892      3.878327e-07   1.2461925e-11  3.8782024e-07  2.926364e+09 
    683000   37379.312      3.878327e-07   8.1112849e-12  3.8782459e-07  2.9263365e+09
    684000   37378.956      3.878327e-07   1.1795354e-11  3.878209e-07   2.926374e+09 
    685000   37378.715      3.878327e-07   1.4304284e-11  3.878184e-07   2.9264075e+09
    686000   37379.19       3.878327e-07   9.3704069e-12  3.8782333e-07  2.9263652e+09
    687000   37378.791      3.878327e-07   1.3514488e-11  3.8781918e-07  2.9264172e+09
    688000   37379.158      3.878327e-07   9.7055177e-12  3.8782299e-07  2.9263559e+09
    689000   37378.353      3.878327e-07   1.8057545e-11  3.8781464e-07  2.9264202e+09
    690000   37379.06       3.878327e-07   1.0724559e-11  3.8782197e-07  2.9263655e+09
    691000   37378.641      3.878327e-07   1.5074627e-11  3.8781763e-07  2.9264084e+09
    692000   37379.69       3.878327e-07   4.1891914e-12  3.8782851e-07  2.9263048e+09
    693000   37379.192      3.878327e-07   9.3534321e-12  3.8782335e-07  2.9263645e+09
    694000   37379.55       3.878327e-07   5.6392925e-12  3.8782706e-07  2.9263285e+09
    695000   37379.082      3.878327e-07   1.0494492e-11  3.8782221e-07  2.9263602e+09
    696000   37379.584      3.878327e-07   5.283491e-12   3.8782742e-07  2.9263256e+09
    697000   37378.976      3.878327e-07   1.1599632e-11  3.878211e-07   2.9263345e+09
    698000   37378.908      3.878327e-07   1.2298902e-11  3.878204e-07   2.9263897e+09
    699000   37379.363      3.878327e-07   7.5769392e-12  3.8782512e-07  2.9263447e+09
    700000   37379.17       3.878327e-07   9.5790059e-12  3.8782312e-07  2.9263641e+09
    701000   37378.382      3.878327e-07   1.7760555e-11  3.8781494e-07  2.9264514e+09
    702000   37377.996      3.8783271e-07  2.1776113e-11  3.8781093e-07  2.9264391e+09
    703000   37379.302      3.878327e-07   8.2077407e-12  3.8782449e-07  2.9263424e+09
    704000   37378.915      3.878327e-07   1.2225371e-11  3.8782047e-07  2.9263933e+09
    705000   37379.37       3.878327e-07   7.5118434e-12  3.8782519e-07  2.9263354e+09
    706000   37379.07       3.878327e-07   1.0624189e-11  3.8782208e-07  2.9263661e+09
    707000   37379.255      3.878327e-07   8.695209e-12   3.87824e-07    2.9263625e+09
    708000   37378.845      3.878327e-07   1.2953334e-11  3.8781975e-07  2.9263685e+09
    709000   37379.161      3.878327e-07   9.6775722e-12  3.8782302e-07  2.9263596e+09
    710000   37379.615      3.878327e-07   4.9670352e-12  3.8782773e-07  2.9263165e+09
    711000   37373.214      3.8783273e-07  7.1407382e-11  3.8776133e-07  2.9267863e+09
    712000   37378.701      3.878327e-07   1.4444449e-11  3.8781825e-07  2.9264073e+09
    713000   37378.91       3.878327e-07   1.2281177e-11  3.8782042e-07  2.9263736e+09
    714000   37378.894      3.878327e-07   1.2442064e-11  3.8782026e-07  2.9263837e+09
    715000   37379.205      3.878327e-07   9.2174777e-12  3.8782348e-07  2.9263502e+09
    716000   37379.357      3.878327e-07   7.6402798e-12  3.8782506e-07  2.9263456e+09
    717000   37379.304      3.878327e-07   8.1971476e-12  3.878245e-07   2.9263519e+09
    718000   37379.399      3.878327e-07   7.209264e-12   3.8782549e-07  2.9263305e+09
    719000   37379.419      3.878327e-07   6.9967415e-12  3.878257e-07   2.9263456e+09
    720000   37379.112      3.878327e-07   1.0187833e-11  3.8782251e-07  2.9263716e+09
    721000   37378.919      3.878327e-07   1.2186394e-11  3.8782051e-07  2.9263702e+09
    722000   37379.494      3.878327e-07   6.2193576e-12  3.8782648e-07  2.9263176e+09
    723000   37379.037      3.878327e-07   1.0963151e-11  3.8782174e-07  2.9263595e+09
    724000   37379.202      3.878327e-07   9.2573681e-12  3.8782344e-07  2.9263549e+09
    725000   37379.51       3.878327e-07   6.0505845e-12  3.8782665e-07  2.9263241e+09
    726000   37379.514      3.878327e-07   6.0152664e-12  3.8782668e-07  2.9263271e+09
    727000   37379.467      3.878327e-07   6.4979133e-12  3.878262e-07   2.9263326e+09
    728000   37378.898      3.878327e-07   1.2405298e-11  3.8782029e-07  2.9263811e+09
    729000   37379.255      3.878327e-07   8.6971621e-12  3.87824e-07    2.9263491e+09
    730000   37379.385      3.878327e-07   7.3531603e-12  3.8782535e-07  2.926335e+09 
    731000   37378.971      3.878327e-07   1.1648614e-11  3.8782105e-07  2.9263722e+09
    732000   37378.964      3.8783269e-07  1.1712885e-11  3.8782098e-07  2.9263722e+09
    733000   37378.977      3.878327e-07   1.1580638e-11  3.8782112e-07  2.9263623e+09
    734000   37378.742      3.878327e-07   1.4018875e-11  3.8781868e-07  2.9264015e+09
    735000   37378.88       3.878327e-07   1.2591571e-11  3.8782011e-07  2.9263812e+09
    736000   37378.789      3.878327e-07   1.3537759e-11  3.8781916e-07  2.9263949e+09
    737000   37379.223      3.878327e-07   9.0363571e-12  3.8782366e-07  2.9263473e+09
    738000   37379.482      3.878327e-07   6.3458295e-12  3.8782635e-07  2.9263287e+09
    739000   37378.585      3.878327e-07   1.5650049e-11  3.8781705e-07  2.9264236e+09
    740000   37379.098      3.8783269e-07  1.0322205e-11  3.8782237e-07  2.9263597e+09
    741000   37378.696      3.878327e-07   1.4497999e-11  3.878182e-07   2.9263977e+09
    742000   37379.347      3.878327e-07   7.7469165e-12  3.8782495e-07  2.9263342e+09
    743000   37378.888      3.8783268e-07  1.2490194e-11  3.8782019e-07  2.9263798e+09
    744000   37379.252      3.878327e-07   8.7264409e-12  3.8782397e-07  2.9263568e+09
    745000   37379.34       3.878327e-07   7.8181752e-12  3.8782488e-07  2.9263411e+09
    746000   37378.574      3.878327e-07   1.5770861e-11  3.8781693e-07  2.9263959e+09
    747000   37379.168      3.878327e-07   9.6027221e-12  3.878231e-07   2.9263504e+09
    748000   37379.313      3.878327e-07   8.099735e-12   3.878246e-07   2.9263516e+09
    749000   37379.444      3.878327e-07   6.739446e-12   3.8782596e-07  2.9263265e+09
    750000   37379.028      3.878327e-07   1.1060513e-11  3.8782164e-07  2.9263731e+09
    751000   37378.852      3.878327e-07   1.2877216e-11  3.8781982e-07  2.9263874e+09
    752000   37379.438      3.878327e-07   6.8059817e-12  3.8782589e-07  2.9263301e+09
    753000   37379.294      3.878327e-07   8.29127e-12    3.8782441e-07  2.9263503e+09
    754000   37379.444      3.878327e-07   6.7418821e-12  3.8782596e-07  2.9263336e+09
    755000   37379.004      3.8783269e-07  1.1287075e-11  3.878214e-07   2.9263665e+09
    756000   37378.926      3.878327e-07   1.2108135e-11  3.8782059e-07  2.9264016e+09
    757000   37379.546      3.878327e-07   5.6797447e-12  3.8782702e-07  2.9263223e+09
    758000   37379.241      3.878327e-07   8.8452381e-12  3.8782385e-07  2.9263537e+09
    759000   37379.151      3.878327e-07   9.784702e-12   3.8782292e-07  2.9263399e+09
    760000   37379.55       3.878327e-07   5.6408868e-12  3.8782706e-07  2.926327e+09 
    761000   37379.02       3.878327e-07   1.1133735e-11  3.8782156e-07  2.9263841e+09
    762000   37379.088      3.878327e-07   1.0431062e-11  3.8782227e-07  2.9263567e+09
    763000   37378.914      3.878327e-07   1.2236777e-11  3.8782046e-07  2.9263932e+09
    764000   37379.441      3.878327e-07   6.7657813e-12  3.8782593e-07  2.9263282e+09
    765000   37379.028      3.878327e-07   1.1054479e-11  3.8782164e-07  2.9263773e+09
    766000   37379.082      3.878327e-07   1.0496833e-11  3.878222e-07   2.926375e+09 
    767000   37379.337      3.878327e-07   7.8544303e-12  3.8782485e-07  2.9263301e+09
    768000   37378.939      3.878327e-07   1.1973996e-11  3.8782072e-07  2.9263922e+09
    769000   37379.54       3.878327e-07   5.7428726e-12  3.8782696e-07  2.926317e+09 
    770000   37378.901      3.878327e-07   1.237396e-11   3.8782033e-07  2.9263842e+09
    771000   37379.048      3.878327e-07   1.0849014e-11  3.8782185e-07  2.9263613e+09
    772000   37378.467      3.878327e-07   1.6872805e-11  3.8781583e-07  2.9264304e+09
    773000   37379.042      3.878327e-07   1.0910365e-11  3.8782179e-07  2.9263696e+09
    774000   37379.202      3.878327e-07   9.2498699e-12  3.8782345e-07  2.9263723e+09
    775000   37379.318      3.878327e-07   8.0428743e-12  3.8782466e-07  2.9263429e+09
    776000   37379.13       3.878327e-07   9.9932151e-12  3.8782271e-07  2.9263804e+09
    777000   37379.194      3.878327e-07   9.3286627e-12  3.8782337e-07  2.9263483e+09
    778000   37377.853      3.878327e-07   2.3255574e-11  3.8780945e-07  2.9264527e+09
    779000   37378.334      3.878327e-07   1.825993e-11   3.8781444e-07  2.9264318e+09
    780000   37379.4        3.878327e-07   7.1996496e-12  3.878255e-07   2.9263333e+09
    781000   37379.543      3.878327e-07   5.7084745e-12  3.8782699e-07  2.9263243e+09
    782000   37379.317      3.878327e-07   8.0568349e-12  3.8782464e-07  2.9263501e+09
    783000   37378.623      3.878327e-07   1.5256664e-11  3.8781744e-07  2.9264239e+09
    784000   37379.248      3.878327e-07   8.7743146e-12  3.8782393e-07  2.9263566e+09
    785000   37378.751      3.878327e-07   1.3924266e-11  3.8781877e-07  2.9264111e+09
    786000   37378.924      3.878327e-07   1.212984e-11   3.8782057e-07  2.9263828e+09
    787000   37378.633      3.878327e-07   1.5155359e-11  3.8781755e-07  2.9264313e+09
    788000   37378.92       3.8783271e-07  1.2184039e-11  3.8782052e-07  2.9263754e+09
    789000   37378.585      3.878327e-07   1.5650786e-11  3.8781705e-07  2.9264249e+09
    790000   37378.823      3.878327e-07   1.3180452e-11  3.8781952e-07  2.9264046e+09
    791000   37379.066      3.878327e-07   1.0665016e-11  3.8782203e-07  2.9263784e+09
    792000   37379.091      3.878327e-07   1.0403527e-11  3.878223e-07   2.926365e+09 
    793000   37378.862      3.878327e-07   1.2778374e-11  3.8781992e-07  2.9263755e+09
    794000   37378.546      3.878327e-07   1.6058137e-11  3.8781664e-07  2.926402e+09 
    795000   37378.367      3.8783268e-07  1.7888827e-11  3.8781479e-07  2.9264639e+09
    796000   37379.435      3.878327e-07   6.8296447e-12  3.8782587e-07  2.9263378e+09
    797000   37378.868      3.878327e-07   1.271806e-11   3.8781998e-07  2.9263599e+09
    798000   37379.124      3.878327e-07   1.0057722e-11  3.8782264e-07  2.9263733e+09
    799000   37378.078      3.878327e-07   2.0911625e-11  3.8781178e-07  2.9264521e+09
    800000   37379.132      3.878327e-07   9.9722923e-12  3.8782273e-07  2.9263563e+09
    801000   37378.522      3.878327e-07   1.630524e-11   3.8781639e-07  2.9264039e+09
    802000   37379.094      3.878327e-07   1.0367183e-11  3.8782233e-07  2.9263856e+09
    803000   37378.991      3.878327e-07   1.1435694e-11  3.8782126e-07  2.9263803e+09
    804000   37379.447      3.878327e-07   6.710231e-12   3.8782599e-07  2.9263332e+09
    805000   37378.721      3.878327e-07   1.4239195e-11  3.8781846e-07  2.9264111e+09
    806000   37379.342      3.878327e-07   7.7957912e-12  3.878249e-07   2.9263316e+09
    807000   37379.497      3.878327e-07   6.1863045e-12  3.8782651e-07  2.9263342e+09
    808000   37379.365      3.878327e-07   7.5590654e-12  3.8782514e-07  2.9263481e+09
    809000   37379.286      3.878327e-07   8.3732769e-12  3.8782433e-07  2.9263583e+09
    810000   37379.022      3.8783271e-07  1.1131648e-11  3.8782158e-07  2.9263697e+09
    811000   37378.928      3.878327e-07   1.2086306e-11  3.8782061e-07  2.9263992e+09
    812000   37378.92       3.878327e-07   1.2173848e-11  3.8782053e-07  2.9263846e+09
    813000   37378.618      3.878327e-07   1.5313497e-11  3.8781739e-07  2.9263894e+09
    814000   37378.153      3.8783271e-07  2.0136758e-11  3.8781257e-07  2.9264078e+09
    815000   37378.413      3.878327e-07   1.7434348e-11  3.8781527e-07  2.9264208e+09
    816000   37377.051      3.8783276e-07  3.1620746e-11  3.8780114e-07  2.9265314e+09
    817000   37379.188      3.878327e-07   9.3948447e-12  3.878233e-07   2.9263715e+09
    818000   37379.158      3.878327e-07   9.70711e-12    3.8782299e-07  2.9263752e+09
    819000   37379.252      3.878327e-07   8.7260317e-12  3.8782397e-07  2.9263598e+09
    820000   37379.152      3.878327e-07   9.7712344e-12  3.8782293e-07  2.9263679e+09
    821000   37379.37       3.878327e-07   7.5042172e-12  3.878252e-07   2.926338e+09 
    822000   37378.194      3.878327e-07   1.9707415e-11  3.8781299e-07  2.9264628e+09
    823000   37379.454      3.878327e-07   6.6330659e-12  3.8782607e-07  2.9263289e+09
    824000   37378.668      3.878327e-07   1.4790561e-11  3.8781791e-07  2.9264179e+09
    825000   37379.09       3.878327e-07   1.0417009e-11  3.8782228e-07  2.9263623e+09
    826000   37379.035      3.878327e-07   1.0989158e-11  3.8782171e-07  2.9263701e+09
    827000   37378.65       3.878327e-07   1.4974977e-11  3.8781772e-07  2.9264154e+09
    828000   37378.565      3.878327e-07   1.5857414e-11  3.8781684e-07  2.9264371e+09
    829000   37379.048      3.878327e-07   1.0842972e-11  3.8782186e-07  2.9263636e+09
    830000   37378.945      3.878327e-07   1.191148e-11   3.8782079e-07  2.9263942e+09
    831000   37378.871      3.878327e-07   1.2680371e-11  3.8782002e-07  2.9263691e+09
    832000   37378.792      3.878327e-07   1.349963e-11   3.878192e-07   2.9263986e+09
    833000   37379.082      3.878327e-07   1.0495102e-11  3.878222e-07   2.9263711e+09
    834000   37379.428      3.878327e-07   6.9025793e-12  3.878258e-07   2.9263298e+09
    835000   37379.564      3.878327e-07   5.4924012e-12  3.8782721e-07  2.9263168e+09
    836000   37379.415      3.878327e-07   7.0372241e-12  3.8782566e-07  2.9263405e+09
    837000   37379.155      3.878327e-07   9.741868e-12   3.8782296e-07  2.9263623e+09
    838000   37379.242      3.878327e-07   8.8326242e-12  3.8782387e-07  2.926363e+09 
    839000   37378.768      3.878327e-07   1.3755058e-11  3.8781895e-07  2.9263926e+09
    840000   37379.261      3.878327e-07   8.6394517e-12  3.8782406e-07  2.9263499e+09
    841000   37378.879      3.878327e-07   1.2600643e-11  3.878201e-07   2.9263721e+09
    842000   37379.439      3.878327e-07   6.793281e-12   3.8782591e-07  2.9263297e+09
    843000   37378.947      3.878327e-07   1.189754e-11   3.878208e-07   2.9263683e+09
    844000   37379.081      3.878327e-07   1.0507195e-11  3.8782219e-07  2.9263626e+09
    845000   37379.511      3.878327e-07   6.0438534e-12  3.8782666e-07  2.9263231e+09
    846000   37379.162      3.878327e-07   9.6607485e-12  3.8782304e-07  2.9263627e+09
    847000   37378.85       3.878327e-07   1.289773e-11   3.878198e-07   2.9264098e+09
    848000   37379.478      3.878327e-07   6.3912026e-12  3.8782631e-07  2.9263287e+09
    849000   37379.652      3.878327e-07   4.5775979e-12  3.8782812e-07  2.9263083e+09
    850000   37379.111      3.878327e-07   1.0198688e-11  3.878225e-07   2.9263826e+09
    851000   37378.946      3.878327e-07   1.1905675e-11  3.8782079e-07  2.9263855e+09
    852000   37379.31       3.878327e-07   8.132375e-12   3.8782457e-07  2.9263437e+09
    853000   37378.864      3.878327e-07   1.2755763e-11  3.8781994e-07  2.926383e+09 
    854000   37378.752      3.878327e-07   1.3912745e-11  3.8781878e-07  2.9263892e+09
    855000   37379.468      3.878327e-07   6.4925479e-12  3.8782621e-07  2.9263314e+09
    856000   37377.942      3.878327e-07   2.2319369e-11  3.8781038e-07  2.9264942e+09
    857000   37378.869      3.878327e-07   1.2709978e-11  3.8781999e-07  2.9264002e+09
    858000   37379.414      3.878327e-07   7.0540026e-12  3.8782565e-07  2.9263271e+09
    859000   37377.225      3.8783271e-07  2.9768391e-11  3.8780294e-07  2.9264378e+09
    860000   37378.784      3.8783268e-07  1.3567199e-11  3.8781911e-07  2.9263952e+09
    861000   37379.061      3.878327e-07   1.0709998e-11  3.8782199e-07  2.926368e+09 
    862000   37379.554      3.878327e-07   5.5978485e-12  3.878271e-07   2.9263255e+09
    863000   37378.31       3.878327e-07   1.8508898e-11  3.8781419e-07  2.9264258e+09
    864000   37379.635      3.878327e-07   4.761311e-12   3.8782794e-07  2.926314e+09 
    865000   37379.454      3.878327e-07   6.6387824e-12  3.8782606e-07  2.9263308e+09
    866000   37378.902      3.878327e-07   1.2362505e-11  3.8782034e-07  2.9263893e+09
    867000   37379.264      3.878327e-07   8.6019711e-12  3.878241e-07   2.9263548e+09
    868000   37379.289      3.878327e-07   8.344486e-12   3.8782435e-07  2.9263508e+09
    869000   37378.699      3.878327e-07   1.4471226e-11  3.8781823e-07  2.9263939e+09
    870000   37379.405      3.878327e-07   7.1438723e-12  3.8782556e-07  2.9263357e+09
    871000   37378.293      3.878327e-07   1.8679429e-11  3.8781402e-07  2.9264353e+09
    872000   37379.224      3.878327e-07   9.0248915e-12  3.8782367e-07  2.9263621e+09
    873000   37378.967      3.878327e-07   1.1692089e-11  3.8782101e-07  2.9263753e+09
    874000   37379.02       3.878327e-07   1.1140283e-11  3.8782156e-07  2.926385e+09 
    875000   37379.467      3.878327e-07   6.4975832e-12  3.878262e-07   2.9263238e+09
    876000   37379.184      3.878327e-07   9.4335306e-12  3.8782327e-07  2.9263629e+09
    877000   37379.356      3.878327e-07   7.6504573e-12  3.8782505e-07  2.926347e+09 
    878000   37378.948      3.878327e-07   1.1891224e-11  3.8782081e-07  2.9263503e+09
    879000   37378.787      3.878327e-07   1.3556591e-11  3.8781914e-07  2.9264293e+09
    880000   37378.286      3.878327e-07   1.8753712e-11  3.8781394e-07  2.9264216e+09
    881000   37378.796      3.878327e-07   1.3457747e-11  3.8781924e-07  2.9263951e+09
    882000   37379.346      3.878327e-07   7.7523128e-12  3.8782495e-07  2.9263438e+09
    883000   37377.785      3.878327e-07   2.3953319e-11  3.8780875e-07  2.9264993e+09
    884000   37379.177      3.878327e-07   9.5088315e-12  3.8782319e-07  2.9263611e+09
    885000   37379.096      3.878327e-07   1.0346715e-11  3.8782235e-07  2.9263705e+09
    886000   37379.541      3.878327e-07   5.7360123e-12  3.8782696e-07  2.9263237e+09
    887000   37378.918      3.878327e-07   1.2195305e-11  3.878205e-07   2.9263967e+09
    888000   37379.429      3.878327e-07   6.8983917e-12  3.878258e-07   2.9263413e+09
    889000   37377.221      3.878327e-07   2.9807164e-11  3.878029e-07   2.9265896e+09
    890000   37379.672      3.878327e-07   4.3698715e-12  3.8782833e-07  2.9263023e+09
    891000   37378.427      3.8783268e-07  1.7268326e-11  3.8781541e-07  2.9264201e+09
    892000   37379.071      3.878327e-07   1.0606484e-11  3.8782209e-07  2.9263695e+09
    893000   37378.993      3.878327e-07   1.1417991e-11  3.8782128e-07  2.9263839e+09
    894000   37379.503      3.878327e-07   6.1239077e-12  3.8782658e-07  2.9263328e+09
    895000   37378.912      3.878327e-07   1.2258115e-11  3.8782044e-07  2.9263951e+09
    896000   37378.755      3.878327e-07   1.3888335e-11  3.8781881e-07  2.9263847e+09
    897000   37379.33       3.878327e-07   7.9256715e-12  3.8782477e-07  2.9263403e+09
    898000   37378.172      3.878327e-07   1.9940793e-11  3.8781276e-07  2.9264192e+09
    899000   37379.103      3.878327e-07   1.028001e-11   3.8782242e-07  2.926375e+09 
    900000   37377.822      3.878327e-07   2.3573356e-11  3.8780913e-07  2.9264433e+09
    901000   37379.558      3.878327e-07   5.5513384e-12  3.8782715e-07  2.9263198e+09
    902000   37378.894      3.878327e-07   1.2443592e-11  3.8782026e-07  2.9263929e+09
    903000   37378.781      3.878327e-07   1.3620061e-11  3.8781908e-07  2.926409e+09 
    904000   37379.315      3.878327e-07   8.0737547e-12  3.8782463e-07  2.9263535e+09
    905000   37378.827      3.878327e-07   1.3146474e-11  3.8781955e-07  2.9263691e+09
    906000   37378.607      3.878327e-07   1.5421272e-11  3.8781728e-07  2.9264036e+09
    907000   37379.052      3.878327e-07   1.0802413e-11  3.878219e-07   2.9263677e+09
    908000   37378.23       3.878327e-07   1.9334365e-11  3.8781337e-07  2.9264277e+09
    909000   37378.746      3.878327e-07   1.3973834e-11  3.8781872e-07  2.9263909e+09
    910000   37379.127      3.878327e-07   1.0033475e-11  3.8782267e-07  2.9263639e+09
    911000   37378.871      3.878327e-07   1.2685897e-11  3.8782001e-07  2.9263936e+09
    912000   37378.354      3.878327e-07   1.8045818e-11  3.8781466e-07  2.926407e+09 
    913000   37379.039      3.878327e-07   1.0938683e-11  3.8782176e-07  2.9263766e+09
    914000   37378.474      3.878327e-07   1.680027e-11   3.878159e-07   2.9264059e+09
    915000   37378.593      3.878327e-07   1.5561687e-11  3.8781713e-07  2.9264087e+09
    916000   37379.48       3.878327e-07   6.363742e-12   3.8782634e-07  2.9263342e+09
    917000   37379.241      3.878327e-07   8.8495436e-12  3.8782385e-07  2.9263557e+09
    918000   37378.761      3.878327e-07   1.382053e-11   3.8781888e-07  2.9263894e+09
    919000   37379.293      3.878327e-07   8.3041469e-12  3.8782439e-07  2.9263594e+09
    920000   37379.387      3.878327e-07   7.3322862e-12  3.8782537e-07  2.9263315e+09
    921000   37379.204      3.878327e-07   9.2251868e-12  3.8782347e-07  2.9263655e+09
    922000   37379.193      3.878327e-07   9.3390111e-12  3.8782336e-07  2.9263596e+09
    923000   37379.313      3.878327e-07   8.1022853e-12  3.878246e-07   2.9263448e+09
    924000   37379.435      3.878327e-07   6.8334117e-12  3.8782587e-07  2.9263327e+09
    925000   37378.451      3.8783269e-07  1.7038937e-11  3.8781565e-07  2.9264523e+09
    926000   37378.679      3.878327e-07   1.4676142e-11  3.8781802e-07  2.9264128e+09
    927000   37379.002      3.878327e-07   1.1321018e-11  3.8782138e-07  2.9263708e+09
    928000   37378.933      3.878327e-07   1.2041444e-11  3.8782066e-07  2.9263842e+09
    929000   37378.727      3.878327e-07   1.41817e-11    3.8781852e-07  2.9264171e+09
    930000   37379.223      3.878327e-07   9.0304349e-12  3.8782367e-07  2.9263706e+09
    931000   37379.125      3.878327e-07   1.0045852e-11  3.8782265e-07  2.926367e+09 
    932000   37379.205      3.878327e-07   9.216212e-12   3.8782348e-07  2.9263613e+09
    933000   37379.207      3.878327e-07   9.1956885e-12  3.878235e-07   2.9263568e+09
    934000   37378.964      3.878327e-07   1.1719067e-11  3.8782098e-07  2.9263827e+09
    935000   37379.404      3.878327e-07   7.1526023e-12  3.8782555e-07  2.9263326e+09
    936000   37379.213      3.878327e-07   9.1303194e-12  3.8782357e-07  2.9263348e+09
    937000   37378.001      3.8783271e-07  2.1721118e-11  3.8781099e-07  2.9264045e+09
    938000   37379.624      3.878327e-07   4.8667456e-12  3.8782783e-07  2.9263178e+09
    939000   37379.38       3.878327e-07   7.3981088e-12  3.878253e-07   2.9263304e+09
    940000   37378.806      3.878327e-07   1.3358974e-11  3.8781934e-07  2.9264029e+09
    941000   37379.062      3.878327e-07   1.0707945e-11  3.8782199e-07  2.926373e+09 
    942000   37378.967      3.878327e-07   1.169288e-11   3.8782101e-07  2.9263891e+09
    943000   37379.046      3.878327e-07   1.0865423e-11  3.8782183e-07  2.9263743e+09
    944000   37379.069      3.878327e-07   1.0628674e-11  3.8782207e-07  2.9263831e+09
    945000   37379.313      3.878327e-07   8.0980051e-12  3.878246e-07   2.9263498e+09
    946000   37378.959      3.878327e-07   1.1770879e-11  3.8782093e-07  2.9263746e+09
    947000   37378.936      3.8783268e-07  1.1996913e-11  3.8782069e-07  2.9264149e+09
    948000   37379.359      3.878327e-07   7.6236442e-12  3.8782508e-07  2.9263375e+09
    949000   37379.658      3.878327e-07   4.5204571e-12  3.8782818e-07  2.9263023e+09
    950000   37379.394      3.878327e-07   7.255909e-12   3.8782544e-07  2.9263404e+09
    951000   37379.155      3.878327e-07   9.7406286e-12  3.8782296e-07  2.9263608e+09
    952000   37379.338      3.878327e-07   7.8397904e-12  3.8782486e-07  2.9263387e+09
    953000   37378.593      3.878327e-07   1.5572382e-11  3.8781713e-07  2.9264216e+09
    954000   37379.003      3.878327e-07   1.1319681e-11  3.8782138e-07  2.9263809e+09
    955000   37377.408      3.8783273e-07  2.7886998e-11  3.8780484e-07  2.9264298e+09
    956000   37378.855      3.878327e-07   1.2854226e-11  3.8781985e-07  2.9263814e+09
    957000   37379.479      3.878327e-07   6.3755715e-12  3.8782632e-07  2.9263364e+09
    958000   37378.266      3.878327e-07   1.8958069e-11  3.8781374e-07  2.9264428e+09
    959000   37378.696      3.878327e-07   1.4500508e-11  3.878182e-07   2.9264121e+09
    960000   37379.218      3.878327e-07   9.0834621e-12  3.8782362e-07  2.9263583e+09
    961000   37378.454      3.878327e-07   1.7010013e-11  3.8781569e-07  2.926404e+09 
    962000   37378.615      3.878327e-07   1.53399e-11    3.8781736e-07  2.9264111e+09
    963000   37379.265      3.878327e-07   8.5933027e-12  3.8782411e-07  2.9263381e+09
    964000   37379.257      3.878327e-07   8.6751656e-12  3.8782402e-07  2.9263545e+09
    965000   37379.241      3.878327e-07   8.8484312e-12  3.8782385e-07  2.9263707e+09
    966000   37379.079      3.878327e-07   1.0528598e-11  3.8782217e-07  2.926369e+09 
    967000   37379.595      3.878327e-07   5.1678503e-12  3.8782753e-07  2.9263137e+09
    968000   37378.19       3.878327e-07   1.9746467e-11  3.8781295e-07  2.9264762e+09
    969000   37378.329      3.8783269e-07  1.8300677e-11  3.8781439e-07  2.9264634e+09
    970000   37378.033      3.878327e-07   2.1378415e-11  3.8781132e-07  2.9264561e+09
    971000   37379.489      3.878327e-07   6.2743636e-12  3.8782642e-07  2.9263297e+09
    972000   37378.678      3.878327e-07   1.4682282e-11  3.8781802e-07  2.9264221e+09
    973000   37377.918      3.8783268e-07  2.2558847e-11  3.8781013e-07  2.926452e+09 
    974000   37379.105      3.878327e-07   1.0252074e-11  3.8782245e-07  2.9263593e+09
    975000   37378.695      3.878327e-07   1.4505918e-11  3.8781819e-07  2.9264072e+09
    976000   37378.444      3.878327e-07   1.7117983e-11  3.8781558e-07  2.9264147e+09
    977000   37379.216      3.878327e-07   9.1070593e-12  3.8782359e-07  2.9263678e+09
    978000   37379.141      3.878327e-07   9.8844322e-12  3.8782282e-07  2.9263619e+09
    979000   37378.982      3.8783268e-07  1.1520065e-11  3.8782116e-07  2.9263923e+09
    980000   37379.118      3.878327e-07   1.0116139e-11  3.8782258e-07  2.9263614e+09
    981000   37377.562      3.8783269e-07  2.6264962e-11  3.8780643e-07  2.9265246e+09
    982000   37378.839      3.878327e-07   1.3020578e-11  3.8781968e-07  2.9263751e+09
    983000   37378.089      3.878327e-07   2.0802105e-11  3.878119e-07   2.9264387e+09
    984000   37379.504      3.878327e-07   6.1125727e-12  3.8782659e-07  2.9263318e+09
    985000   37378.309      3.878327e-07   1.8512128e-11  3.8781419e-07  2.9264506e+09
    986000   37379.001      3.878327e-07   1.1339936e-11  3.8782136e-07  2.9263761e+09
    987000   37379.438      3.878327e-07   6.79844e-12    3.878259e-07   2.9263317e+09
    988000   37379.769      3.878327e-07   3.3660901e-12  3.8782933e-07  2.9262909e+09
    989000   37379.356      3.878327e-07   7.6498052e-12  3.8782505e-07  2.9263458e+09
    990000   37378.699      3.878327e-07   1.4466184e-11  3.8781823e-07  2.9264011e+09
    991000   37378.867      3.878327e-07   1.2730072e-11  3.8781997e-07  2.9264e+09   
    992000   37379.211      3.878327e-07   9.1511105e-12  3.8782355e-07  2.9263519e+09
    993000   37379.089      3.8783272e-07  1.0436203e-11  3.8782228e-07  2.9263516e+09
    994000   37378.471      3.878327e-07   1.6840585e-11  3.8781586e-07  2.9264571e+09
    995000   37378.235      3.878327e-07   1.9281886e-11  3.8781342e-07  2.9264538e+09
    996000   37379.548      3.878327e-07   5.6574271e-12  3.8782704e-07  2.9263232e+09
    997000   37379.003      3.878327e-07   1.1316942e-11  3.8782138e-07  2.9263913e+09
    998000   37378.924      3.878327e-07   1.2135029e-11  3.8782056e-07  2.9263913e+09
    999000   37378.917      3.878327e-07   1.220635e-11   3.8782049e-07  2.9264124e+09
   1000000   37379.198      3.878327e-07   9.2917408e-12  3.8782341e-07  2.9263593e+09
   1001000   37378.975      3.878327e-07   1.1601309e-11  3.878211e-07   2.9263785e+09
   1002000   37378.685      3.878327e-07   1.4617468e-11  3.8781808e-07  2.9264101e+09
   1003000   37379.43       3.878327e-07   6.8808617e-12  3.8782582e-07  2.9263402e+09
   1004000   37379.037      3.878327e-07   1.0960281e-11  3.8782174e-07  2.9263762e+09
   1005000   37379.559      3.878327e-07   5.5497265e-12  3.8782715e-07  2.9263146e+09
   1006000   37379.255      3.878327e-07   8.6968658e-12  3.87824e-07    2.9263578e+09
   1007000   37379.477      3.878327e-07   6.3933717e-12  3.8782631e-07  2.9263253e+09
   1008000   37379.196      3.878327e-07   9.3089837e-12  3.8782339e-07  2.9263525e+09
   1009000   37378.841      3.878327e-07   1.2997268e-11  3.878197e-07   2.9263733e+09
   1010000   37379.189      3.878327e-07   9.3865691e-12  3.8782331e-07  2.9263587e+09
   1011000   37379.271      3.878327e-07   8.5291773e-12  3.8782417e-07  2.9263501e+09
   1012000   37379.014      3.878327e-07   1.119791e-11   3.878215e-07   2.9263775e+09
   1013000   37378.757      3.878327e-07   1.3867755e-11  3.8781883e-07  2.9263919e+09
   1014000   37379.227      3.878327e-07   8.9936011e-12  3.8782371e-07  2.9263613e+09
   1015000   37379.479      3.878327e-07   6.376082e-12   3.8782632e-07  2.9263349e+09
   1016000   37379.077      3.878327e-07   1.0551022e-11  3.8782215e-07  2.9263537e+09
   1017000   37378.591      3.878327e-07   1.5591206e-11  3.8781711e-07  2.9263855e+09
   1018000   37377.728      3.8783269e-07  2.4535552e-11  3.8780816e-07  2.9264774e+09
   1019000   37379.352      3.878327e-07   7.6942817e-12  3.8782501e-07  2.9263456e+09
   1020000   37378.68       3.878327e-07   1.4668903e-11  3.8781803e-07  2.9263691e+09
   1021000   37379.545      3.878327e-07   5.6959274e-12  3.87827e-07    2.9263204e+09
   1022000   37379.719      3.878327e-07   3.8834288e-12  3.8782882e-07  2.9262974e+09
   1023000   37379.209      3.878327e-07   9.1745086e-12  3.8782352e-07  2.9263805e+09
   1024000   37378.668      3.878327e-07   1.4794534e-11  3.8781791e-07  2.9264139e+09
   1025000   37379.262      3.878327e-07   8.6261776e-12  3.8782407e-07  2.9263503e+09
   1026000   37378.697      3.878327e-07   1.4493349e-11  3.8781821e-07  2.9264167e+09
   1027000   37379.248      3.878327e-07   8.7732639e-12  3.8782393e-07  2.9263584e+09
   1028000   37379.298      3.878327e-07   8.2504234e-12  3.8782445e-07  2.9263584e+09
   1029000   37379.291      3.878327e-07   8.3305563e-12  3.8782437e-07  2.9263546e+09
   1030000   37379.159      3.878327e-07   9.6966678e-12  3.87823e-07    2.9263569e+09
   1031000   37379.137      3.878327e-07   9.9255135e-12  3.8782277e-07  2.9263726e+09
   1032000   37378.928      3.878327e-07   1.2091056e-11  3.8782061e-07  2.9263918e+09
   1033000   37378.62       3.878327e-07   1.5285385e-11  3.8781741e-07  2.9264234e+09
   1034000   37379.05       3.878327e-07   1.0830063e-11  3.8782187e-07  2.9263634e+09
   1035000   37379.097      3.878327e-07   1.0336811e-11  3.8782236e-07  2.9263748e+09
   1036000   37379.387      3.878327e-07   7.3262336e-12  3.8782537e-07  2.9263446e+09
   1037000   37379.246      3.878327e-07   8.7959307e-12  3.878239e-07   2.9263539e+09
   1038000   37378.987      3.878327e-07   1.1482156e-11  3.8782122e-07  2.926371e+09 
   1039000   37378.807      3.878327e-07   1.3352938e-11  3.8781935e-07  2.9263879e+09
   1040000   37379.335      3.878327e-07   7.8737731e-12  3.8782483e-07  2.9263354e+09
   1041000   37379.068      3.878327e-07   1.0640068e-11  3.8782206e-07  2.9263633e+09
   1042000   37379.05       3.878327e-07   1.0827192e-11  3.8782187e-07  2.9263697e+09
   1043000   37378.303      3.878327e-07   1.8579892e-11  3.8781412e-07  2.9263955e+09
   1044000   37378.648      3.878327e-07   1.5000901e-11  3.878177e-07   2.9264043e+09
   1045000   37378.235      3.878327e-07   1.9280472e-11  3.8781342e-07  2.9264362e+09
   1046000   37379.123      3.878327e-07   1.0067076e-11  3.8782263e-07  2.9263688e+09
   1047000   37379.566      3.878327e-07   5.4788951e-12  3.8782722e-07  2.9263227e+09
   1048000   37378.47       3.8783269e-07  1.683972e-11   3.8781585e-07  2.9263737e+09
   1049000   37379.084      3.878327e-07   1.0477574e-11  3.8782222e-07  2.9263658e+09
   1050000   37378.842      3.878327e-07   1.2984977e-11  3.8781971e-07  2.9263878e+09
   1051000   37378.948      3.878327e-07   1.1883985e-11  3.8782082e-07  2.9263779e+09
   1052000   37379.217      3.878327e-07   9.0949237e-12  3.878236e-07   2.9263579e+09
   1053000   37379.476      3.878327e-07   6.4038131e-12  3.878263e-07   2.9263289e+09
   1054000   37379.485      3.878327e-07   6.3138317e-12  3.8782638e-07  2.926334e+09 
   1055000   37378.734      3.878327e-07   1.4108949e-11  3.8781859e-07  2.9264129e+09
   1056000   37379.45       3.878327e-07   6.6751988e-12  3.8782602e-07  2.9263355e+09
   1057000   37378.916      3.878327e-07   1.2216395e-11  3.8782048e-07  2.9263938e+09
   1058000   37378.532      3.878327e-07   1.6197838e-11  3.878165e-07   2.9264304e+09
   1059000   37378.722      3.878327e-07   1.4229756e-11  3.8781847e-07  2.9264166e+09
   1060000   37379.023      3.878327e-07   1.110563e-11   3.8782159e-07  2.9263736e+09
   1061000   37378.909      3.878327e-07   1.2288766e-11  3.8782041e-07  2.9263911e+09
   1062000   37379.386      3.878327e-07   7.3356106e-12  3.8782536e-07  2.9263383e+09
   1063000   37379.746      3.878327e-07   3.6100942e-12  3.8782909e-07  2.9263009e+09
   1064000   37379.128      3.878327e-07   1.0014332e-11  3.8782269e-07  2.9263666e+09
   1065000   37378.596      3.878327e-07   1.5543582e-11  3.8781716e-07  2.9263862e+09
   1066000   37379.058      3.878327e-07   1.0746153e-11  3.8782195e-07  2.9263699e+09
   1067000   37377.337      3.8783271e-07  2.8608498e-11  3.878041e-07   2.9265422e+09
   1068000   37378.613      3.8783264e-07  1.5301418e-11  3.8781734e-07  2.9263898e+09
   1069000   37378.582      3.878327e-07   1.5686744e-11  3.8781702e-07  2.9263883e+09
   1070000   37378.565      3.878327e-07   1.5864826e-11  3.8781684e-07  2.926425e+09 
   1071000   37379.663      3.878327e-07   4.4631035e-12  3.8782824e-07  2.9263075e+09
   1072000   37379.181      3.878327e-07   9.4700473e-12  3.8782323e-07  2.9263682e+09
   1073000   37379.489      3.878327e-07   6.2727995e-12  3.8782643e-07  2.9263238e+09
   1074000   37379.223      3.878327e-07   9.0318504e-12  3.8782367e-07  2.9263589e+09
   1075000   37379.065      3.878327e-07   1.0668161e-11  3.8782203e-07  2.926379e+09 
   1076000   37379.023      3.878327e-07   1.1104347e-11  3.8782159e-07  2.9263727e+09
   1077000   37378.95       3.878327e-07   1.1869049e-11  3.8782083e-07  2.9263847e+09
   1078000   37379.434      3.878327e-07   6.8408833e-12  3.8782586e-07  2.9263344e+09
   1079000   37379.466      3.878327e-07   6.5078924e-12  3.8782619e-07  2.9263272e+09
   1080000   37378.914      3.878327e-07   1.2232765e-11  3.8782047e-07  2.9263811e+09
   1081000   37378.91       3.878327e-07   1.2282537e-11  3.8782042e-07  2.9263851e+09
   1082000   37376.691      3.8783273e-07  3.5331021e-11  3.877974e-07   2.9264229e+09
   1083000   37379.395      3.878327e-07   7.2462981e-12  3.8782545e-07  2.9263388e+09
   1084000   37379.679      3.878327e-07   4.304566e-12   3.878284e-07   2.9263075e+09
   1085000   37378.901      3.878327e-07   1.2375254e-11  3.8782032e-07  2.9263859e+09
   1086000   37379.504      3.878327e-07   6.1196234e-12  3.8782658e-07  2.9263354e+09
   1087000   37378.932      3.878327e-07   1.2055263e-11  3.8782064e-07  2.9263765e+09
   1088000   37378.96       3.878327e-07   1.1758022e-11  3.8782094e-07  2.9263835e+09
   1089000   37379.021      3.878327e-07   1.1126811e-11  3.8782157e-07  2.9263811e+09
   1090000   37379.295      3.878327e-07   8.2844437e-12  3.8782441e-07  2.9263584e+09
   1091000   37378.845      3.878327e-07   1.2953356e-11  3.8781975e-07  2.9263959e+09
   1092000   37379.05       3.878327e-07   1.0828587e-11  3.8782187e-07  2.9263575e+09
   1093000   37378.991      3.878327e-07   1.1436437e-11  3.8782126e-07  2.9263882e+09
   1094000   37378.425      3.878327e-07   1.731369e-11   3.8781539e-07  2.9263914e+09
   1095000   37379.471      3.878327e-07   6.4574936e-12  3.8782624e-07  2.9263337e+09
   1096000   37379.537      3.878327e-07   5.7792946e-12  3.8782692e-07  2.9263189e+09
   1097000   37378.775      3.878327e-07   1.3678485e-11  3.8781902e-07  2.9263968e+09
   1098000   37379.309      3.878327e-07   8.1388049e-12  3.8782456e-07  2.9263479e+09
   1099000   37377.294      3.878327e-07   2.9050355e-11  3.8780365e-07  2.9265122e+09
   1100000   37378.918      3.878327e-07   1.2192874e-11  3.8782051e-07  2.926376e+09 
   1101000   37378.792      3.878327e-07   1.3500731e-11  3.878192e-07   2.9263871e+09
   1102000   37379.509      3.878327e-07   6.0673411e-12  3.8782663e-07  2.9263205e+09
   1103000   37378.896      3.878327e-07   1.2423366e-11  3.8782028e-07  2.9263876e+09
   1104000   37379.03       3.8783269e-07  1.1028681e-11  3.8782167e-07  2.9263578e+09
   1105000   37379.453      3.878327e-07   6.6506715e-12  3.8782605e-07  2.9263376e+09
   1106000   37378.63       3.878327e-07   1.5189098e-11  3.8781751e-07  2.9263945e+09
   1107000   37378.995      3.878327e-07   1.139817e-11   3.878213e-07   2.9263627e+09
   1108000   37378.092      3.878327e-07   2.0763025e-11  3.8781194e-07  2.9264392e+09
   1109000   37379.325      3.878327e-07   7.9723475e-12  3.8782473e-07  2.92635e+09  
   1110000   37379.223      3.878327e-07   9.0272387e-12  3.8782367e-07  2.9263684e+09
   1111000   37379.493      3.878327e-07   6.2309107e-12  3.8782647e-07  2.9263263e+09
   1112000   37378.983      3.878327e-07   1.1519135e-11  3.8782118e-07  2.9263827e+09
   1113000   37379.208      3.878327e-07   9.191541e-12   3.8782351e-07  2.9263671e+09
   1114000   37378.765      3.878327e-07   1.3785801e-11  3.8781891e-07  2.9263942e+09
   1115000   37379.66       3.878327e-07   4.4973807e-12  3.878282e-07   2.9263038e+09
   1116000   37379.149      3.878327e-07   9.7963488e-12  3.878229e-07   2.9263658e+09
   1117000   37377.848      3.878327e-07   2.3299401e-11  3.878094e-07   2.9264915e+09
   1118000   37379.524      3.878327e-07   5.9130571e-12  3.8782679e-07  2.9263271e+09
   1119000   37378.745      3.878327e-07   1.3993941e-11  3.8781871e-07  2.9264239e+09
   1120000   37379.377      3.878327e-07   7.4387021e-12  3.8782526e-07  2.9263437e+09
   1121000   37379.467      3.878327e-07   6.5039464e-12  3.878262e-07   2.9263382e+09
   1122000   37379.374      3.878327e-07   7.4613169e-12  3.8782524e-07  2.92634e+09  
   1123000   37378.688      3.878327e-07   1.458303e-11   3.8781812e-07  2.9263834e+09
   1124000   37379.16       3.878327e-07   9.681559e-12   3.8782302e-07  2.9263691e+09
   1125000   37378.729      3.878327e-07   1.4158675e-11  3.8781854e-07  2.9264271e+09
   1126000   37379.127      3.878327e-07   1.0023098e-11  3.8782268e-07  2.9263572e+09
   1127000   37378.515      3.878327e-07   1.63814e-11    3.8781632e-07  2.9264139e+09
   1128000   37379.163      3.878327e-07   9.6570556e-12  3.8782304e-07  2.9263664e+09
   1129000   37378.806      3.878327e-07   1.3360494e-11  3.8781934e-07  2.9263546e+09
   1130000   37378.753      3.878327e-07   1.3909478e-11  3.8781879e-07  2.9263853e+09
   1131000   37378.896      3.878327e-07   1.2429004e-11  3.8782027e-07  2.9263875e+09
   1132000   37378.648      3.878327e-07   1.500268e-11   3.878177e-07   2.9263639e+09
   1133000   37378.255      3.878327e-07   1.907339e-11   3.8781363e-07  2.9264099e+09
   1134000   37378.985      3.878327e-07   1.1503969e-11  3.878212e-07   2.9263639e+09
   1135000   37379.112      3.878327e-07   1.0188982e-11  3.8782251e-07  2.926351e+09 
   1136000   37378.173      3.878327e-07   1.9922874e-11  3.8781277e-07  2.9264411e+09
   1137000   37379.224      3.878327e-07   9.0175387e-12  3.8782368e-07  2.926351e+09 
   1138000   37379.108      3.878327e-07   1.0224038e-11  3.8782248e-07  2.9263648e+09
   1139000   37378.511      3.878327e-07   1.6413623e-11  3.8781629e-07  2.9264208e+09
   1140000   37379.1        3.878327e-07   1.0305251e-11  3.8782239e-07  2.9263732e+09
   1141000   37379.46       3.878327e-07   6.5685667e-12  3.8782613e-07  2.9263248e+09
   1142000   37379.14       3.878327e-07   9.8913114e-12  3.8782281e-07  2.9263626e+09
   1143000   37379.218      3.878327e-07   9.0892909e-12  3.8782361e-07  2.9263621e+09
   1144000   37379.478      3.878327e-07   6.3837103e-12  3.8782632e-07  2.9263275e+09
   1145000   37378.676      3.878327e-07   1.4712495e-11  3.8781799e-07  2.9264082e+09
   1146000   37377.746      3.8783274e-07  2.4392708e-11  3.8780835e-07  2.9264254e+09
   1147000   37378.805      3.878327e-07   1.3364849e-11  3.8781933e-07  2.9263891e+09
   1148000   37378.74       3.878327e-07   1.4043494e-11  3.8781866e-07  2.9263941e+09
   1149000   37379.535      3.878327e-07   5.7963902e-12  3.878269e-07   2.926327e+09 
   1150000   37379.44       3.878327e-07   6.7810861e-12  3.8782592e-07  2.9263354e+09
   1151000   37378.796      3.8783267e-07  1.3430955e-11  3.8781924e-07  2.9263748e+09
   1152000   37379.418      3.878327e-07   7.0041988e-12  3.878257e-07   2.9263327e+09
   1153000   37378.203      3.878327e-07   1.961522e-11   3.8781308e-07  2.9264837e+09
   1154000   37378.914      3.878327e-07   1.2238456e-11  3.8782046e-07  2.926401e+09 
   1155000   37378.713      3.878327e-07   1.4318978e-11  3.8781838e-07  2.9264092e+09
   1156000   37378.595      3.878327e-07   1.5547048e-11  3.8781715e-07  2.9264544e+09
   1157000   37378.72       3.878327e-07   1.4247347e-11  3.8781845e-07  2.9264e+09   
   1158000   37378.801      3.878327e-07   1.3406578e-11  3.8781929e-07  2.9263974e+09
   1159000   37379.011      3.878327e-07   1.12272e-11    3.8782147e-07  2.9263721e+09
   1160000   37379.351      3.878327e-07   7.7068921e-12  3.8782499e-07  2.9263483e+09
   1161000   37379.143      3.878327e-07   9.8661287e-12  3.8782283e-07  2.926358e+09 
   1162000   37379.592      3.878327e-07   5.2046232e-12  3.878275e-07   2.9263102e+09
   1163000   37378.569      3.8783271e-07  1.5825875e-11  3.8781688e-07  2.9263866e+09
   1164000   37379.079      3.878327e-07   1.052883e-11   3.8782217e-07  2.9263679e+09
   1165000   37379.168      3.878327e-07   9.6038206e-12  3.878231e-07   2.9263554e+09
   1166000   37379.286      3.878327e-07   8.3749927e-12  3.8782432e-07  2.9263495e+09
   1167000   37379.132      3.878327e-07   9.9727313e-12  3.8782273e-07  2.9263675e+09
   1168000   37379.442      3.878327e-07   6.7557083e-12  3.8782594e-07  2.9263288e+09
   1169000   37378.259      3.878327e-07   1.9031328e-11  3.8781367e-07  2.9264342e+09
   1170000   37378.826      3.878327e-07   1.3155379e-11  3.8781955e-07  2.9263864e+09
   1171000   37379.017      3.8783268e-07  1.1148934e-11  3.8782153e-07  2.926381e+09 
   1172000   37379.202      3.878327e-07   9.2525484e-12  3.8782345e-07  2.9263632e+09
   1173000   37379.229      3.878327e-07   8.9740117e-12  3.8782373e-07  2.9263521e+09
   1174000   37379.074      3.878327e-07   1.0578259e-11  3.8782212e-07  2.9263688e+09
   1175000   37378.932      3.878327e-07   1.2051785e-11  3.8782065e-07  2.9263684e+09
   1176000   37379.431      3.878327e-07   6.8707929e-12  3.8782583e-07  2.9263331e+09
   1177000   37379.328      3.878327e-07   7.9409218e-12  3.8782476e-07  2.9263521e+09
   1178000   37377.816      3.878327e-07   2.3633459e-11  3.8780907e-07  2.9264423e+09
   1179000   37378.115      3.8783263e-07  2.0459694e-11  3.8781217e-07  2.9264203e+09
   1180000   37379.184      3.878327e-07   9.4312139e-12  3.8782327e-07  2.9263612e+09
   1181000   37378.886      3.878327e-07   1.2523512e-11  3.8782017e-07  2.9263909e+09
   1182000   37378.455      3.878327e-07   1.7006345e-11  3.8781569e-07  2.9264073e+09
   1183000   37379.182      3.878327e-07   9.4554933e-12  3.8782324e-07  2.9263643e+09
   1184000   37378.311      3.878327e-07   1.8493368e-11  3.8781421e-07  2.926465e+09 
   1185000   37379.235      3.878327e-07   8.9059138e-12  3.8782379e-07  2.9263468e+09
   1186000   37379.125      3.878327e-07   1.0045971e-11  3.8782265e-07  2.9263631e+09
   1187000   37378.361      3.878327e-07   1.7975638e-11  3.8781472e-07  2.9264157e+09
   1188000   37379.223      3.878327e-07   9.0362208e-12  3.8782366e-07  2.9263602e+09
   1189000   37379.173      3.878327e-07   9.5504611e-12  3.8782315e-07  2.9263562e+09
   1190000   37378.944      3.878327e-07   1.1932199e-11  3.8782077e-07  2.9263839e+09
   1191000   37379.38       3.878327e-07   7.4051295e-12  3.8782529e-07  2.9263388e+09
   1192000   37379.18       3.878327e-07   9.4787647e-12  3.8782322e-07  2.9263578e+09
   1193000   37379.088      3.878327e-07   1.0437157e-11  3.8782226e-07  2.9263756e+09
   1194000   37378.83       3.878327e-07   1.3106185e-11  3.8781959e-07  2.9263901e+09
   1195000   37379.038      3.878327e-07   1.0948417e-11  3.8782175e-07  2.9263795e+09
   1196000   37377.787      3.8783269e-07  2.3929329e-11  3.8780876e-07  2.9265044e+09
   1197000   37378.405      3.878327e-07   1.752434e-11   3.8781518e-07  2.9264056e+09
   1198000   37378.885      3.878327e-07   1.253862e-11   3.8782016e-07  2.9263871e+09
   1199000   37379.615      3.878327e-07   4.9674955e-12  3.8782773e-07  2.9263173e+09
   1200000   37378.686      3.878327e-07   1.4603679e-11  3.878181e-07   2.9264267e+09
   1201000   37379.34       3.878327e-07   7.8177403e-12  3.8782488e-07  2.9263407e+09
   1202000   37379.336      3.878327e-07   7.8624096e-12  3.8782484e-07  2.9263494e+09
   1203000   37378.995      3.878327e-07   1.139742e-11   3.878213e-07   2.9263916e+09
   1204000   37379.325      3.878327e-07   7.9756065e-12  3.8782472e-07  2.9263581e+09
   1205000   37378.862      3.878327e-07   1.2779882e-11  3.8781992e-07  2.9263972e+09
   1206000   37379.05       3.878327e-07   1.0828626e-11  3.8782187e-07  2.9263901e+09
   1207000   37379.082      3.878327e-07   1.0498753e-11  3.878222e-07   2.9263575e+09
   1208000   37378.555      3.878327e-07   1.5963228e-11  3.8781674e-07  2.9264125e+09
   1209000   37379.356      3.878327e-07   7.6519801e-12  3.8782505e-07  2.9263412e+09
   1210000   37379.348      3.878327e-07   7.7403352e-12  3.8782496e-07  2.9263396e+09
   1211000   37379.121      3.878327e-07   1.0090975e-11  3.8782261e-07  2.9263647e+09
   1212000   37378.683      3.8783271e-07  1.4642543e-11  3.8781807e-07  2.9264175e+09
   1213000   37379.076      3.878327e-07   1.0560414e-11  3.8782214e-07  2.9263809e+09
   1214000   37379.309      3.878327e-07   8.1423436e-12  3.8782456e-07  2.9263455e+09
   1215000   37378.526      3.878327e-07   1.6262885e-11  3.8781644e-07  2.9264257e+09
   1216000   37378.915      3.878327e-07   1.2224527e-11  3.8782048e-07  2.9263939e+09
   1217000   37379.308      3.878327e-07   8.1454313e-12  3.8782455e-07  2.9263466e+09
   1218000   37378.378      3.878327e-07   1.7792829e-11  3.8781491e-07  2.9263973e+09
   1219000   37378.629      3.878327e-07   1.5199618e-11  3.878175e-07   2.926417e+09 
   1220000   37379.445      3.878327e-07   6.7285908e-12  3.8782597e-07  2.9263287e+09
   1221000   37379.239      3.878327e-07   8.8607614e-12  3.8782384e-07  2.9263619e+09
   1222000   37379.272      3.878327e-07   8.5244657e-12  3.8782417e-07  2.9263507e+09
   1223000   37379.299      3.878327e-07   8.2399754e-12  3.8782446e-07  2.9263388e+09
   1224000   37378.426      3.878327e-07   1.7296611e-11  3.878154e-07   2.9264278e+09
   1225000   37379.073      3.878327e-07   1.0588732e-11  3.8782211e-07  2.9263725e+09
   1226000   37378.429      3.878327e-07   1.7274714e-11  3.8781543e-07  2.9264244e+09
   1227000   37377.856      3.878327e-07   2.3219221e-11  3.8780949e-07  2.9264434e+09
   1228000   37378.731      3.878327e-07   1.4133331e-11  3.8781857e-07  2.9263963e+09
   1229000   37379.608      3.878327e-07   5.03693e-12    3.8782766e-07  2.9263137e+09
   1230000   37378.681      3.878327e-07   1.4650792e-11  3.8781805e-07  2.9264135e+09
   1231000   37379.202      3.878327e-07   9.248848e-12   3.8782345e-07  2.9263549e+09
   1232000   37379.106      3.878327e-07   1.0250329e-11  3.8782245e-07  2.9263683e+09
   1233000   37378.837      3.878327e-07   1.3040365e-11  3.8781966e-07  2.9263847e+09
   1234000   37378.83       3.8783269e-07  1.3094762e-11  3.8781959e-07  2.9263582e+09
   1235000   37378.848      3.878327e-07   1.2927484e-11  3.8781977e-07  2.9263866e+09
   1236000   37379.157      3.878327e-07   9.7133568e-12  3.8782299e-07  2.9263714e+09
   1237000   37378.729      3.878327e-07   1.4154685e-11  3.8781855e-07  2.9264009e+09
   1238000   37379.366      3.878327e-07   7.549001e-12   3.8782515e-07  2.9263502e+09
   1239000   37378.659      3.878327e-07   1.4880098e-11  3.8781782e-07  2.9264399e+09
   1240000   37379.238      3.878327e-07   8.8746422e-12  3.8782382e-07  2.9263641e+09
   1241000   37379.524      3.878327e-07   5.906248e-12   3.8782679e-07  2.9263279e+09
   1242000   37379.03       3.878327e-07   1.1031544e-11  3.8782167e-07  2.926376e+09 
   1243000   37379.005      3.878327e-07   1.1296371e-11  3.878214e-07   2.9263963e+09
   1244000   37378.443      3.878327e-07   1.7125477e-11  3.8781557e-07  2.926414e+09 
   1245000   37379.447      3.878327e-07   6.7077322e-12  3.8782599e-07  2.9263345e+09
   1246000   37379.529      3.878327e-07   5.8600243e-12  3.8782684e-07  2.9263262e+09
   1247000   37378.948      3.878327e-07   1.1884994e-11  3.8782081e-07  2.926384e+09 
   1248000   37379.048      3.8783269e-07  1.0836375e-11  3.8782185e-07  2.9263577e+09
   1249000   37379.775      3.878327e-07   3.3074136e-12  3.8782939e-07  2.9262892e+09
   1250000   37379.483      3.878327e-07   6.3396654e-12  3.8782636e-07  2.9263285e+09
   1251000   37379.04       3.878327e-07   1.093401e-11   3.8782177e-07  2.9263815e+09
   1252000   37378.43       3.878327e-07   1.7262793e-11  3.8781544e-07  2.9264193e+09
   1253000   37379.476      3.878327e-07   6.4027183e-12  3.878263e-07   2.9263222e+09
   1254000   37378.401      3.8783269e-07  1.7555369e-11  3.8781514e-07  2.9263844e+09
   1255000   37378.386      3.878327e-07   1.7715467e-11  3.8781499e-07  2.9263881e+09
   1256000   37379.378      3.878327e-07   7.4204678e-12  3.8782528e-07  2.9263313e+09
   1257000   37379.055      3.878327e-07   1.0772975e-11  3.8782193e-07  2.9263599e+09
   1258000   37377.52       3.878327e-07   2.6702987e-11  3.87806e-07    2.9263736e+09
   1259000   37378.667      3.878327e-07   1.4798483e-11  3.878179e-07   2.9264029e+09
   1260000   37379.59       3.878327e-07   5.2263822e-12  3.8782747e-07  2.9263146e+09
   1261000   37378.052      3.878327e-07   2.1188541e-11  3.8781151e-07  2.9264039e+09
   1262000   37376.808      3.8783271e-07  3.4099504e-11  3.8779861e-07  2.92658e+09  
   1263000   37379.266      3.878327e-07   8.5861868e-12  3.8782411e-07  2.9263469e+09
   1264000   37379.12       3.878327e-07   1.0097079e-11  3.878226e-07   2.9263661e+09
   1265000   37379.329      3.878327e-07   7.9365441e-12  3.8782476e-07  2.9263513e+09
   1266000   37378.347      3.878327e-07   1.8123452e-11  3.8781458e-07  2.9264296e+09
   1267000   37379.534      3.878327e-07   5.8078665e-12  3.8782689e-07  2.9263223e+09
   1268000   37378.902      3.878327e-07   1.2362119e-11  3.8782034e-07  2.9263921e+09
   1269000   37379.392      3.878327e-07   7.2805523e-12  3.8782542e-07  2.926354e+09 
   1270000   37379.045      3.878327e-07   1.0876984e-11  3.8782182e-07  2.9263791e+09
   1271000   37379.143      3.878327e-07   9.8567253e-12  3.8782284e-07  2.926362e+09 
   1272000   37378.962      3.878327e-07   1.1743491e-11  3.8782096e-07  2.9263891e+09
   1273000   37379.077      3.878327e-07   1.055072e-11   3.8782215e-07  2.9263794e+09
   1274000   37378.896      3.878327e-07   1.2426931e-11  3.8782027e-07  2.9263668e+09
   1275000   37379.261      3.878327e-07   8.6429316e-12  3.8782406e-07  2.9263526e+09
   1276000   37378.749      3.878327e-07   1.3951417e-11  3.8781875e-07  2.9264091e+09
   1277000   37378.925      3.8783269e-07  1.2107565e-11  3.8782058e-07  2.9263759e+09
   1278000   37379.316      3.878327e-07   8.0670738e-12  3.8782463e-07  2.9263439e+09
   1279000   37379.39       3.878327e-07   7.3012104e-12  3.878254e-07   2.9263417e+09
   1280000   37377.618      3.878327e-07   2.5685769e-11  3.8780701e-07  2.9264481e+09
   1281000   37379.141      3.878327e-07   9.885019e-12   3.8782282e-07  2.9263656e+09
   1282000   37378.592      3.878327e-07   1.557861e-11   3.8781712e-07  2.9264454e+09
   1283000   37379.609      3.878327e-07   5.0287087e-12  3.8782767e-07  2.9263101e+09
   1284000   37378.443      3.878327e-07   1.7121753e-11  3.8781558e-07  2.9264264e+09
   1285000   37379.44       3.878327e-07   6.7840116e-12  3.8782592e-07  2.9263408e+09
   1286000   37379.294      3.878327e-07   8.2990905e-12  3.878244e-07   2.9263497e+09
   1287000   37377.509      3.878327e-07   2.6820337e-11  3.8780588e-07  2.9265405e+09
   1288000   37378.812      3.878327e-07   1.3295353e-11  3.878194e-07   2.9263905e+09
   1289000   37378.484      3.878327e-07   1.6702428e-11  3.87816e-07    2.9264051e+09
   1290000   37378.791      3.878327e-07   1.350948e-11   3.8781919e-07  2.926404e+09 
   1291000   37378.572      3.878327e-07   1.5781654e-11  3.8781691e-07  2.9263984e+09
   1292000   37379.404      3.878327e-07   7.1529786e-12  3.8782555e-07  2.9263412e+09
   1293000   37379.046      3.878327e-07   1.0868754e-11  3.8782183e-07  2.9263793e+09
   1294000   37378.693      3.878327e-07   1.4536222e-11  3.8781816e-07  2.9264053e+09
   1295000   37378.36       3.878327e-07   1.7987105e-11  3.8781471e-07  2.9263584e+09
   1296000   37379.113      3.878327e-07   1.0170708e-11  3.8782253e-07  2.9263634e+09
   1297000   37378.552      3.878327e-07   1.5996331e-11  3.8781671e-07  2.9264308e+09
   1298000   37379.151      3.878327e-07   9.7802361e-12  3.8782292e-07  2.9263679e+09
   1299000   37379.294      3.878327e-07   8.2927667e-12  3.8782441e-07  2.9263445e+09
   1300000   37379.406      3.878327e-07   7.132479e-12   3.8782557e-07  2.9263408e+09
   1301000   37379.392      3.878327e-07   7.2757586e-12  3.8782542e-07  2.9263526e+09
   1302000   37378.906      3.878327e-07   1.232123e-11   3.8782038e-07  2.9263848e+09
   1303000   37378.664      3.878327e-07   1.4827139e-11  3.8781787e-07  2.926435e+09 
   1304000   37379.322      3.878327e-07   8.0087796e-12  3.8782469e-07  2.9263463e+09
   1305000   37379.233      3.878327e-07   8.9300599e-12  3.8782377e-07  2.9263553e+09
   1306000   37378.854      3.878327e-07   1.2859666e-11  3.8781984e-07  2.9263826e+09
   1307000   37379.429      3.878327e-07   6.8924862e-12  3.8782581e-07  2.926334e+09 
   1308000   37379.075      3.878327e-07   1.057033e-11   3.8782213e-07  2.9263759e+09
   1309000   37378.737      3.878327e-07   1.4075104e-11  3.8781862e-07  2.9263969e+09
   1310000   37379.384      3.878327e-07   7.3642373e-12  3.8782534e-07  2.926336e+09 
   1311000   37379.081      3.878327e-07   1.0508676e-11  3.8782219e-07  2.9263631e+09
   1312000   37379.183      3.878327e-07   9.4455847e-12  3.8782325e-07  2.9263568e+09
   1313000   37379.026      3.878327e-07   1.1073108e-11  3.8782163e-07  2.9263694e+09
   1314000   37378.899      3.878327e-07   1.2395452e-11  3.878203e-07   2.9263912e+09
   1315000   37379.091      3.878327e-07   1.0400401e-11  3.878223e-07   2.9263664e+09
   1316000   37378.775      3.878327e-07   1.3678255e-11  3.8781902e-07  2.9263948e+09
   1317000   37378.29       3.8783269e-07  1.8704107e-11  3.8781398e-07  2.9264225e+09
   1318000   37378.624      3.878327e-07   1.5250623e-11  3.8781745e-07  2.9264179e+09
   1319000   37379.278      3.878327e-07   8.4602759e-12  3.8782424e-07  2.9263513e+09
   1320000   37379.328      3.878327e-07   7.9390838e-12  3.8782476e-07  2.9263434e+09
   1321000   37379.008      3.878327e-07   1.1267999e-11  3.8782143e-07  2.9263649e+09
   1322000   37379.282      3.878327e-07   8.4166433e-12  3.8782428e-07  2.926345e+09 
   1323000   37379.668      3.878327e-07   4.4134647e-12  3.8782829e-07  2.9263012e+09
   1324000   37378.872      3.878327e-07   1.2675392e-11  3.8782002e-07  2.9263969e+09
   1325000   37378.146      3.878327e-07   2.020934e-11   3.8781249e-07  2.9264671e+09
   1326000   37379.317      3.878327e-07   8.0591245e-12  3.8782464e-07  2.9263456e+09
   1327000   37379.194      3.878327e-07   9.3305783e-12  3.8782337e-07  2.9263568e+09
   1328000   37379.451      3.878327e-07   6.6657021e-12  3.8782603e-07  2.9263309e+09
   1329000   37379.358      3.878327e-07   7.6279483e-12  3.8782507e-07  2.9263465e+09
   1330000   37378.909      3.878327e-07   1.2290046e-11  3.8782041e-07  2.9263786e+09
   1331000   37378.167      3.878327e-07   1.9994489e-11  3.8781271e-07  2.9264492e+09
   1332000   37379.299      3.878327e-07   8.2485897e-12  3.8782445e-07  2.9263607e+09
   1333000   37379.369      3.878327e-07   7.5211551e-12  3.8782518e-07  2.9263327e+09
   1334000   37379.47       3.878327e-07   6.4714113e-12  3.8782623e-07  2.926333e+09 
   1335000   37379.573      3.878327e-07   5.4044127e-12  3.878273e-07   2.9263249e+09
   1336000   37379.237      3.878327e-07   8.8823656e-12  3.8782382e-07  2.9263507e+09
   1337000   37379.078      3.878327e-07   1.0533238e-11  3.8782217e-07  2.9263633e+09
   1338000   37379.211      3.878327e-07   9.1546629e-12  3.8782355e-07  2.9263557e+09
   1339000   37378.946      3.878327e-07   1.1909809e-11  3.8782079e-07  2.9263963e+09
   1340000   37378.168      3.8783269e-07  1.9976368e-11  3.8781272e-07  2.9264037e+09
   1341000   37379.195      3.878327e-07   9.3212173e-12  3.8782338e-07  2.9263679e+09
   1342000   37378.094      3.8783269e-07  2.0737684e-11  3.8781195e-07  2.9264125e+09
   1343000   37379.406      3.878327e-07   7.1301367e-12  3.8782557e-07  2.9263346e+09
   1344000   37379.74       3.878327e-07   3.6676147e-12  3.8782903e-07  2.9262885e+09
   1345000   37379.481      3.878327e-07   6.3580419e-12  3.8782634e-07  2.9263375e+09
   1346000   37378.974      3.878327e-07   1.1618907e-11  3.8782108e-07  2.9263929e+09
   1347000   37379.338      3.878327e-07   7.8369765e-12  3.8782486e-07  2.926341e+09 
   1348000   37378.846      3.878327e-07   1.2945724e-11  3.8781975e-07  2.9263937e+09
   1349000   37378.553      3.878327e-07   1.5985824e-11  3.8781671e-07  2.9264176e+09
   1350000   37378.485      3.878327e-07   1.6688973e-11  3.8781601e-07  2.9264393e+09
   1351000   37379.163      3.878327e-07   9.6527346e-12  3.8782305e-07  2.9263687e+09
   1352000   37378.135      3.878327e-07   2.0319275e-11  3.8781238e-07  2.9264709e+09
   1353000   37378.763      3.878327e-07   1.3806506e-11  3.8781889e-07  2.926408e+09 
   1354000   37379.268      3.878327e-07   8.5688991e-12  3.8782413e-07  2.9263503e+09
   1355000   37378.957      3.878327e-07   1.1794451e-11  3.878209e-07   2.9263884e+09
   1356000   37379.485      3.878327e-07   6.3159596e-12  3.8782638e-07  2.9263302e+09
   1357000   37378.892      3.878327e-07   1.2472135e-11  3.8782023e-07  2.9263958e+09
   1358000   37379.031      3.878327e-07   1.1020181e-11  3.8782168e-07  2.9263755e+09
   1359000   37378.832      3.878327e-07   1.3091097e-11  3.8781961e-07  2.9263863e+09
   1360000   37379.159      3.878327e-07   9.6959342e-12  3.87823e-07    2.9263657e+09
   1361000   37379.293      3.878327e-07   8.3043673e-12  3.878244e-07   2.9263448e+09
   1362000   37378.286      3.878327e-07   1.8753018e-11  3.8781395e-07  2.9264389e+09
   1363000   37379.237      3.878327e-07   8.8890123e-12  3.8782381e-07  2.9263499e+09
   1364000   37379.181      3.878327e-07   9.4640006e-12  3.8782324e-07  2.9263619e+09
   1365000   37379.138      3.878327e-07   9.9186549e-12  3.8782278e-07  2.9263745e+09
   1366000   37379.001      3.878327e-07   1.1337541e-11  3.8782136e-07  2.9263835e+09
   1367000   37378.906      3.878327e-07   1.2318716e-11  3.8782038e-07  2.9263779e+09
   1368000   37379.377      3.878327e-07   7.4362289e-12  3.8782526e-07  2.9263373e+09
   1369000   37378.279      3.878327e-07   1.8823334e-11  3.8781388e-07  2.9264465e+09
   1370000   37379.342      3.878327e-07   7.798271e-12   3.878249e-07   2.9263449e+09
   1371000   37379.711      3.878327e-07   3.9671936e-12  3.8782873e-07  2.9262978e+09
   1372000   37379.364      3.878327e-07   7.569806e-12   3.8782513e-07  2.9263339e+09
   1373000   37378.839      3.878327e-07   1.3012902e-11  3.8781969e-07  2.9263919e+09
   1374000   37378.675      3.8783269e-07  1.4710014e-11  3.8781798e-07  2.9263757e+09
   1375000   37375.828      3.878327e-07   4.4258669e-11  3.8778844e-07  2.9263925e+09
   1376000   37378.949      3.8783269e-07  1.187294e-11   3.8782082e-07  2.9263941e+09
   1377000   37379.044      3.878327e-07   1.0890747e-11  3.8782181e-07  2.9263676e+09
   1378000   37379.483      3.878327e-07   6.3385929e-12  3.8782636e-07  2.9263274e+09
   1379000   37379.119      3.878327e-07   1.0109958e-11  3.8782259e-07  2.9263706e+09
   1380000   37378.394      3.878327e-07   1.7639466e-11  3.8781506e-07  2.9264214e+09
   1381000   37379.336      3.878327e-07   7.8640328e-12  3.8782484e-07  2.9263466e+09
   1382000   37379.549      3.878327e-07   5.6511716e-12  3.8782705e-07  2.9263172e+09
   1383000   37379.394      3.878327e-07   7.2533383e-12  3.8782545e-07  2.9263415e+09
   1384000   37379.083      3.878327e-07   1.048987e-11   3.8782221e-07  2.9263705e+09
   1385000   37378.578      3.878327e-07   1.5724045e-11  3.8781698e-07  2.9264295e+09
   1386000   37378.245      3.878327e-07   1.9180122e-11  3.8781352e-07  2.9264339e+09
   1387000   37378.67       3.878327e-07   1.4767096e-11  3.8781793e-07  2.9263913e+09
   1388000   37378.862      3.878327e-07   1.2776088e-11  3.8781992e-07  2.9264093e+09
   1389000   37378.891      3.878327e-07   1.2480606e-11  3.8782022e-07  2.9263829e+09
   1390000   37378.967      3.878327e-07   1.1687017e-11  3.8782101e-07  2.926379e+09 
   1391000   37379.144      3.878327e-07   9.8548804e-12  3.8782285e-07  2.9263596e+09
   1392000   37378.396      3.878327e-07   1.761281e-11   3.8781509e-07  2.9264368e+09
   1393000   37379.406      3.878327e-07   7.1298584e-12  3.8782557e-07  2.9263363e+09
   1394000   37378.898      3.878327e-07   1.2402611e-11  3.878203e-07   2.9263799e+09
   1395000   37379.45       3.878327e-07   6.6803089e-12  3.8782602e-07  2.9263339e+09
   1396000   37379.381      3.878327e-07   7.3903505e-12  3.8782531e-07  2.9263437e+09
   1397000   37378.402      3.878327e-07   1.7557753e-11  3.8781515e-07  2.9264512e+09
   1398000   37379.204      3.878327e-07   9.2308791e-12  3.8782347e-07  2.9263459e+09
   1399000   37379.137      3.878327e-07   9.9213877e-12  3.8782278e-07  2.9263706e+09
   1400000   37378.453      3.878327e-07   1.7020602e-11  3.8781568e-07  2.9264166e+09
   1401000   37379.366      3.878327e-07   7.5504793e-12  3.8782515e-07  2.9263407e+09
   1402000   37378.555      3.878327e-07   1.5961527e-11  3.8781674e-07  2.9264191e+09
   1403000   37378.965      3.878327e-07   1.1713249e-11  3.8782099e-07  2.9263924e+09
   1404000   37379.539      3.878327e-07   5.7581032e-12  3.8782694e-07  2.9263246e+09
   1405000   37379.488      3.878327e-07   6.2784644e-12  3.8782642e-07  2.9263317e+09
   1406000   37378.533      3.878327e-07   1.618537e-11   3.8781651e-07  2.9263778e+09
   1407000   37378.897      3.878327e-07   1.2416013e-11  3.8782028e-07  2.926386e+09 
   1408000   37379.075      3.878327e-07   1.0566303e-11  3.8782213e-07  2.9263747e+09
   1409000   37378.622      3.878327e-07   1.5266963e-11  3.8781743e-07  2.9263778e+09
   1410000   37378.948      3.878327e-07   1.188595e-11   3.8782081e-07  2.9263733e+09
   1411000   37378.547      3.8783269e-07  1.6037352e-11  3.8781665e-07  2.9264119e+09
   1412000   37379.075      3.878327e-07   1.0570899e-11  3.8782213e-07  2.9263621e+09
   1413000   37378.888      3.878327e-07   1.250562e-11   3.8782019e-07  2.9263688e+09
   1414000   37379.113      3.878327e-07   1.0177916e-11  3.8782252e-07  2.9263548e+09
   1415000   37379.091      3.878327e-07   1.0402211e-11  3.878223e-07   2.9263682e+09
   1416000   37379.006      3.878327e-07   1.1284688e-11  3.8782141e-07  2.9263784e+09
   1417000   37379.155      3.878327e-07   9.7356688e-12  3.8782296e-07  2.9263733e+09
   1418000   37379.511      3.878327e-07   6.0399979e-12  3.8782666e-07  2.9263268e+09
   1419000   37378.77       3.878327e-07   1.3727593e-11  3.8781897e-07  2.926401e+09 
   1420000   37378.868      3.878327e-07   1.2711473e-11  3.8781999e-07  2.9264034e+09
   1421000   37378.507      3.878327e-07   1.6461925e-11  3.8781624e-07  2.9264372e+09
   1422000   37378.854      3.878327e-07   1.2858633e-11  3.8781984e-07  2.9263895e+09
   1423000   37378.783      3.878327e-07   1.3594274e-11  3.878191e-07   2.9263973e+09
   1424000   37378.58       3.878327e-07   1.5698929e-11  3.87817e-07    2.926417e+09 
   1425000   37378.872      3.878327e-07   1.2672963e-11  3.8782003e-07  2.9263862e+09
   1426000   37379.05       3.878327e-07   1.0821594e-11  3.8782188e-07  2.9263727e+09
   1427000   37379.015      3.878327e-07   1.1193358e-11  3.8782151e-07  2.9263824e+09
   1428000   37378.887      3.878327e-07   1.2522193e-11  3.8782018e-07  2.9263854e+09
   1429000   37379.233      3.878327e-07   8.9252306e-12  3.8782377e-07  2.9263695e+09
   1430000   37376.32       3.878327e-07   3.9153332e-11  3.8779355e-07  2.926606e+09 
   1431000   37377.592      3.8783271e-07  2.5961764e-11  3.8780674e-07  2.9265158e+09
   1432000   37379.172      3.878327e-07   9.5592241e-12  3.8782314e-07  2.9263634e+09
   1433000   37378.881      3.878327e-07   1.2582516e-11  3.8782012e-07  2.9263938e+09
   1434000   37379.177      3.878327e-07   9.5055499e-12  3.8782319e-07  2.9263645e+09
   1435000   37379.165      3.878327e-07   9.6357501e-12  3.8782306e-07  2.9263695e+09
   1436000   37379.145      3.878327e-07   9.8440922e-12  3.8782286e-07  2.9263685e+09
   1437000   37378.624      3.878327e-07   1.5246081e-11  3.8781745e-07  2.9263617e+09
   1438000   37378.456      3.8783269e-07  1.6980694e-11  3.8781571e-07  2.9264492e+09
   1439000   37379.575      3.878327e-07   5.3777219e-12  3.8782732e-07  2.9263186e+09
   1440000   37379.158      3.878327e-07   9.7110923e-12  3.8782299e-07  2.9263581e+09
   1441000   37378.869      3.878327e-07   1.2703977e-11  3.8781999e-07  2.9263691e+09
   1442000   37378.908      3.878327e-07   1.2302117e-11  3.878204e-07   2.9263832e+09
   1443000   37378.894      3.878327e-07   1.2441952e-11  3.8782026e-07  2.926404e+09 
   1444000   37379.674      3.878327e-07   4.3530872e-12  3.8782835e-07  2.9263062e+09
   1445000   37378.511      3.878327e-07   1.6424309e-11  3.8781628e-07  2.9264174e+09
   1446000   37379.242      3.878327e-07   8.8347449e-12  3.8782386e-07  2.9263526e+09
   1447000   37378.807      3.878327e-07   1.3347164e-11  3.8781935e-07  2.9263804e+09
   1448000   37378.872      3.878327e-07   1.2675713e-11  3.8782002e-07  2.9263612e+09
   1449000   37378.838      3.878327e-07   1.3029222e-11  3.8781967e-07  2.9263764e+09
   1450000   37379.229      3.878327e-07   8.9741361e-12  3.8782373e-07  2.9263566e+09
   1451000   37378.12       3.8783268e-07  2.0453455e-11  3.8781222e-07  2.9264961e+09
   1452000   37378.855      3.878327e-07   1.2853077e-11  3.8781985e-07  2.9263948e+09
   1453000   37379.084      3.878327e-07   1.0479069e-11  3.8782222e-07  2.9263729e+09
   1454000   37379.064      3.878327e-07   1.0681076e-11  3.8782202e-07  2.9263666e+09
   1455000   37377.276      3.878327e-07   2.9237872e-11  3.8780346e-07  2.9265529e+09
   1456000   37379.135      3.878327e-07   9.9456846e-12  3.8782275e-07  2.9263623e+09
   1457000   37377.894      3.878327e-07   2.2821529e-11  3.8780988e-07  2.9265024e+09
   1458000   37376.789      3.8783269e-07  3.4279461e-11  3.8779841e-07  2.9264796e+09
   1459000   37379.485      3.878327e-07   6.3163571e-12  3.8782638e-07  2.9263272e+09
   1460000   37378.991      3.878327e-07   1.1438834e-11  3.8782126e-07  2.9263808e+09
   1461000   37378.51       3.8783266e-07  1.639016e-11   3.8781627e-07  2.9263854e+09
   1462000   37379.009      3.878327e-07   1.125775e-11   3.8782144e-07  2.9263656e+09
   1463000   37377.369      3.8783271e-07  2.828836e-11   3.8780443e-07  2.9264383e+09
   1464000   37379.093      3.878327e-07   1.0380935e-11  3.8782232e-07  2.9263646e+09
   1465000   37379.091      3.878327e-07   1.0401503e-11  3.878223e-07   2.9263718e+09
   1466000   37379.484      3.878327e-07   6.3258954e-12  3.8782637e-07  2.9263277e+09
   1467000   37378.841      3.878327e-07   1.2994763e-11  3.8781971e-07  2.9263843e+09
   1468000   37378.913      3.878327e-07   1.2250375e-11  3.8782045e-07  2.9263628e+09
   1469000   37379.479      3.878327e-07   6.3731993e-12  3.8782633e-07  2.926331e+09 
   1470000   37379.518      3.878327e-07   5.9674518e-12  3.8782673e-07  2.926325e+09 
   1471000   37378.2        3.878327e-07   1.9649987e-11  3.8781305e-07  2.926462e+09 
   1472000   37378.787      3.878327e-07   1.3559022e-11  3.8781914e-07  2.9264022e+09
   1473000   37378.265      3.8783269e-07  1.8955802e-11  3.8781373e-07  2.9264722e+09
   1474000   37379.503      3.878327e-07   6.1225425e-12  3.8782658e-07  2.926324e+09 
   1475000   37378.792      3.878327e-07   1.3503378e-11  3.878192e-07   2.9263947e+09
   1476000   37379.31       3.878327e-07   8.1275043e-12  3.8782457e-07  2.9263488e+09
   1477000   37378.609      3.878327e-07   1.540457e-11   3.878173e-07   2.9263986e+09
   1478000   37378.565      3.878327e-07   1.5865225e-11  3.8781684e-07  2.9264117e+09
   1479000   37379.666      3.878327e-07   4.4318241e-12  3.8782827e-07  2.9263037e+09
   1480000   37378.121      3.878327e-07   2.0469324e-11  3.8781223e-07  2.9264779e+09
   1481000   37378.347      3.878327e-07   1.8118984e-11  3.8781458e-07  2.9264201e+09
   1482000   37379          3.878327e-07   1.1342849e-11  3.8782136e-07  2.9263773e+09
   1483000   37379.423      3.878327e-07   6.953189e-12   3.8782575e-07  2.9263377e+09
   1484000   37379.587      3.878327e-07   5.2560405e-12  3.8782744e-07  2.9263126e+09
   1485000   37379.29       3.878327e-07   8.3363913e-12  3.8782436e-07  2.9263479e+09
   1486000   37378.726      3.878327e-07   1.4188349e-11  3.8781851e-07  2.9264109e+09
   1487000   37379.022      3.878327e-07   1.1116934e-11  3.8782158e-07  2.9263726e+09
   1488000   37379.397      3.878327e-07   7.2225142e-12  3.8782548e-07  2.9263366e+09
   1489000   37379.27       3.878327e-07   8.5503293e-12  3.8782415e-07  2.9263449e+09
   1490000   37379.322      3.878327e-07   8.0091602e-12  3.8782469e-07  2.926336e+09 
   1491000   37378.859      3.878327e-07   1.2804612e-11  3.8781989e-07  2.9263853e+09
   1492000   37379.332      3.878327e-07   7.9041038e-12  3.878248e-07   2.9263537e+09
   1493000   37378.492      3.878327e-07   1.661878e-11   3.8781608e-07  2.9264044e+09
   1494000   37378.509      3.878327e-07   1.644309e-11   3.8781626e-07  2.9264169e+09
   1495000   37379.203      3.878327e-07   9.2391924e-12  3.8782346e-07  2.9263567e+09
   1496000   37379.431      3.878327e-07   6.8742413e-12  3.8782583e-07  2.9263375e+09
   1497000   37378.891      3.878327e-07   1.2476439e-11  3.8782022e-07  2.9264054e+09
   1498000   37376.555      3.8783275e-07  3.6764304e-11  3.8779598e-07  2.9264756e+09
   1499000   37379.195      3.878327e-07   9.3248549e-12  3.8782337e-07  2.9263643e+09
   1500000   37378.708      3.878327e-07   1.4378417e-11  3.8781832e-07  2.9264006e+09
   1501000   37378.981      3.878327e-07   1.1546754e-11  3.8782115e-07  2.9263967e+09
   1502000   37377.915      3.878327e-07   2.2604436e-11  3.878101e-07   2.9264568e+09
   1503000   37378.581      3.878327e-07   1.5692252e-11  3.8781701e-07  2.9264018e+09
   1504000   37378.616      3.878327e-07   1.5333123e-11  3.8781737e-07  2.9264007e+09
   1505000   37378.679      3.878327e-07   1.4674121e-11  3.8781803e-07  2.9264152e+09
   1506000   37379.447      3.878327e-07   6.7070479e-12  3.8782599e-07  2.9263398e+09
   1507000   37379.299      3.878327e-07   8.2418998e-12  3.8782446e-07  2.9263499e+09
   1508000   37379.209      3.878327e-07   9.1788627e-12  3.8782352e-07  2.9263678e+09
   1509000   37379.277      3.878327e-07   8.469374e-12   3.8782423e-07  2.9263558e+09
   1510000   37377.707      3.878327e-07   2.4762305e-11  3.8780794e-07  2.9265193e+09
   1511000   37378.513      3.878327e-07   1.6400754e-11  3.878163e-07   2.9264053e+09
   1512000   37379.41       3.878327e-07   7.0910457e-12  3.8782561e-07  2.926332e+09 
   1513000   37379.218      3.878327e-07   9.0823899e-12  3.8782362e-07  2.9263565e+09
   1514000   37378.869      3.878327e-07   1.2707279e-11  3.8781999e-07  2.9263909e+09
   1515000   37378.328      3.878327e-07   1.8316772e-11  3.8781438e-07  2.9264419e+09
   1516000   37379.19       3.878327e-07   9.3701297e-12  3.8782333e-07  2.926363e+09 
   1517000   37379.317      3.878327e-07   8.0591322e-12  3.8782464e-07  2.9263551e+09
   1518000   37379.014      3.878327e-07   1.1204171e-11  3.878215e-07   2.9263923e+09
   1519000   37379.484      3.878327e-07   6.3270748e-12  3.8782637e-07  2.9263271e+09
   1520000   37379.385      3.878327e-07   7.3565159e-12  3.8782534e-07  2.9263434e+09
   1521000   37378.249      3.878327e-07   1.9133769e-11  3.8781357e-07  2.9264543e+09
   1522000   37379.019      3.878327e-07   1.1147477e-11  3.8782155e-07  2.9263793e+09
   1523000   37379.279      3.878327e-07   8.4486316e-12  3.8782425e-07  2.9263618e+09
   1524000   37379.142      3.878327e-07   9.8710129e-12  3.8782283e-07  2.9263598e+09
   1525000   37378.749      3.878327e-07   1.394146e-11   3.8781875e-07  2.9264139e+09
   1526000   37379.355      3.878327e-07   7.662076e-12   3.8782504e-07  2.9263327e+09
   1527000   37378.725      3.878327e-07   1.4202235e-11  3.878185e-07   2.9264105e+09
   1528000   37379.696      3.878327e-07   4.1287219e-12  3.8782857e-07  2.9263039e+09
   1529000   37379.109      3.878327e-07   1.0219747e-11  3.8782248e-07  2.9263603e+09
   1530000   37378.76       3.878327e-07   1.3832286e-11  3.8781887e-07  2.9264061e+09
   1531000   37378.86       3.878327e-07   1.279449e-11   3.878199e-07   2.9263929e+09
   1532000   37379.415      3.878327e-07   7.0416226e-12  3.8782566e-07  2.9263333e+09
   1533000   37377.731      3.878327e-07   2.4511505e-11  3.8780819e-07  2.9264296e+09
   1534000   37379.334      3.878327e-07   7.8776667e-12  3.8782482e-07  2.9263346e+09
   1535000   37378.56       3.878327e-07   1.5910822e-11  3.8781679e-07  2.9264175e+09
   1536000   37379.357      3.878327e-07   7.6457017e-12  3.8782505e-07  2.9263098e+09
   1537000   37379.331      3.878327e-07   7.9141047e-12  3.8782478e-07  2.9263467e+09
   1538000   37379.242      3.878327e-07   8.8328254e-12  3.8782387e-07  2.9263521e+09
   1539000   37379.247      3.878327e-07   8.7807919e-12  3.8782392e-07  2.9263576e+09
   1540000   37379.411      3.878327e-07   7.0763858e-12  3.8782562e-07  2.926344e+09 
   1541000   37378.594      3.878327e-07   1.5554957e-11  3.8781714e-07  2.9263959e+09
   1542000   37379.018      3.878327e-07   1.1157998e-11  3.8782154e-07  2.9263697e+09
   1543000   37379.131      3.878327e-07   9.9870139e-12  3.8782271e-07  2.9263706e+09
   1544000   37378.516      3.878327e-07   1.6371603e-11  3.8781633e-07  2.926411e+09 
   1545000   37379.448      3.878327e-07   6.6957982e-12  3.87826e-07    2.9263298e+09
   1546000   37378.75       3.878327e-07   1.3943074e-11  3.8781876e-07  2.9263981e+09
   1547000   37378.971      3.878327e-07   1.1645583e-11  3.8782105e-07  2.9263687e+09
   1548000   37378.923      3.878327e-07   1.2145886e-11  3.8782055e-07  2.9263845e+09
   1549000   37376.171      3.8783277e-07  4.076131e-11   3.87792e-07    2.9264347e+09
   1550000   37378.814      3.878327e-07   1.3272535e-11  3.8781943e-07  2.9263934e+09
   1551000   37379.329      3.878327e-07   7.9361352e-12  3.8782476e-07  2.9263462e+09
   1552000   37379.21       3.878327e-07   9.1669552e-12  3.8782353e-07  2.9263553e+09
   1553000   37379.493      3.878327e-07   6.2324655e-12  3.8782647e-07  2.9263206e+09
   1554000   37377.244      3.8783268e-07  2.955208e-11   3.8780313e-07  2.9265656e+09
   1555000   37378.623      3.8783269e-07  1.524664e-11   3.8781744e-07  2.9264391e+09
   1556000   37378.869      3.878327e-07   1.2701472e-11  3.8782e-07     2.9263821e+09
   1557000   37379.238      3.878327e-07   8.872366e-12   3.8782383e-07  2.926356e+09 
   1558000   37378.054      3.8783269e-07  2.115142e-11   3.8781154e-07  2.9264178e+09
   1559000   37377.953      3.8783271e-07  2.2215978e-11  3.8781049e-07  2.9263912e+09
   1560000   37379.281      3.878327e-07   8.4266858e-12  3.8782427e-07  2.9263491e+09
   1561000   37378.104      3.878327e-07   2.0642845e-11  3.8781206e-07  2.9264746e+09
   1562000   37379.525      3.878327e-07   5.90175e-12    3.878268e-07   2.9263287e+09
   1563000   37378.958      3.878327e-07   1.1777576e-11  3.8782092e-07  2.9263888e+09
   1564000   37379.218      3.878327e-07   9.0837415e-12  3.8782362e-07  2.9263588e+09
   1565000   37379.565      3.878327e-07   5.482413e-12   3.8782722e-07  2.9263172e+09
   1566000   37379.264      3.878327e-07   8.6067509e-12  3.8782409e-07  2.9263566e+09
   1567000   37379.421      3.878327e-07   6.9747897e-12  3.8782572e-07  2.9263346e+09
   1568000   37378.957      3.878327e-07   1.1790466e-11  3.8782091e-07  2.9263773e+09
   1569000   37378.448      3.878327e-07   1.7075041e-11  3.8781562e-07  2.9264022e+09
   1570000   37379.413      3.878327e-07   7.0608025e-12  3.8782564e-07  2.9263388e+09
   1571000   37379.472      3.878327e-07   6.449497e-12   3.8782625e-07  2.9263225e+09
   1572000   37379.112      3.878327e-07   1.0181812e-11  3.8782252e-07  2.9263673e+09
   1573000   37378.932      3.878327e-07   1.2051236e-11  3.8782065e-07  2.9263871e+09
   1574000   37379.232      3.8783269e-07  8.9305198e-12  3.8782376e-07  2.9263438e+09
   1575000   37379.482      3.878327e-07   6.3444197e-12  3.8782636e-07  2.9263253e+09
   1576000   37379.401      3.878327e-07   7.1887549e-12  3.8782551e-07  2.9263422e+09
   1577000   37379.044      3.878327e-07   1.0892236e-11  3.8782181e-07  2.9263794e+09
   1578000   37379.332      3.878327e-07   7.8968067e-12  3.878248e-07   2.9263472e+09
   1579000   37379.329      3.878327e-07   7.9361108e-12  3.8782476e-07  2.9263524e+09
   1580000   37379.1        3.8783269e-07  1.0297709e-11  3.8782239e-07  2.9263898e+09
   1581000   37379.211      3.878327e-07   9.1578668e-12  3.8782354e-07  2.926358e+09 
   1582000   37378.516      3.878327e-07   1.6365142e-11  3.8781634e-07  2.9263825e+09
   1583000   37378.904      3.878327e-07   1.2338969e-11  3.8782036e-07  2.9263794e+09
   1584000   37378.942      3.878327e-07   1.1949939e-11  3.8782075e-07  2.926403e+09 
   1585000   37379.108      3.878327e-07   1.0224001e-11  3.8782248e-07  2.9263614e+09
   1586000   37379.275      3.878327e-07   8.4962719e-12  3.878242e-07   2.9263549e+09
   1587000   37379.254      3.878327e-07   8.7070204e-12  3.8782399e-07  2.9263465e+09
   1588000   37379.096      3.878327e-07   1.0345577e-11  3.8782235e-07  2.9263701e+09
   1589000   37378.958      3.878327e-07   1.1784153e-11  3.8782091e-07  2.9263513e+09
   1590000   37379.47       3.878327e-07   6.4745732e-12  3.8782623e-07  2.9263355e+09
   1591000   37376.987      3.8783269e-07  3.2229294e-11  3.8780046e-07  2.9265988e+09
   1592000   37379.05       3.878327e-07   1.0828414e-11  3.8782187e-07  2.9263733e+09
   1593000   37379.008      3.878327e-07   1.1267814e-11  3.8782143e-07  2.926378e+09 
   1594000   37379.197      3.878327e-07   9.3004449e-12  3.878234e-07   2.9263503e+09
   1595000   37378.427      3.878327e-07   1.7297194e-11  3.878154e-07   2.9264282e+09
   1596000   37379.33       3.878327e-07   7.9213373e-12  3.8782478e-07  2.9263371e+09
   1597000   37379.016      3.878327e-07   1.1181239e-11  3.8782152e-07  2.9263752e+09
   1598000   37379.222      3.878327e-07   9.0476965e-12  3.8782365e-07  2.9263536e+09
   1599000   37379.481      3.878327e-07   6.3524525e-12  3.8782635e-07  2.9263302e+09
   1600000   37378.885      3.878327e-07   1.2540771e-11  3.8782016e-07  2.9263844e+09
   1601000   37379.438      3.878327e-07   6.7989968e-12  3.878259e-07   2.9263424e+09
   1602000   37378.925      3.878327e-07   1.2125916e-11  3.8782057e-07  2.9263962e+09
   1603000   37378.993      3.878327e-07   1.1415931e-11  3.8782128e-07  2.9263748e+09
   1604000   37379.396      3.878327e-07   7.2388755e-12  3.8782546e-07  2.9263506e+09
   1605000   37379.07       3.878327e-07   1.061678e-11   3.8782208e-07  2.9263587e+09
   1606000   37379.407      3.878327e-07   7.1176364e-12  3.8782558e-07  2.9263376e+09
   1607000   37379.152      3.878327e-07   9.7662751e-12  3.8782293e-07  2.9263699e+09
   1608000   37379.568      3.878327e-07   5.4578481e-12  3.8782724e-07  2.9263192e+09
   1609000   37379.381      3.878327e-07   7.3965587e-12  3.878253e-07   2.9263334e+09
   1610000   37376.875      3.878327e-07   3.3390424e-11  3.8779931e-07  2.9264786e+09
   1611000   37379.356      3.878327e-07   7.6546836e-12  3.8782504e-07  2.9263454e+09
   1612000   37378.738      3.878327e-07   1.4062915e-11  3.8781864e-07  2.9263752e+09
   1613000   37379.443      3.878327e-07   6.7465518e-12  3.8782595e-07  2.9263216e+09
   1614000   37378.158      3.878327e-07   2.0080286e-11  3.8781262e-07  2.9264492e+09
   1615000   37379.385      3.878327e-07   7.3517576e-12  3.8782535e-07  2.9263406e+09
   1616000   37379.285      3.878327e-07   8.3905371e-12  3.8782431e-07  2.9263533e+09
   1617000   37379.031      3.878327e-07   1.1028203e-11  3.8782167e-07  2.9263731e+09
   1618000   37377.731      3.8783267e-07  2.4483245e-11  3.8780818e-07  2.9264718e+09
   1619000   37379.026      3.878327e-07   1.1074929e-11  3.8782162e-07  2.9263715e+09
   1620000   37379.279      3.878327e-07   8.4536191e-12  3.8782425e-07  2.9263564e+09
   1621000   37379.105      3.878327e-07   1.0252769e-11  3.8782245e-07  2.9263779e+09
   1622000   37378.727      3.878327e-07   1.4179439e-11  3.8781852e-07  2.9263904e+09
   1623000   37379.439      3.878327e-07   6.7900108e-12  3.8782591e-07  2.9263307e+09
   1624000   37379.227      3.878327e-07   8.9947312e-12  3.878237e-07   2.9263586e+09
   1625000   37378.765      3.878327e-07   1.378733e-11   3.8781891e-07  2.9263868e+09
   1626000   37379.054      3.878327e-07   1.0788747e-11  3.8782191e-07  2.9263815e+09
   1627000   37379.147      3.878327e-07   9.8181162e-12  3.8782288e-07  2.9263668e+09
   1628000   37379.294      3.878327e-07   8.291287e-12   3.8782441e-07  2.9263511e+09
   1629000   37379.034      3.878327e-07   1.0996818e-11  3.878217e-07   2.926389e+09 
   1630000   37379.258      3.878327e-07   8.6704688e-12  3.8782403e-07  2.9263426e+09
   1631000   37379.248      3.8783269e-07  8.7687582e-12  3.8782393e-07  2.9263564e+09
   1632000   37379.429      3.878327e-07   6.898063e-12   3.878258e-07   2.9263284e+09
   1633000   37378.491      3.878327e-07   1.6624848e-11  3.8781608e-07  2.9263903e+09
   1634000   37378.709      3.8783269e-07  1.436204e-11   3.8781833e-07  2.9263998e+09
   1635000   37379.149      3.878327e-07   9.7959752e-12  3.878229e-07   2.926363e+09 
   1636000   37379.334      3.878327e-07   7.8832557e-12  3.8782482e-07  2.9263506e+09
   1637000   37378.673      3.878327e-07   1.473549e-11   3.8781796e-07  2.9263976e+09
   1638000   37379.091      3.878327e-07   1.0403836e-11  3.878223e-07   2.926356e+09 
   1639000   37379.254      3.878327e-07   8.7114479e-12  3.8782399e-07  2.9263578e+09
   1640000   37379.231      3.878327e-07   8.9438805e-12  3.8782376e-07  2.926358e+09 
   1641000   37379.339      3.878327e-07   7.8311281e-12  3.8782487e-07  2.9263435e+09
   1642000   37378.461      3.878327e-07   1.6937218e-11  3.8781576e-07  2.9264361e+09
   1643000   37379.474      3.878327e-07   6.4265853e-12  3.8782627e-07  2.9263242e+09
   1644000   37379.565      3.878327e-07   5.4861107e-12  3.8782721e-07  2.9263185e+09
   1645000   37379.505      3.878327e-07   6.1072722e-12  3.8782659e-07  2.9263283e+09
   1646000   37379.01       3.878327e-07   1.1250056e-11  3.8782145e-07  2.9263593e+09
   1647000   37379.626      3.878327e-07   4.8547061e-12  3.8782785e-07  2.9263177e+09
   1648000   37379.147      3.878327e-07   9.8242955e-12  3.8782287e-07  2.9263649e+09
   1649000   37378.915      3.878327e-07   1.2233787e-11  3.8782047e-07  2.9263871e+09
   1650000   37378.978      3.878327e-07   1.157669e-11   3.8782112e-07  2.9263827e+09
   1651000   37378.343      3.878327e-07   1.8167756e-11  3.8781453e-07  2.926419e+09 
   1652000   37378.637      3.878327e-07   1.5111419e-11  3.8781759e-07  2.9264116e+09
   1653000   37378.354      3.878327e-07   1.8042353e-11  3.8781466e-07  2.926423e+09 
   1654000   37379.294      3.878327e-07   8.2962272e-12  3.878244e-07   2.926362e+09 
   1655000   37378.716      3.878327e-07   1.4294432e-11  3.8781841e-07  2.9264157e+09
   1656000   37379.155      3.878327e-07   9.736436e-12   3.8782296e-07  2.926365e+09 
   1657000   37379.078      3.878327e-07   1.0537278e-11  3.8782216e-07  2.9263547e+09
   1658000   37379.09       3.878327e-07   1.0414823e-11  3.8782228e-07  2.9263743e+09
   1659000   37376.527      3.8783274e-07  3.7044074e-11  3.877957e-07   2.9264226e+09
   1660000   37378.273      3.878327e-07   1.8888655e-11  3.8781381e-07  2.9264582e+09
   1661000   37379.061      3.878327e-07   1.0710413e-11  3.8782199e-07  2.9263815e+09
   1662000   37378.63       3.878327e-07   1.5186509e-11  3.8781751e-07  2.9264035e+09
   1663000   37378.923      3.878327e-07   1.2140447e-11  3.8782056e-07  2.9263974e+09
   1664000   37378.714      3.878327e-07   1.43147e-11    3.8781838e-07  2.9264049e+09
   1665000   37379.18       3.878327e-07   9.4771462e-12  3.8782322e-07  2.9263502e+09
   1666000   37378.612      3.878327e-07   1.5369007e-11  3.8781733e-07  2.9264268e+09
   1667000   37378.96       3.878327e-07   1.1763334e-11  3.8782094e-07  2.926379e+09 
   1668000   37378.628      3.878327e-07   1.5207591e-11  3.8781749e-07  2.9264012e+09
   1669000   37379.279      3.878327e-07   8.4557391e-12  3.8782424e-07  2.9263502e+09
   1670000   37379.493      3.878327e-07   6.2324611e-12  3.8782647e-07  2.9263285e+09
   1671000   37378.915      3.878327e-07   1.2225706e-11  3.8782047e-07  2.9263867e+09
   1672000   37377.983      3.878327e-07   2.1898783e-11  3.878108e-07   2.9264593e+09
   1673000   37379.043      3.878327e-07   1.0900611e-11  3.878218e-07   2.9263739e+09
   1674000   37379.203      3.878327e-07   9.2439613e-12  3.8782346e-07  2.9263626e+09
   1675000   37378.893      3.878327e-07   1.2453309e-11  3.8782025e-07  2.926388e+09 
   1676000   37379.223      3.878327e-07   9.0307253e-12  3.8782367e-07  2.9263505e+09
   1677000   37379.084      3.878327e-07   1.04788e-11    3.8782222e-07  2.9263519e+09
   1678000   37378.479      3.878327e-07   1.6750282e-11  3.8781595e-07  2.9264348e+09
   1679000   37379.399      3.878327e-07   7.2064678e-12  3.8782549e-07  2.9263414e+09
   1680000   37378.819      3.878327e-07   1.3226288e-11  3.8781947e-07  2.9263881e+09
   1681000   37379.092      3.878327e-07   1.0387145e-11  3.8782231e-07  2.9263782e+09
   1682000   37377.267      3.878327e-07   2.932974e-11   3.8780337e-07  2.926576e+09 
   1683000   37378.566      3.878327e-07   1.5851022e-11  3.8781685e-07  2.926385e+09 
   1684000   37379.249      3.878327e-07   8.759599e-12   3.8782394e-07  2.9263532e+09
   1685000   37378.12       3.878327e-07   2.0471789e-11  3.8781223e-07  2.9264603e+09
   1686000   37378.184      3.878327e-07   1.9818251e-11  3.8781288e-07  2.9264056e+09
   1687000   37379.287      3.878327e-07   8.364447e-12   3.8782433e-07  2.9263379e+09
   1688000   37379.057      3.878327e-07   1.0755171e-11  3.8782194e-07  2.926366e+09 
   1689000   37379.382      3.878327e-07   7.3852399e-12  3.8782531e-07  2.9263366e+09
   1690000   37378.955      3.878327e-07   1.1813889e-11  3.8782089e-07  2.9263758e+09
   1691000   37378.776      3.878327e-07   1.366988e-11   3.8781903e-07  2.9264108e+09
   1692000   37378.233      3.878327e-07   1.9300109e-11  3.878134e-07   2.9264548e+09
   1693000   37379.513      3.878327e-07   6.0206724e-12  3.8782668e-07  2.9263265e+09
   1694000   37378.543      3.878327e-07   1.6086294e-11  3.8781661e-07  2.9264118e+09
   1695000   37379.411      3.878327e-07   7.0815355e-12  3.8782562e-07  2.9263355e+09
   1696000   37379.085      3.878327e-07   1.0461702e-11  3.8782224e-07  2.92638e+09  
   1697000   37379.366      3.878327e-07   7.5443604e-12  3.8782515e-07  2.9263515e+09
   1698000   37379.2        3.878327e-07   9.2718401e-12  3.8782343e-07  2.9263643e+09
   1699000   37379.532      3.878327e-07   5.8266955e-12  3.8782687e-07  2.926318e+09 
   1700000   37378.683      3.878327e-07   1.4629441e-11  3.8781807e-07  2.9264043e+09
   1701000   37377.574      3.878327e-07   2.6144625e-11  3.8780655e-07  2.9265324e+09
   1702000   37378.17       3.878327e-07   1.9958861e-11  3.8781274e-07  2.9264357e+09
   1703000   37378.819      3.878327e-07   1.3223093e-11  3.8781948e-07  2.9263888e+09
   1704000   37378.548      3.8783267e-07  1.6004069e-11  3.8781666e-07  2.9264037e+09
   1705000   37378.599      3.878327e-07   1.5504393e-11  3.8781719e-07  2.9264036e+09
   1706000   37379.669      3.878327e-07   4.3997108e-12  3.878283e-07   2.9263043e+09
   1707000   37378.677      3.878327e-07   1.4699643e-11  3.87818e-07    2.9263876e+09
   1708000   37378.682      3.878327e-07   1.4644772e-11  3.8781806e-07  2.9264204e+09
   1709000   37378.812      3.878327e-07   1.3298013e-11  3.878194e-07   2.9264011e+09
   1710000   37378.524      3.878327e-07   1.6284672e-11  3.8781642e-07  2.9264218e+09
   1711000   37379.184      3.878327e-07   9.433595e-12   3.8782327e-07  2.9263575e+09
   1712000   37378.876      3.878327e-07   1.2634567e-11  3.8782007e-07  2.9263922e+09
   1713000   37379.034      3.878327e-07   1.0996572e-11  3.878217e-07   2.9263896e+09
   1714000   37379.105      3.878327e-07   1.0253003e-11  3.8782245e-07  2.9263695e+09
   1715000   37379.647      3.878327e-07   4.629974e-12   3.8782807e-07  2.9263086e+09
   1716000   37378.919      3.878327e-07   1.2187268e-11  3.8782052e-07  2.9263788e+09
   1717000   37379.076      3.878327e-07   1.0561685e-11  3.8782214e-07  2.9263739e+09
   1718000   37378.462      3.878327e-07   1.6928321e-11  3.8781577e-07  2.926394e+09 
   1719000   37378.968      3.878327e-07   1.16787e-11    3.8782102e-07  2.9264063e+09
   1720000   37379.404      3.878327e-07   7.1591651e-12  3.8782554e-07  2.926339e+09 
   1721000   37379.415      3.878327e-07   7.0378035e-12  3.8782566e-07  2.9263406e+09
   1722000   37379.342      3.878327e-07   7.798665e-12   3.878249e-07   2.9263262e+09
   1723000   37378.863      3.878327e-07   1.2767527e-11  3.8781993e-07  2.9263897e+09
   1724000   37379.695      3.878327e-07   4.1310478e-12  3.8782857e-07  2.9263047e+09
   1725000   37379.219      3.878327e-07   9.0672896e-12  3.8782363e-07  2.9263576e+09
   1726000   37379.066      3.878327e-07   1.0663372e-11  3.8782204e-07  2.9263758e+09
   1727000   37378.732      3.878327e-07   1.412218e-11   3.8781858e-07  2.9263899e+09
   1728000   37379.591      3.878327e-07   5.2121098e-12  3.8782749e-07  2.9263189e+09
   1729000   37378.855      3.878327e-07   1.284947e-11   3.8781985e-07  2.9263969e+09
   1730000   37378.689      3.878327e-07   1.4573201e-11  3.8781813e-07  2.9263987e+09
   1731000   37379.267      3.878327e-07   8.5781973e-12  3.8782412e-07  2.9263512e+09
   1732000   37379.525      3.878327e-07   5.8982498e-12  3.878268e-07   2.9263334e+09
   1733000   37379.286      3.878327e-07   8.378484e-12   3.8782432e-07  2.9263455e+09
   1734000   37378.947      3.878327e-07   1.1895807e-11  3.878208e-07   2.9263673e+09
   1735000   37378.978      3.878327e-07   1.1574428e-11  3.8782112e-07  2.9263813e+09
   1736000   37378.753      3.878327e-07   1.3911375e-11  3.8781879e-07  2.9264047e+09
   1737000   37378.937      3.878327e-07   1.1996621e-11  3.878207e-07   2.9263778e+09
   1738000   37378.898      3.878327e-07   1.2399833e-11  3.878203e-07   2.9263887e+09
   1739000   37379.373      3.878327e-07   7.4712444e-12  3.8782523e-07  2.9263384e+09
   1740000   37378.864      3.878327e-07   1.2760235e-11  3.8781994e-07  2.9264083e+09
   1741000   37378.985      3.878327e-07   1.1497798e-11  3.878212e-07   2.9263982e+09
   1742000   37377.87       3.878327e-07   2.3070009e-11  3.8780963e-07  2.9264073e+09
   1743000   37378.78       3.878327e-07   1.3624074e-11  3.8781907e-07  2.9263994e+09
   1744000   37378.762      3.878327e-07   1.3810969e-11  3.8781889e-07  2.9263971e+09
   1745000   37379.367      3.878327e-07   7.5424239e-12  3.8782516e-07  2.9263363e+09
   1746000   37379.247      3.878327e-07   8.7821264e-12  3.8782392e-07  2.9263562e+09
   1747000   37378.846      3.878327e-07   1.2945731e-11  3.8781975e-07  2.9263876e+09
   1748000   37379.206      3.878327e-07   9.208088e-12   3.8782349e-07  2.9263604e+09
   1749000   37378.071      3.878327e-07   2.0979672e-11  3.8781172e-07  2.9264607e+09
   1750000   37378.896      3.878327e-07   1.24267e-11    3.8782027e-07  2.9264018e+09
   1751000   37379.246      3.878327e-07   8.7954463e-12  3.878239e-07   2.9263624e+09
   1752000   37379.723      3.878327e-07   3.8462774e-12  3.8782885e-07  2.9263018e+09
   1753000   37378.282      3.878327e-07   1.8796144e-11  3.878139e-07   2.9264152e+09
   1754000   37379.276      3.878327e-07   8.4856882e-12  3.8782421e-07  2.9263624e+09
   1755000   37378.614      3.878327e-07   1.5350287e-11  3.8781735e-07  2.9264169e+09
   1756000   37378.825      3.878327e-07   1.3165069e-11  3.8781953e-07  2.9264045e+09
   1757000   37379.328      3.878327e-07   7.9397741e-12  3.8782476e-07  2.9263459e+09
   1758000   37379.062      3.8783269e-07  1.0686127e-11  3.87822e-07    2.9263776e+09
   1759000   37378.744      3.878327e-07   1.3996342e-11  3.878187e-07   2.9264057e+09
   1760000   37379.285      3.878327e-07   8.3879481e-12  3.8782431e-07  2.9263553e+09
   1761000   37379.205      3.878327e-07   9.2185254e-12  3.8782348e-07  2.9263648e+09
   1762000   37379.555      3.878327e-07   5.5863317e-12  3.8782711e-07  2.9263169e+09
   1763000   37379.31       3.878327e-07   8.1284729e-12  3.8782457e-07  2.9263463e+09
   1764000   37378.483      3.878327e-07   1.6713947e-11  3.8781598e-07  2.9264173e+09
   1765000   37378.745      3.878327e-07   1.399529e-11   3.878187e-07   2.9263993e+09
   1766000   37379.036      3.878327e-07   1.0973687e-11  3.8782173e-07  2.9263849e+09
   1767000   37378.693      3.878327e-07   1.4530576e-11  3.8781817e-07  2.9264152e+09
   1768000   37379.029      3.878327e-07   1.1047242e-11  3.8782165e-07  2.9263771e+09
   1769000   37379.015      3.878327e-07   1.1187187e-11  3.8782151e-07  2.9263717e+09
   1770000   37378.447      3.878327e-07   1.7081507e-11  3.8781562e-07  2.9264406e+09
   1771000   37379.237      3.878327e-07   8.8863968e-12  3.8782381e-07  2.926357e+09 
   1772000   37378.893      3.878327e-07   1.245293e-11   3.8782025e-07  2.92636e+09  
   1773000   37379.27       3.878327e-07   8.5492062e-12  3.8782415e-07  2.9263544e+09
   1774000   37378.83       3.878327e-07   1.3108373e-11  3.8781959e-07  2.9263949e+09
   1775000   37378.566      3.878327e-07   1.584657e-11   3.8781685e-07  2.9264166e+09
   1776000   37379.203      3.878327e-07   9.2346072e-12  3.8782346e-07  2.9263594e+09
   1777000   37379.231      3.878327e-07   8.9457744e-12  3.8782375e-07  2.9263459e+09
   1778000   37379.452      3.878327e-07   6.6555846e-12  3.8782604e-07  2.9263366e+09
   1779000   37378.939      3.878327e-07   1.1977906e-11  3.8782072e-07  2.9263639e+09
   1780000   37379.222      3.878327e-07   9.0390165e-12  3.8782366e-07  2.9263446e+09
   1781000   37379.086      3.878327e-07   1.0457469e-11  3.8782224e-07  2.9263618e+09
   1782000   37379.454      3.878327e-07   6.6330033e-12  3.8782607e-07  2.9263279e+09
   1783000   37379.167      3.878327e-07   9.6106475e-12  3.8782309e-07  2.9263528e+09
   1784000   37379.462      3.878327e-07   6.5563983e-12  3.8782614e-07  2.9263326e+09
   1785000   37378.858      3.878327e-07   1.2823556e-11  3.8781988e-07  2.926358e+09 
   1786000   37378.867      3.878327e-07   1.2728483e-11  3.8781997e-07  2.9264069e+09
   1787000   37378.414      3.878327e-07   1.7425424e-11  3.8781527e-07  2.9264429e+09
   1788000   37379.048      3.878327e-07   1.0844296e-11  3.8782185e-07  2.9263734e+09
   1789000   37379.046      3.878327e-07   1.0862839e-11  3.8782184e-07  2.9263772e+09
   1790000   37376.92       3.8783271e-07  3.2941315e-11  3.8779977e-07  2.9265523e+09
   1791000   37379.048      3.878327e-07   1.0843023e-11  3.8782185e-07  2.926367e+09 
   1792000   37378.917      3.878327e-07   1.2208402e-11  3.8782049e-07  2.9263867e+09
   1793000   37379.311      3.878327e-07   8.114984e-12   3.8782458e-07  2.9263433e+09
   1794000   37378.84       3.878327e-07   1.300472e-11   3.878197e-07   2.9263772e+09
   1795000   37379.06       3.878327e-07   1.0719658e-11  3.8782198e-07  2.9263585e+09
   1796000   37379.59       3.878327e-07   5.223624e-12   3.8782748e-07  2.9263195e+09
   1797000   37378.605      3.878327e-07   1.5447363e-11  3.8781725e-07  2.9264074e+09
   1798000   37378.536      3.878327e-07   1.615563e-11   3.8781654e-07  2.9264062e+09
   1799000   37379.151      3.878327e-07   9.7750353e-12  3.8782292e-07  2.9263582e+09
   1800000   37379.233      3.878327e-07   8.9253592e-12  3.8782377e-07  2.9263611e+09
   1801000   37379.272      3.878327e-07   8.523493e-12   3.8782418e-07  2.9263533e+09
   1802000   37378.75       3.878327e-07   1.3937623e-11  3.8781876e-07  2.9263864e+09
   1803000   37379.146      3.878327e-07   9.8307736e-12  3.8782287e-07  2.9263745e+09
   1804000   37379.398      3.878327e-07   7.2163369e-12  3.8782548e-07  2.926338e+09 
   1805000   37378.543      3.878327e-07   1.608955e-11   3.8781661e-07  2.9264023e+09
   1806000   37378.543      3.878327e-07   1.6083226e-11  3.8781662e-07  2.9264115e+09
   1807000   37379.192      3.878327e-07   9.3569851e-12  3.8782334e-07  2.9263621e+09
   1808000   37379.1        3.878327e-07   1.0306801e-11  3.8782239e-07  2.9263644e+09
   1809000   37378.978      3.878327e-07   1.1570812e-11  3.8782113e-07  2.9263956e+09
   1810000   37377.193      3.8783271e-07  3.0106478e-11  3.878026e-07   2.9265458e+09
   1811000   37378.74       3.878327e-07   1.4045414e-11  3.8781865e-07  2.9263916e+09
   1812000   37379.256      3.878327e-07   8.688881e-12   3.8782401e-07  2.9263484e+09
   1813000   37379.365      3.878327e-07   7.5568937e-12  3.8782514e-07  2.9263267e+09
   1814000   37379.282      3.878327e-07   8.4206114e-12  3.8782428e-07  2.9263527e+09
   1815000   37378.658      3.878327e-07   1.489148e-11   3.8781781e-07  2.9264158e+09
   1816000   37379.013      3.878327e-07   1.1212763e-11  3.8782149e-07  2.9263686e+09
   1817000   37378.927      3.878327e-07   1.210447e-11   3.878206e-07   2.9263913e+09
   1818000   37379.466      3.878327e-07   6.5068955e-12  3.8782619e-07  2.9263325e+09
   1819000   37379.082      3.878327e-07   1.0499135e-11  3.878222e-07   2.9263729e+09
   1820000   37378.712      3.878327e-07   1.4328706e-11  3.8781837e-07  2.9264009e+09
   1821000   37378.655      3.878327e-07   1.4923683e-11  3.8781778e-07  2.926407e+09 
   1822000   37378.98       3.878327e-07   1.1556397e-11  3.8782114e-07  2.9263811e+09
   1823000   37379.06       3.878327e-07   1.0722156e-11  3.8782198e-07  2.9263661e+09
   1824000   37379.074      3.878327e-07   1.0578416e-11  3.8782212e-07  2.9263703e+09
   1825000   37378.48       3.878327e-07   1.6743566e-11  3.8781596e-07  2.9264247e+09
   1826000   37378.998      3.878327e-07   1.1366415e-11  3.8782133e-07  2.9263875e+09
   1827000   37378.152      3.878327e-07   2.0139376e-11  3.8781256e-07  2.92643e+09  
   1828000   37379.347      3.878327e-07   7.7477377e-12  3.8782495e-07  2.9263283e+09
   1829000   37379.108      3.878327e-07   1.0225333e-11  3.8782247e-07  2.9263699e+09
   1830000   37379.382      3.878327e-07   7.3845121e-12  3.8782532e-07  2.9263402e+09
   1831000   37378.19       3.8783269e-07  1.9739775e-11  3.8781295e-07  2.9264632e+09
   1832000   37378.891      3.878327e-07   1.2475505e-11  3.8782022e-07  2.9263905e+09
   1833000   37378.141      3.878327e-07   2.0258292e-11  3.8781244e-07  2.9264469e+09
   1834000   37379.205      3.878327e-07   9.2147178e-12  3.8782348e-07  2.9263545e+09
   1835000   37379.395      3.878327e-07   7.2518599e-12  3.8782545e-07  2.9263354e+09
   1836000   37378.683      3.878327e-07   1.4638635e-11  3.8781806e-07  2.9263916e+09
   1837000   37378.586      3.878327e-07   1.5642588e-11  3.8781706e-07  2.9264232e+09
   1838000   37379.145      3.878327e-07   9.8413802e-12  3.8782286e-07  2.9263627e+09
   1839000   37379.187      3.878327e-07   9.4058116e-12  3.8782329e-07  2.92636e+09  
   1840000   37379.565      3.878327e-07   5.4879628e-12  3.8782721e-07  2.9263286e+09
   1841000   37378.855      3.878327e-07   1.2841716e-11  3.8781985e-07  2.926418e+09 
   1842000   37378.963      3.878327e-07   1.173083e-11   3.8782097e-07  2.9263844e+09
   1843000   37378.411      3.878327e-07   1.7456935e-11  3.8781524e-07  2.9264359e+09
   1844000   37378.989      3.878327e-07   1.146339e-11   3.8782124e-07  2.9263663e+09
   1845000   37378.022      3.878327e-07   2.1494318e-11  3.8781121e-07  2.9264637e+09
   1846000   37379.026      3.878327e-07   1.1074976e-11  3.8782163e-07  2.9263346e+09
   1847000   37379.01       3.878327e-07   1.1238565e-11  3.8782146e-07  2.9263774e+09
   1848000   37379.751      3.878327e-07   3.5580979e-12  3.8782914e-07  2.9262908e+09
   1849000   37379.654      3.878327e-07   4.562727e-12   3.8782814e-07  2.9263082e+09
   1850000   37378.919      3.878327e-07   1.2187311e-11  3.8782051e-07  2.9263753e+09
   1851000   37377.962      3.878327e-07   2.2119536e-11  3.8781058e-07  2.9264512e+09
   1852000   37378.982      3.878327e-07   1.1529054e-11  3.8782117e-07  2.9263772e+09
   1853000   37379.267      3.878327e-07   8.5743689e-12  3.8782412e-07  2.9263536e+09
   1854000   37378.741      3.878327e-07   1.403397e-11   3.8781867e-07  2.9263991e+09
   1855000   37376.337      3.8783271e-07  3.8991602e-11  3.8779372e-07  2.9266226e+09
   1856000   37379.142      3.878327e-07   9.8683147e-12  3.8782283e-07  2.9263499e+09
   1857000   37379          3.878327e-07   1.1344316e-11  3.8782136e-07  2.9263635e+09
   1858000   37379.519      3.878327e-07   5.9567002e-12  3.8782674e-07  2.9263231e+09
   1859000   37378.664      3.878327e-07   1.4834096e-11  3.8781787e-07  2.9263962e+09
   1860000   37378.712      3.878327e-07   1.4326717e-11  3.8781837e-07  2.9263879e+09
   1861000   37379.126      3.878327e-07   1.0040621e-11  3.8782266e-07  2.926369e+09 
   1862000   37379.268      3.878327e-07   8.5620573e-12  3.8782414e-07  2.9263445e+09
   1863000   37378.949      3.878327e-07   1.1878801e-11  3.8782082e-07  2.9263879e+09
   1864000   37379.167      3.878327e-07   9.6172572e-12  3.8782308e-07  2.9263581e+09
   1865000   37378.656      3.878327e-07   1.4913328e-11  3.8781779e-07  2.9264216e+09
   1866000   37378.507      3.878327e-07   1.6465336e-11  3.8781623e-07  2.926432e+09 
   1867000   37379.391      3.878327e-07   7.2899598e-12  3.8782541e-07  2.9263413e+09
   1868000   37379.14       3.878327e-07   9.8901924e-12  3.8782281e-07  2.9263615e+09
   1869000   37379.087      3.878327e-07   1.044472e-11   3.8782225e-07  2.9263784e+09
   1870000   37379.318      3.878327e-07   8.0411376e-12  3.8782466e-07  2.9263495e+09
   1871000   37378.363      3.878327e-07   1.7955495e-11  3.8781474e-07  2.9264312e+09
   1872000   37378.853      3.8783266e-07  1.2833323e-11  3.8781983e-07  2.9263547e+09
   1873000   37379.179      3.878327e-07   9.4912033e-12  3.8782321e-07  2.9263517e+09
   1874000   37379.391      3.878327e-07   7.2877158e-12  3.8782541e-07  2.926346e+09 
   1875000   37379.371      3.878327e-07   7.4966065e-12  3.878252e-07   2.9263368e+09
   1876000   37379.497      3.878327e-07   6.1932047e-12  3.8782651e-07  2.9263335e+09
   1877000   37378.942      3.878327e-07   1.1944728e-11  3.8782075e-07  2.9263845e+09
   1878000   37378.663      3.878327e-07   1.48385e-11    3.8781786e-07  2.9264158e+09
   1879000   37378.758      3.878327e-07   1.385229e-11   3.8781884e-07  2.9263906e+09
   1880000   37379.243      3.878327e-07   8.8203452e-12  3.8782388e-07  2.9263452e+09
   1881000   37378.969      3.878327e-07   1.1671564e-11  3.8782103e-07  2.9263804e+09
   1882000   37379.083      3.878327e-07   1.0488081e-11  3.8782221e-07  2.9263847e+09
   1883000   37377.487      3.878327e-07   2.7042845e-11  3.8780566e-07  2.9264874e+09
   1884000   37379.232      3.878327e-07   8.9394915e-12  3.8782376e-07  2.926353e+09 
   1885000   37379.236      3.878327e-07   8.8953418e-12  3.878238e-07   2.9263529e+09
   1886000   37378.891      3.878327e-07   1.2477101e-11  3.8782022e-07  2.9263802e+09
   1887000   37379.163      3.878327e-07   9.6531065e-12  3.8782304e-07  2.9263742e+09
   1888000   37378.832      3.8783269e-07  1.3071724e-11  3.8781961e-07  2.9264022e+09
   1889000   37378.803      3.878327e-07   1.3392249e-11  3.8781931e-07  2.926378e+09 
   1890000   37377.977      3.878327e-07   2.1958794e-11  3.8781074e-07  2.9264806e+09
   1891000   37378.352      3.878327e-07   1.8071706e-11  3.8781463e-07  2.9264179e+09
   1892000   37378.277      3.8783269e-07  1.8834431e-11  3.8781386e-07  2.9264107e+09
   1893000   37379.144      3.878327e-07   9.8494936e-12  3.8782285e-07  2.9263726e+09
   1894000   37378.489      3.878327e-07   1.6646327e-11  3.8781605e-07  2.9263988e+09
   1895000   37379.44       3.878327e-07   6.7804498e-12  3.8782592e-07  2.9263394e+09
   1896000   37379.523      3.878327e-07   5.9146721e-12  3.8782679e-07  2.9263212e+09
   1897000   37379.004      3.878327e-07   1.1309236e-11  3.8782139e-07  2.9263859e+09
   1898000   37377.382      3.8783272e-07  2.814806e-11   3.8780457e-07  2.9263737e+09
   1899000   37378.849      3.878327e-07   1.2914015e-11  3.8781978e-07  2.9264002e+09
   1900000   37379.069      3.878327e-07   1.0625219e-11  3.8782207e-07  2.9263677e+09
   1901000   37377.789      3.878327e-07   2.3909667e-11  3.8780879e-07  2.9264454e+09
   1902000   37378.934      3.878327e-07   1.2036121e-11  3.8782066e-07  2.9263578e+09
   1903000   37378.638      3.878327e-07   1.5104728e-11  3.8781759e-07  2.926414e+09 
   1904000   37378.684      3.878327e-07   1.4624127e-11  3.8781807e-07  2.9264275e+09
   1905000   37378.371      3.878327e-07   1.7876634e-11  3.8781482e-07  2.9264323e+09
   1906000   37379.636      3.878327e-07   4.7432759e-12  3.8782796e-07  2.9263097e+09
   1907000   37378.841      3.878327e-07   1.2996988e-11  3.878197e-07   2.9263945e+09
   1908000   37379.22       3.878327e-07   9.0609132e-12  3.8782364e-07  2.9263576e+09
   1909000   37377.986      3.878327e-07   2.1870608e-11  3.8781083e-07  2.9264587e+09
   1910000   37379.361      3.878327e-07   7.5954222e-12  3.878251e-07   2.9263477e+09
   1911000   37378.801      3.878327e-07   1.3408654e-11  3.8781929e-07  2.9263951e+09
   1912000   37379.31       3.878327e-07   8.1282186e-12  3.8782457e-07  2.9263479e+09
   1913000   37378.682      3.878327e-07   1.4642433e-11  3.8781806e-07  2.9263984e+09
   1914000   37378.837      3.878327e-07   1.303214e-11   3.8781967e-07  2.9264033e+09
   1915000   37377.892      3.878327e-07   2.284059e-11   3.8780986e-07  2.9265128e+09
   1916000   37377.532      3.8783269e-07  2.6572001e-11  3.8780612e-07  2.9264833e+09
   1917000   37378.849      3.878327e-07   1.2910654e-11  3.8781979e-07  2.926377e+09 
   1918000   37379.13       3.878327e-07   9.9922501e-12  3.8782271e-07  2.9263634e+09
   1919000   37379.085      3.878327e-07   1.0466334e-11  3.8782223e-07  2.9263634e+09
   1920000   37376.33       3.8783267e-07  3.9027872e-11  3.8779365e-07  2.9266523e+09
   1921000   37378.782      3.878327e-07   1.3611404e-11  3.8781909e-07  2.9263899e+09
   1922000   37378.951      3.878327e-07   1.1849807e-11  3.8782085e-07  2.9263718e+09
   1923000   37379.032      3.878327e-07   1.1016423e-11  3.8782168e-07  2.9263931e+09
   1924000   37379.608      3.878327e-07   5.0345619e-12  3.8782766e-07  2.9263175e+09
   1925000   37378.801      3.878327e-07   1.3413227e-11  3.8781929e-07  2.9264024e+09
   1926000   37379.02       3.878327e-07   1.1135102e-11  3.8782156e-07  2.9263835e+09
   1927000   37378.505      3.878327e-07   1.6483078e-11  3.8781622e-07  2.9264099e+09
   1928000   37378.765      3.878327e-07   1.3785371e-11  3.8781892e-07  2.9264191e+09
   1929000   37378.755      3.878327e-07   1.3881114e-11  3.8781882e-07  2.9263994e+09
   1930000   37379.297      3.878327e-07   8.2673106e-12  3.8782443e-07  2.9263523e+09
   1931000   37379.096      3.878327e-07   1.0344576e-11  3.8782235e-07  2.9263625e+09
   1932000   37379.477      3.878327e-07   6.4004061e-12  3.878263e-07   2.9263324e+09
   1933000   37379.2        3.878327e-07   9.2724212e-12  3.8782343e-07  2.926358e+09 
   1934000   37378.885      3.8783269e-07  1.2530664e-11  3.8782016e-07  2.9263689e+09
   1935000   37378.785      3.878327e-07   1.3570592e-11  3.8781913e-07  2.9263975e+09
   1936000   37379.156      3.878327e-07   9.7259074e-12  3.8782297e-07  2.926365e+09 
   1937000   37379.197      3.878327e-07   9.2989184e-12  3.878234e-07   2.9263646e+09
   1938000   37379.076      3.878327e-07   1.0557843e-11  3.8782214e-07  2.9263735e+09
   1939000   37379.053      3.878327e-07   1.0799361e-11  3.878219e-07   2.9263672e+09
   1940000   37379.166      3.878327e-07   9.6206592e-12  3.8782308e-07  2.9263472e+09
   1941000   37378.394      3.878327e-07   1.7627128e-11  3.8781507e-07  2.9264264e+09
   1942000   37379.475      3.878327e-07   6.4128073e-12  3.8782629e-07  2.9263283e+09
   1943000   37379.602      3.878327e-07   5.0985041e-12  3.878276e-07   2.9263048e+09
   1944000   37379.583      3.878327e-07   5.2990436e-12  3.878274e-07   2.926315e+09 
   1945000   37379.234      3.878327e-07   8.9218539e-12  3.8782378e-07  2.9263545e+09
   1946000   37379.105      3.878327e-07   1.0255115e-11  3.8782244e-07  2.9263675e+09
   1947000   37378.831      3.878327e-07   1.3100567e-11  3.878196e-07   2.9263792e+09
   1948000   37377.17       3.8783268e-07  3.0312591e-11  3.8780237e-07  2.9265468e+09
   1949000   37378.632      3.878327e-07   1.5161635e-11  3.8781754e-07  2.9263803e+09
   1950000   37379.329      3.878327e-07   7.9373073e-12  3.8782476e-07  2.926348e+09 
   1951000   37378.947      3.878327e-07   1.1900885e-11  3.878208e-07   2.9263736e+09
   1952000   37378.737      3.878327e-07   1.4078167e-11  3.8781862e-07  2.9263923e+09
   1953000   37378.87       3.878327e-07   1.2697269e-11  3.8782e-07     2.9263888e+09
   1954000   37379.41       3.878327e-07   7.0927316e-12  3.8782561e-07  2.9263282e+09
   1955000   37377.59       3.878327e-07   2.5975857e-11  3.8780673e-07  2.9265413e+09
   1956000   37378.356      3.878327e-07   1.8023895e-11  3.8781467e-07  2.9264144e+09
   1957000   37379.324      3.878327e-07   7.9839651e-12  3.8782472e-07  2.9263346e+09
   1958000   37379.366      3.878327e-07   7.553424e-12   3.8782515e-07  2.9263234e+09
   1959000   37379.376      3.878327e-07   7.4422116e-12  3.8782526e-07  2.9263452e+09
   1960000   37379.583      3.878327e-07   5.2954149e-12  3.878274e-07   2.9263199e+09
   1961000   37378.636      3.878327e-07   1.5127126e-11  3.8781757e-07  2.9263681e+09
   1962000   37379.164      3.878327e-07   9.6380808e-12  3.8782306e-07  2.926368e+09 
   1963000   37378.812      3.878327e-07   1.3296783e-11  3.8781941e-07  2.926394e+09 
   1964000   37379.031      3.878327e-07   1.1022207e-11  3.8782168e-07  2.9263746e+09
   1965000   37377.457      3.878327e-07   2.7353246e-11  3.8780535e-07  2.9265045e+09
   1966000   37378.67       3.878327e-07   1.4772373e-11  3.8781792e-07  2.9264145e+09
   1967000   37379.058      3.878327e-07   1.0741318e-11  3.8782196e-07  2.9263903e+09
   1968000   37378.711      3.878327e-07   1.4342694e-11  3.8781836e-07  2.9264021e+09
   1969000   37378.522      3.878327e-07   1.6298875e-11  3.878164e-07   2.926414e+09 
   1970000   37378.866      3.878327e-07   1.2737022e-11  3.8781996e-07  2.9263909e+09
   1971000   37379.63       3.878327e-07   4.8078421e-12  3.8782789e-07  2.9263153e+09
   1972000   37378.595      3.878327e-07   1.5552905e-11  3.8781715e-07  2.9264136e+09
   1973000   37379.149      3.878327e-07   9.8032046e-12  3.878229e-07   2.9263697e+09
   1974000   37379.238      3.878327e-07   8.873044e-12   3.8782383e-07  2.9263561e+09
   1975000   37378.965      3.878327e-07   1.1707251e-11  3.8782099e-07  2.9263773e+09
   1976000   37378.872      3.878327e-07   1.2676967e-11  3.8782002e-07  2.9263859e+09
   1977000   37379.119      3.878327e-07   1.0111131e-11  3.8782259e-07  2.9263696e+09
   1978000   37379.208      3.878327e-07   9.1845684e-12  3.8782351e-07  2.9263468e+09
   1979000   37378.719      3.878327e-07   1.4256812e-11  3.8781844e-07  2.9264081e+09
   1980000   37379.315      3.878327e-07   8.078797e-12   3.8782462e-07  2.9263465e+09
   1981000   37378.723      3.878327e-07   1.4222589e-11  3.8781848e-07  2.9263964e+09
   1982000   37379.023      3.878327e-07   1.1107771e-11  3.8782159e-07  2.9263804e+09
   1983000   37378.75       3.878327e-07   1.3938987e-11  3.8781876e-07  2.9263891e+09
   1984000   37379.095      3.878327e-07   1.0361718e-11  3.8782234e-07  2.9263523e+09
   1985000   37379.411      3.878327e-07   7.0811982e-12  3.8782562e-07  2.926332e+09 
   1986000   37376.971      3.8783271e-07  3.2399555e-11  3.8780031e-07  2.9265731e+09
   1987000   37379.076      3.878327e-07   1.0559606e-11  3.8782214e-07  2.9263745e+09
   1988000   37379.387      3.878327e-07   7.3283709e-12  3.8782537e-07  2.9263368e+09
   1989000   37377.607      3.8783271e-07  2.5801131e-11  3.878069e-07   2.9265187e+09
   1990000   37378.813      3.878327e-07   1.3286463e-11  3.8781941e-07  2.9264088e+09
   1991000   37379.453      3.878327e-07   6.6419074e-12  3.8782606e-07  2.9263286e+09
   1992000   37379.363      3.878327e-07   7.5843899e-12  3.8782512e-07  2.926341e+09 
   1993000   37379.291      3.878327e-07   8.3236485e-12  3.8782438e-07  2.9263493e+09
   1994000   37378.345      3.878327e-07   1.8144623e-11  3.8781456e-07  2.9264101e+09
   1995000   37379.407      3.878327e-07   7.1182266e-12  3.8782558e-07  2.9263368e+09
   1996000   37379.503      3.878327e-07   6.12855e-12    3.8782657e-07  2.9263257e+09
   1997000   37379.237      3.878327e-07   8.8875292e-12  3.8782381e-07  2.9263526e+09
   1998000   37379.285      3.878327e-07   8.3844696e-12  3.8782431e-07  2.9263618e+09
   1999000   37379.138      3.878327e-07   9.9071252e-12  3.8782279e-07  2.9263654e+09
   2000000   37379.326      3.878327e-07   7.9653811e-12  3.8782473e-07  2.9263453e+09
   2001000   37379.104      3.878327e-07   1.0261814e-11  3.8782244e-07  2.9263731e+09
   2002000   37379.153      3.878327e-07   9.7583201e-12  3.8782294e-07  2.9263733e+09
   2003000   37379.565      3.878327e-07   5.4842368e-12  3.8782722e-07  2.9263229e+09
   2004000   37378.955      3.878327e-07   1.1815911e-11  3.8782088e-07  2.9263899e+09
   2005000   37378.66       3.878327e-07   1.4870466e-11  3.8781783e-07  2.9264219e+09
   2006000   37379.14       3.878327e-07   9.8963389e-12  3.878228e-07   2.9263695e+09
   2007000   37379.13       3.878327e-07   1.0000796e-11  3.878227e-07   2.9263759e+09
   2008000   37377.684      3.8783269e-07  2.4984625e-11  3.878077e-07   2.9265137e+09
   2009000   37377.513      3.878327e-07   2.6777259e-11  3.8780592e-07  2.9264484e+09
   2010000   37379.087      3.878327e-07   1.0448457e-11  3.8782225e-07  2.926372e+09 
   2011000   37379.346      3.878327e-07   7.7578337e-12  3.8782494e-07  2.9263467e+09
   2012000   37379.233      3.878327e-07   8.9297299e-12  3.8782377e-07  2.9263634e+09
   2013000   37379.256      3.878327e-07   8.6894817e-12  3.8782401e-07  2.9263545e+09
   2014000   37379.079      3.878327e-07   1.0526706e-11  3.8782217e-07  2.9263898e+09
   2015000   37379.354      3.878327e-07   7.671089e-12   3.8782503e-07  2.9263576e+09
   2016000   37379.346      3.878327e-07   7.7553395e-12  3.8782494e-07  2.9263401e+09
   2017000   37379.534      3.878327e-07   5.8022981e-12  3.878269e-07   2.9263276e+09
   2018000   37378.65       3.878327e-07   1.498041e-11   3.8781772e-07  2.9264232e+09
   2019000   37379.441      3.878327e-07   6.7651019e-12  3.8782593e-07  2.9263345e+09
   2020000   37377.103      3.878327e-07   3.1028331e-11  3.8780167e-07  2.9265702e+09
   2021000   37379.358      3.878327e-07   7.6296935e-12  3.8782507e-07  2.92634e+09  
   2022000   37379.137      3.878327e-07   9.9203503e-12  3.8782278e-07  2.9263693e+09
   2023000   37379.384      3.878327e-07   7.3598913e-12  3.8782534e-07  2.9263385e+09
   2024000   37378.473      3.878327e-07   1.6818258e-11  3.8781588e-07  2.9264331e+09
   2025000   37379.463      3.878327e-07   6.5440663e-12  3.8782616e-07  2.926328e+09 
   2026000   37379.538      3.878327e-07   5.7605095e-12  3.8782694e-07  2.9263185e+09
   2027000   37378.4        3.878327e-07   1.7575044e-11  3.8781513e-07  2.9264276e+09
   2028000   37379.058      3.878327e-07   1.0745276e-11  3.8782195e-07  2.9263583e+09
   2029000   37378.552      3.878327e-07   1.5996256e-11  3.878167e-07   2.92638e+09  
   2030000   37379.259      3.878327e-07   8.6531302e-12  3.8782404e-07  2.9263457e+09
   2031000   37379.252      3.878327e-07   8.7257116e-12  3.8782397e-07  2.9263522e+09
   2032000   37379.224      3.878327e-07   9.0219646e-12  3.8782368e-07  2.9263618e+09
   2033000   37379.161      3.878327e-07   9.672469e-12   3.8782303e-07  2.926348e+09 
   2034000   37379.141      3.878327e-07   9.8809955e-12  3.8782282e-07  2.9263582e+09
   2035000   37378.45       3.878327e-07   1.7057251e-11  3.8781564e-07  2.9264027e+09
   2036000   37378.018      3.878327e-07   2.1535253e-11  3.8781116e-07  2.9264507e+09
   2037000   37378.674      3.878327e-07   1.4728535e-11  3.8781797e-07  2.9264161e+09
   2038000   37379.329      3.878327e-07   7.9279816e-12  3.8782477e-07  2.9263449e+09
   2039000   37378.714      3.878327e-07   1.4307358e-11  3.8781839e-07  2.9263837e+09
   2040000   37379.034      3.878327e-07   1.0991134e-11  3.8782171e-07  2.9263708e+09
   2041000   37378.673      3.878327e-07   1.4738617e-11  3.8781796e-07  2.9263951e+09
   2042000   37378.83       3.878327e-07   1.3106014e-11  3.8781959e-07  2.9264006e+09
   2043000   37378.863      3.878327e-07   1.2766575e-11  3.8781993e-07  2.9264082e+09
   2044000   37379.413      3.878327e-07   7.0540478e-12  3.8782564e-07  2.9263363e+09
   2045000   37379.229      3.878327e-07   8.9682222e-12  3.8782373e-07  2.9263552e+09
   2046000   37378.576      3.878327e-07   1.5748828e-11  3.8781695e-07  2.9264008e+09
   2047000   37379.201      3.878327e-07   9.2648062e-12  3.8782343e-07  2.92636e+09  
   2048000   37378.869      3.878327e-07   1.2701413e-11  3.8782e-07     2.926386e+09 
   2049000   37379.081      3.878327e-07   1.0503317e-11  3.878222e-07   2.9263609e+09
   2050000   37379.208      3.878327e-07   9.1923978e-12  3.8782351e-07  2.9263543e+09
   2051000   37379.685      3.878327e-07   4.2418949e-12  3.8782846e-07  2.9263005e+09
   2052000   37378.928      3.8783269e-07  1.2085132e-11  3.8782061e-07  2.9263628e+09
   2053000   37378.947      3.878327e-07   1.1891983e-11  3.8782081e-07  2.9263839e+09
   2054000   37379.045      3.878327e-07   1.0879386e-11  3.8782182e-07  2.9263799e+09
   2055000   37379.17       3.878327e-07   9.5776284e-12  3.8782312e-07  2.9263552e+09
   2056000   37378.726      3.878327e-07   1.4190443e-11  3.8781851e-07  2.9264051e+09
   2057000   37378.9        3.878327e-07   1.2385469e-11  3.8782031e-07  2.9263726e+09
   2058000   37378.624      3.878327e-07   1.5249287e-11  3.8781745e-07  2.9264065e+09
   2059000   37378.627      3.878327e-07   1.52101e-11    3.8781749e-07  2.9264311e+09
   2060000   37378.161      3.8783269e-07  2.0043599e-11  3.8781265e-07  2.9264769e+09
   2061000   37378.789      3.878327e-07   1.3530278e-11  3.8781917e-07  2.9264072e+09
   2062000   37379.238      3.878327e-07   8.8745908e-12  3.8782383e-07  2.9263519e+09
   2063000   37379.326      3.878327e-07   7.9586631e-12  3.8782474e-07  2.9263571e+09
   2064000   37379.466      3.878327e-07   6.510215e-12   3.8782619e-07  2.9263316e+09
   2065000   37379.136      3.878327e-07   9.9344145e-12  3.8782276e-07  2.9263757e+09
   2066000   37379.017      3.878327e-07   1.1170112e-11  3.8782153e-07  2.9263758e+09
   2067000   37379.223      3.878327e-07   9.0315808e-12  3.8782367e-07  2.9263556e+09
   2068000   37378.885      3.878327e-07   1.2541321e-11  3.8782016e-07  2.9263912e+09
   2069000   37378.646      3.878327e-07   1.501495e-11   3.8781769e-07  2.9263948e+09
   2070000   37378.818      3.878327e-07   1.323281e-11   3.8781947e-07  2.9263839e+09
   2071000   37378.873      3.878327e-07   1.2666264e-11  3.8782003e-07  2.9263884e+09
   2072000   37378.885      3.878327e-07   1.2540821e-11  3.8782016e-07  2.9263982e+09
   2073000   37378.985      3.878327e-07   1.1501605e-11  3.878212e-07   2.9263842e+09
   2074000   37376.064      3.8783251e-07  4.1625529e-11  3.8779089e-07  2.926465e+09 
   2075000   37379.438      3.878327e-07   6.7998777e-12  3.878259e-07   2.9263464e+09
   2076000   37379.257      3.878327e-07   8.6837714e-12  3.8782402e-07  2.9263581e+09
   2077000   37378.82       3.878327e-07   1.3211185e-11  3.8781949e-07  2.9264008e+09
   2078000   37378.431      3.878327e-07   1.7248825e-11  3.8781545e-07  2.9263892e+09
   2079000   37378.912      3.878327e-07   1.2261208e-11  3.8782044e-07  2.926381e+09 
   2080000   37378.951      3.878327e-07   1.1854066e-11  3.8782085e-07  2.9263805e+09
   2081000   37379.338      3.878327e-07   7.8404357e-12  3.8782486e-07  2.9263398e+09
   2082000   37379.309      3.878327e-07   8.1421141e-12  3.8782456e-07  2.9263316e+09
   2083000   37378.788      3.878327e-07   1.3543726e-11  3.8781915e-07  2.9264168e+09
   2084000   37379.17       3.878327e-07   9.5777294e-12  3.8782312e-07  2.9263626e+09
   2085000   37378.706      3.878327e-07   1.4393373e-11  3.878183e-07   2.9263645e+09
   2086000   37378.11       3.8783269e-07  2.0577035e-11  3.8781212e-07  2.9264868e+09
   2087000   37379.156      3.878327e-07   9.7240858e-12  3.8782298e-07  2.9263699e+09
   2088000   37379.174      3.878327e-07   9.5370677e-12  3.8782316e-07  2.9263357e+09
   2089000   37378.74       3.878327e-07   1.4044994e-11  3.8781865e-07  2.9263952e+09
   2090000   37379.315      3.878327e-07   8.0737133e-12  3.8782463e-07  2.9263507e+09
   2091000   37379.167      3.878327e-07   9.6085181e-12  3.8782309e-07  2.9263599e+09
   2092000   37378.428      3.878327e-07   1.7278683e-11  3.8781542e-07  2.9264534e+09
   2093000   37379.248      3.878327e-07   8.7778058e-12  3.8782392e-07  2.926353e+09 
   2094000   37379.32       3.878327e-07   8.0255453e-12  3.8782467e-07  2.9263463e+09
   2095000   37378.379      3.878327e-07   1.7785395e-11  3.8781491e-07  2.9264395e+09
   2096000   37379.239      3.878327e-07   8.866493e-12   3.8782383e-07  2.9263634e+09
   2097000   37379.137      3.878327e-07   9.9192167e-12  3.8782278e-07  2.9263819e+09
   2098000   37378.631      3.878327e-07   1.517577e-11   3.8781752e-07  2.9264055e+09
   2099000   37379.017      3.878327e-07   1.1170766e-11  3.8782153e-07  2.9263721e+09
   2100000   37378.981      3.878327e-07   1.1538289e-11  3.8782116e-07  2.9263718e+09
   2101000   37379.564      3.878327e-07   5.4930452e-12  3.8782721e-07  2.9263212e+09
   2102000   37378.554      3.878327e-07   1.5969304e-11  3.8781673e-07  2.9264228e+09
   2103000   37379.451      3.878327e-07   6.6697076e-12  3.8782603e-07  2.9263299e+09
   2104000   37378.722      3.878327e-07   1.4228409e-11  3.8781847e-07  2.9263996e+09
   2105000   37378.81       3.878327e-07   1.3320206e-11  3.8781938e-07  2.9263749e+09
   2106000   37379.261      3.878327e-07   8.6362552e-12  3.8782406e-07  2.926358e+09 
   2107000   37379.039      3.878327e-07   1.0939822e-11  3.8782176e-07  2.9263813e+09
   2108000   37378.853      3.878327e-07   1.2867437e-11  3.8781983e-07  2.9263991e+09
   2109000   37379.006      3.878327e-07   1.1288299e-11  3.8782141e-07  2.9263856e+09
   2110000   37379.054      3.878327e-07   1.0785621e-11  3.8782191e-07  2.9263811e+09
   2111000   37379.476      3.878327e-07   6.4026651e-12  3.878263e-07   2.9263315e+09
   2112000   37379.033      3.878327e-07   1.1003977e-11  3.8782169e-07  2.92637e+09  
   2113000   37378.025      3.878327e-07   2.1461978e-11  3.8781123e-07  2.9263952e+09
   2114000   37378.186      3.878327e-07   1.9790047e-11  3.8781291e-07  2.9264493e+09
   2115000   37378.982      3.878327e-07   1.1538083e-11  3.8782116e-07  2.9263865e+09
   2116000   37378.646      3.878327e-07   1.5016659e-11  3.8781768e-07  2.9264104e+09
   2117000   37378.422      3.878327e-07   1.734075e-11   3.8781536e-07  2.9264262e+09
   2118000   37379.274      3.878327e-07   8.5057924e-12  3.8782419e-07  2.9263515e+09
   2119000   37379.127      3.878327e-07   1.0025024e-11  3.8782267e-07  2.926362e+09 
   2120000   37379.177      3.878327e-07   9.5078382e-12  3.8782319e-07  2.9263572e+09
   2121000   37378.172      3.878327e-07   1.9939076e-11  3.8781276e-07  2.9264341e+09
   2122000   37378.864      3.878327e-07   1.2758998e-11  3.8781994e-07  2.9263921e+09
   2123000   37378.3        3.878327e-07   1.8611903e-11  3.8781409e-07  2.9264772e+09
   2124000   37378.757      3.878327e-07   1.3872506e-11  3.8781883e-07  2.9264187e+09
   2125000   37378.239      3.878327e-07   1.9237853e-11  3.8781346e-07  2.9264454e+09
   2126000   37379.57       3.878327e-07   5.4338794e-12  3.8782727e-07  2.9263193e+09
   2127000   37378.261      3.878327e-07   1.9014411e-11  3.8781368e-07  2.9264431e+09
   2128000   37379.152      3.878327e-07   9.772045e-12   3.8782293e-07  2.9263537e+09
   2129000   37378.85       3.878327e-07   1.2899711e-11  3.878198e-07   2.9263953e+09
   2130000   37378.808      3.8783268e-07  1.3319281e-11  3.8781936e-07  2.9263807e+09
   2131000   37379.044      3.878327e-07   1.0895649e-11  3.8782181e-07  2.9263799e+09
   2132000   37379.673      3.878327e-07   4.3601632e-12  3.8782834e-07  2.9263049e+09
   2133000   37379.134      3.878327e-07   9.9501646e-12  3.8782275e-07  2.9263698e+09
   2134000   37379.204      3.878327e-07   9.2333964e-12  3.8782347e-07  2.9263714e+09
   2135000   37379.084      3.878327e-07   1.0470375e-11  3.8782223e-07  2.9263646e+09
   2136000   37379.29       3.878327e-07   8.3349924e-12  3.8782436e-07  2.9263472e+09
   2137000   37379.174      3.878327e-07   9.5393215e-12  3.8782316e-07  2.9263492e+09
   2138000   37379.102      3.878327e-07   1.0283734e-11  3.8782242e-07  2.9263732e+09
   2139000   37379.2        3.878327e-07   9.2751428e-12  3.8782342e-07  2.9263488e+09
   2140000   37378.502      3.878327e-07   1.65113e-11    3.8781619e-07  2.9264299e+09
   2141000   37378.832      3.878327e-07   1.3085542e-11  3.8781961e-07  2.9263984e+09
   2142000   37379.4        3.878327e-07   7.1907618e-12  3.8782551e-07  2.9263352e+09
   2143000   37379.197      3.878327e-07   9.3035003e-12  3.878234e-07   2.9263661e+09
   2144000   37377.168      3.8783271e-07  3.0370484e-11  3.8780234e-07  2.9265064e+09
   2145000   37379.012      3.878327e-07   1.1221911e-11  3.8782148e-07  2.9263733e+09
   2146000   37379.41       3.878327e-07   7.0898721e-12  3.8782561e-07  2.9263258e+09
   2147000   37378.455      3.878327e-07   1.6997304e-11  3.878157e-07   2.9264159e+09
   2148000   37378.703      3.878327e-07   1.4427744e-11  3.8781827e-07  2.9264139e+09
   2149000   37378.65       3.878327e-07   1.4977672e-11  3.8781772e-07  2.9264033e+09
   2150000   37378.678      3.878327e-07   1.4684302e-11  3.8781801e-07  2.9264275e+09
   2151000   37378.823      3.878327e-07   1.3182274e-11  3.8781952e-07  2.9263958e+09
   2152000   37379.072      3.878327e-07   1.0603547e-11  3.878221e-07   2.9263739e+09
   2153000   37379.006      3.878327e-07   1.1284277e-11  3.8782142e-07  2.9263899e+09
   2154000   37379.542      3.878327e-07   5.7244155e-12  3.8782697e-07  2.926317e+09 
   2155000   37378.817      3.878327e-07   1.3242728e-11  3.8781946e-07  2.9263878e+09
   2156000   37379.448      3.878327e-07   6.701184e-12   3.87826e-07    2.926343e+09 
   2157000   37379.215      3.878327e-07   9.1194035e-12  3.8782358e-07  2.9263494e+09
   2158000   37378.871      3.878327e-07   1.268388e-11   3.8782002e-07  2.9263932e+09
   2159000   37379.106      3.878327e-07   1.0251346e-11  3.8782245e-07  2.9263578e+09
   2160000   37377.684      3.878327e-07   2.4998852e-11  3.878077e-07   2.9264699e+09
   2161000   37377.747      3.878327e-07   2.4355844e-11  3.8780835e-07  2.9264505e+09
   2162000   37378.983      3.878327e-07   1.152396e-11   3.8782118e-07  2.926372e+09 
   2163000   37378.631      3.878327e-07   1.5169056e-11  3.8781753e-07  2.9263769e+09
   2164000   37379.319      3.878327e-07   8.0322585e-12  3.8782467e-07  2.9263477e+09
   2165000   37379.506      3.878327e-07   6.0923881e-12  3.8782661e-07  2.9263177e+09
   2166000   37378.694      3.878327e-07   1.4518234e-11  3.8781818e-07  2.926398e+09 
   2167000   37379.231      3.878327e-07   8.9477318e-12  3.8782375e-07  2.9263571e+09
   2168000   37377.877      3.878327e-07   2.2999986e-11  3.878097e-07   2.9264813e+09
   2169000   37378.99       3.878327e-07   1.1450904e-11  3.8782125e-07  2.92638e+09  
   2170000   37378.939      3.878327e-07   1.1979066e-11  3.8782072e-07  2.9263715e+09
   2171000   37377.472      3.878327e-07   2.7201695e-11  3.878055e-07   2.9264622e+09
   2172000   37379.131      3.878327e-07   9.989595e-12   3.8782271e-07  2.9263643e+09
   2173000   37378.2        3.878327e-07   1.9649184e-11  3.8781305e-07  2.9264396e+09
   2174000   37379.268      3.878327e-07   8.5677775e-12  3.8782413e-07  2.9263469e+09
   2175000   37379.139      3.878327e-07   9.905764e-12   3.8782279e-07  2.9263686e+09
   2176000   37379.002      3.878327e-07   1.132633e-11   3.8782137e-07  2.9263953e+09
   2177000   37379.007      3.878327e-07   1.1276275e-11  3.8782142e-07  2.9263818e+09
   2178000   37379.051      3.878327e-07   1.0820353e-11  3.8782188e-07  2.9263467e+09
   2179000   37379.421      3.878327e-07   6.9767142e-12  3.8782572e-07  2.9263442e+09
   2180000   37379.331      3.878327e-07   7.9085505e-12  3.8782479e-07  2.9263388e+09
   2181000   37378.432      3.878327e-07   1.7237726e-11  3.8781546e-07  2.9264407e+09
   2182000   37378.698      3.878327e-07   1.4481491e-11  3.8781822e-07  2.9264166e+09
   2183000   37379.166      3.878327e-07   9.6266946e-12  3.8782307e-07  2.9263573e+09
   2184000   37378.756      3.878327e-07   1.3872284e-11  3.8781883e-07  2.9264031e+09
   2185000   37378.153      3.878327e-07   2.0142075e-11  3.8781256e-07  2.9264211e+09
   2186000   37379.36       3.878327e-07   7.6099074e-12  3.8782509e-07  2.9263299e+09
   2187000   37378.767      3.878327e-07   1.3760544e-11  3.8781894e-07  2.9263998e+09
   2188000   37379.312      3.878327e-07   8.1062633e-12  3.8782459e-07  2.9263387e+09
   2189000   37379.336      3.878327e-07   7.8583149e-12  3.8782484e-07  2.9263418e+09
   2190000   37379.248      3.878327e-07   8.7757499e-12  3.8782392e-07  2.9263548e+09
   2191000   37379.504      3.878327e-07   6.1148729e-12  3.8782658e-07  2.9263227e+09
   2192000   37378.634      3.878327e-07   1.5139393e-11  3.8781756e-07  2.9264032e+09
   2193000   37379.24       3.878327e-07   8.8503112e-12  3.8782385e-07  2.926354e+09 
   2194000   37378.774      3.878327e-07   1.3690615e-11  3.8781901e-07  2.9264012e+09
   2195000   37378.438      3.878327e-07   1.717189e-11   3.8781553e-07  2.9264383e+09
   2196000   37378.815      3.878327e-07   1.3264629e-11  3.8781944e-07  2.9264006e+09
   2197000   37377.803      3.878327e-07   2.3766584e-11  3.8780893e-07  2.926467e+09 
   2198000   37379.076      3.878327e-07   1.05594e-11    3.8782214e-07  2.92638e+09  
   2199000   37378.423      3.878327e-07   1.7336741e-11  3.8781536e-07  2.9264032e+09
   2200000   37379.234      3.878327e-07   8.9143382e-12  3.8782379e-07  2.9263635e+09
   2201000   37379.519      3.878327e-07   5.9623738e-12  3.8782674e-07  2.9263319e+09
   2202000   37378.956      3.878327e-07   1.1806565e-11  3.8782089e-07  2.9263848e+09
   2203000   37379.223      3.8783269e-07  9.0274219e-12  3.8782367e-07  2.9263552e+09
   2204000   37379.58       3.878327e-07   5.323939e-12   3.8782738e-07  2.9263149e+09
   2205000   37379.272      3.878327e-07   8.5211781e-12  3.8782418e-07  2.9263581e+09
   2206000   37378.948      3.878327e-07   1.1887822e-11  3.8782081e-07  2.9263801e+09
   2207000   37378.937      3.878327e-07   1.200096e-11   3.878207e-07   2.9263811e+09
   2208000   37378.495      3.878327e-07   1.6582076e-11  3.8781612e-07  2.9264165e+09
   2209000   37378.573      3.8783269e-07  1.5767317e-11  3.8781693e-07  2.926428e+09 
   2210000   37379.468      3.878327e-07   6.4943871e-12  3.8782621e-07  2.9263339e+09
   2211000   37378.461      3.878327e-07   1.6944292e-11  3.8781576e-07  2.926426e+09 
   2212000   37377.918      3.8783269e-07  2.2564817e-11  3.8781013e-07  2.9264963e+09
   2213000   37378.486      3.878327e-07   1.6676121e-11  3.8781602e-07  2.9264009e+09
   2214000   37379.452      3.878327e-07   6.6580336e-12  3.8782604e-07  2.926337e+09 
   2215000   37379.741      3.878327e-07   3.6569729e-12  3.8782904e-07  2.9262943e+09
   2216000   37378.491      3.878327e-07   1.6629328e-11  3.8781607e-07  2.9264285e+09
   2217000   37379.244      3.878327e-07   8.8186445e-12  3.8782388e-07  2.9263523e+09
   2218000   37379.137      3.878327e-07   9.9257764e-12  3.8782277e-07  2.9263621e+09
   2219000   37379.024      3.878327e-07   1.1099118e-11  3.878216e-07   2.9263735e+09
   2220000   37379.127      3.878327e-07   1.0021524e-11  3.8782268e-07  2.9263641e+09
   2221000   37379.216      3.878327e-07   9.1037051e-12  3.878236e-07   2.9263643e+09
   2222000   37378.687      3.878327e-07   1.4596033e-11  3.878181e-07   2.9263873e+09
   2223000   37379.28       3.878327e-07   8.4420544e-12  3.8782426e-07  2.9263541e+09
   2224000   37379.371      3.878327e-07   7.4985613e-12  3.878252e-07   2.9263381e+09
   2225000   37376.352      3.878326e-07   3.8723287e-11  3.8779388e-07  2.9264425e+09
   2226000   37378.891      3.878327e-07   1.2467968e-11  3.8782023e-07  2.9263853e+09
   2227000   37379.393      3.878327e-07   7.2668669e-12  3.8782543e-07  2.9263224e+09
   2228000   37379.124      3.878327e-07   1.0057936e-11  3.8782264e-07  2.9263671e+09
   2229000   37379.029      3.878327e-07   1.1041564e-11  3.8782166e-07  2.9263804e+09
   2230000   37377.992      3.878327e-07   2.1804217e-11  3.8781089e-07  2.926454e+09 
   2231000   37379.298      3.878327e-07   8.2566543e-12  3.8782444e-07  2.9263473e+09
   2232000   37379.509      3.878327e-07   6.0616615e-12  3.8782664e-07  2.9263223e+09
   2233000   37378.138      3.878327e-07   2.0289077e-11  3.8781241e-07  2.926445e+09 
   2234000   37379.122      3.878327e-07   1.0079761e-11  3.8782262e-07  2.926362e+09 
   2235000   37379.443      3.878327e-07   6.7473751e-12  3.8782595e-07  2.9263341e+09
   2236000   37378.555      3.878327e-07   1.5960765e-11  3.8781674e-07  2.9263766e+09
   2237000   37379.589      3.878327e-07   5.2379521e-12  3.8782746e-07  2.9263176e+09
   2238000   37377.706      3.878327e-07   2.4772862e-11  3.8780793e-07  2.9264516e+09
   2239000   37378.871      3.878327e-07   1.2686835e-11  3.8782001e-07  2.9263957e+09
   2240000   37378.966      3.878327e-07   1.1696958e-11  3.87821e-07    2.9263781e+09
   2241000   37379.046      3.878327e-07   1.0864218e-11  3.8782184e-07  2.9263669e+09
   2242000   37378.583      3.878327e-07   1.5671067e-11  3.8781703e-07  2.9264317e+09
   2243000   37378.676      3.878327e-07   1.4702977e-11  3.87818e-07    2.9264196e+09
   2244000   37379.268      3.878327e-07   8.5606555e-12  3.8782414e-07  2.9263621e+09
   2245000   37378.83       3.878327e-07   1.3109061e-11  3.8781959e-07  2.9264054e+09
   2246000   37379.338      3.878327e-07   7.8429489e-12  3.8782486e-07  2.9263445e+09
   2247000   37379.121      3.878327e-07   1.0085898e-11  3.8782261e-07  2.9263567e+09
   2248000   37379.296      3.878327e-07   8.2711825e-12  3.8782443e-07  2.9263462e+09
   2249000   37379.368      3.878327e-07   7.5311774e-12  3.8782517e-07  2.9263386e+09
   2250000   37379.274      3.878327e-07   8.5007108e-12  3.878242e-07   2.9263431e+09
   2251000   37379.148      3.878327e-07   9.8065011e-12  3.8782289e-07  2.9263649e+09
   2252000   37379.152      3.878327e-07   9.773643e-12   3.8782293e-07  2.9263787e+09
   2253000   37378.682      3.878327e-07   1.4643106e-11  3.8781806e-07  2.9264225e+09
   2254000   37378.281      3.878327e-07   1.8800581e-11  3.878139e-07   2.9264538e+09
   2255000   37378.137      3.878327e-07   2.0297764e-11  3.878124e-07   2.9264427e+09
   2256000   37378.175      3.878327e-07   1.9908674e-11  3.8781279e-07  2.9264419e+09
   2257000   37379.35       3.878327e-07   7.7198696e-12  3.8782498e-07  2.9263393e+09
   2258000   37378.627      3.878327e-07   1.5220059e-11  3.8781748e-07  2.9264349e+09
   2259000   37379.41       3.878327e-07   7.0859879e-12  3.8782561e-07  2.9263348e+09
   2260000   37378.711      3.878327e-07   1.4346789e-11  3.8781835e-07  2.9263923e+09
   2261000   37378.511      3.878327e-07   1.6421529e-11  3.8781628e-07  2.926405e+09 
   2262000   37379.104      3.878327e-07   1.026797e-11   3.8782243e-07  2.926376e+09 
   2263000   37378.503      3.878327e-07   1.650349e-11   3.8781619e-07  2.9263968e+09
   2264000   37379.169      3.878327e-07   9.5974179e-12  3.878231e-07   2.9263672e+09
   2265000   37379.329      3.878327e-07   7.9302396e-12  3.8782477e-07  2.9263477e+09
   2266000   37378.309      3.878327e-07   1.8515116e-11  3.8781419e-07  2.9263936e+09
   2267000   37378.859      3.878327e-07   1.2813237e-11  3.8781989e-07  2.9263901e+09
   2268000   37379.022      3.878327e-07   1.112189e-11   3.8782158e-07  2.9263788e+09
   2269000   37378.396      3.878327e-07   1.7609834e-11  3.8781509e-07  2.9264389e+09
   2270000   37378.84       3.878327e-07   1.3009934e-11  3.8781969e-07  2.9264012e+09
   2271000   37379.413      3.878327e-07   7.05988e-12    3.8782564e-07  2.9263375e+09
   2272000   37378.947      3.878327e-07   1.1900188e-11  3.878208e-07   2.9263809e+09
   2273000   37378.393      3.878327e-07   1.7647347e-11  3.8781505e-07  2.926398e+09 
   2274000   37379.492      3.878327e-07   6.2374315e-12  3.8782646e-07  2.926324e+09 
   2275000   37379.172      3.878327e-07   9.5617993e-12  3.8782314e-07  2.9263613e+09
   2276000   37378.385      3.878327e-07   1.7724059e-11  3.8781498e-07  2.9264299e+09
   2277000   37378.896      3.878327e-07   1.2429536e-11  3.8782027e-07  2.9263773e+09
   2278000   37379.048      3.878327e-07   1.0844048e-11  3.8782186e-07  2.926394e+09 
   2279000   37378.81       3.878327e-07   1.3322221e-11  3.8781938e-07  2.9263921e+09
   2280000   37378.815      3.878327e-07   1.3270007e-11  3.8781943e-07  2.926401e+09 
   2281000   37378.466      3.8783269e-07  1.6880678e-11  3.8781581e-07  2.9264749e+09
   2282000   37379.016      3.878327e-07   1.1175507e-11  3.8782152e-07  2.9263775e+09
   2283000   37379.059      3.878327e-07   1.073638e-11   3.8782196e-07  2.9263789e+09
   2284000   37379.122      3.878327e-07   1.0076757e-11  3.8782262e-07  2.9263766e+09
   2285000   37378.22       3.878327e-07   1.9436967e-11  3.8781326e-07  2.9264225e+09
   2286000   37378.933      3.878327e-07   1.2043275e-11  3.8782065e-07  2.9263956e+09
   2287000   37379.263      3.878327e-07   8.6201463e-12  3.8782408e-07  2.9263586e+09
   2288000   37378.4        3.878327e-07   1.7574132e-11  3.8781513e-07  2.926432e+09 
   2289000   37377.878      3.8783271e-07  2.2993065e-11  3.8780972e-07  2.9264296e+09
   2290000   37378.878      3.878327e-07   1.2611666e-11  3.8782009e-07  2.9263905e+09
   2291000   37378.934      3.878327e-07   1.2034442e-11  3.8782067e-07  2.9263669e+09
   2292000   37378.044      3.878327e-07   2.1260265e-11  3.8781144e-07  2.9264459e+09
   2293000   37379.134      3.878327e-07   9.9510341e-12  3.8782275e-07  2.9263717e+09
   2294000   37379.24       3.878327e-07   8.8595838e-12  3.8782384e-07  2.9263591e+09
   2295000   37379.274      3.878327e-07   8.5004104e-12  3.878242e-07   2.9263684e+09
   2296000   37379.193      3.878327e-07   9.3455154e-12  3.8782335e-07  2.9263461e+09
   2297000   37379.215      3.878327e-07   9.111168e-12   3.8782359e-07  2.9263529e+09
   2298000   37379.264      3.878327e-07   8.6066674e-12  3.8782409e-07  2.9263495e+09
   2299000   37379.048      3.878327e-07   1.084536e-11   3.8782185e-07  2.9263763e+09
   2300000   37378.635      3.878327e-07   1.5135558e-11  3.8781756e-07  2.9263991e+09
   2301000   37379.49       3.878327e-07   6.2606094e-12  3.8782644e-07  2.9263227e+09
   2302000   37379.419      3.878327e-07   6.9977344e-12  3.878257e-07   2.9263282e+09
   2303000   37378.92       3.878327e-07   1.2172142e-11  3.8782053e-07  2.9263864e+09
   2304000   37379.068      3.878327e-07   1.0643638e-11  3.8782206e-07  2.9263751e+09
   2305000   37379.162      3.878327e-07   9.6679383e-12  3.8782303e-07  2.9263634e+09
   2306000   37378.922      3.878327e-07   1.2155188e-11  3.8782054e-07  2.926387e+09 
   2307000   37378.88       3.878327e-07   1.2585754e-11  3.8782011e-07  2.9263946e+09
   2308000   37379.23       3.878327e-07   8.9553438e-12  3.8782374e-07  2.9263686e+09
   2309000   37379.181      3.878327e-07   9.4692602e-12  3.8782323e-07  2.9263766e+09
   2310000   37378.137      3.878327e-07   2.0306603e-11  3.878124e-07   2.9264395e+09
   2311000   37378.797      3.878327e-07   1.3447641e-11  3.8781925e-07  2.9263989e+09
   2312000   37378.065      3.878327e-07   2.1052979e-11  3.8781165e-07  2.9264128e+09
   2313000   37378.79       3.878327e-07   1.3522952e-11  3.8781918e-07  2.9263844e+09
   2314000   37379.234      3.878327e-07   8.9148283e-12  3.8782378e-07  2.9263596e+09
   2315000   37378.755      3.878327e-07   1.3885962e-11  3.8781881e-07  2.9264173e+09
   2316000   37379.058      3.878327e-07   1.0742737e-11  3.8782196e-07  2.9263822e+09
   2317000   37377.634      3.878327e-07   2.5514526e-11  3.8780718e-07  2.9265107e+09
   2318000   37379.007      3.878327e-07   1.1274949e-11  3.8782142e-07  2.9263769e+09
   2319000   37378.706      3.878327e-07   1.4402171e-11  3.878183e-07   2.9263805e+09
   2320000   37379.447      3.878327e-07   6.7099864e-12  3.8782599e-07  2.9263372e+09
   2321000   37378.46       3.878327e-07   1.6946488e-11  3.8781575e-07  2.9264454e+09
   2322000   37378.711      3.878327e-07   1.4345446e-11  3.8781835e-07  2.9264142e+09
   2323000   37378.786      3.878327e-07   1.357223e-11   3.8781913e-07  2.926373e+09 
   2324000   37378.55       3.878327e-07   1.6016301e-11  3.8781668e-07  2.9263965e+09
   2325000   37379.27       3.878327e-07   8.5417917e-12  3.8782416e-07  2.9263572e+09
   2326000   37378.523      3.878327e-07   1.6292798e-11  3.8781641e-07  2.9264257e+09
   2327000   37378.998      3.878327e-07   1.1365143e-11  3.8782133e-07  2.9263943e+09
   2328000   37378.247      3.878327e-07   1.9158403e-11  3.8781354e-07  2.9264415e+09
   2329000   37379.683      3.878327e-07   4.2572281e-12  3.8782844e-07  2.9263083e+09
   2330000   37378.941      3.878327e-07   1.1958312e-11  3.8782074e-07  2.9264013e+09
   2331000   37375.824      3.8783271e-07  4.430656e-11   3.877884e-07   2.9266281e+09
   2332000   37379.213      3.878327e-07   9.1392915e-12  3.8782356e-07  2.9263591e+09
   2333000   37378.4        3.878327e-07   1.7568151e-11  3.8781513e-07  2.9264348e+09
   2334000   37378.504      3.878327e-07   1.6494887e-11  3.8781621e-07  2.9264052e+09
   2335000   37378.614      3.878327e-07   1.5348781e-11  3.8781735e-07  2.9264191e+09
   2336000   37378.543      3.878327e-07   1.608741e-11   3.8781661e-07  2.9264061e+09
   2337000   37378.812      3.878327e-07   1.3301047e-11  3.878194e-07   2.9263922e+09
   2338000   37378.9        3.878327e-07   1.2380571e-11  3.8782032e-07  2.9263796e+09
   2339000   37379.094      3.878327e-07   1.036907e-11   3.8782233e-07  2.926365e+09 
   2340000   37378.953      3.878327e-07   1.1830488e-11  3.8782087e-07  2.9263788e+09
   2341000   37378.888      3.878327e-07   1.250765e-11   3.8782019e-07  2.9263907e+09
   2342000   37379.039      3.878327e-07   1.0936377e-11  3.8782176e-07  2.9263707e+09
   2343000   37379.074      3.878327e-07   1.057707e-11   3.8782212e-07  2.9263747e+09
   2344000   37379.101      3.878327e-07   1.0298805e-11  3.878224e-07   2.9263774e+09
   2345000   37378.354      3.878327e-07   1.8046775e-11  3.8781465e-07  2.9264191e+09
   2346000   37378.957      3.878327e-07   1.178822e-11   3.8782091e-07  2.926361e+09 
   2347000   37379.02       3.878327e-07   1.1136792e-11  3.8782156e-07  2.926381e+09 
   2348000   37379.546      3.878327e-07   5.6809037e-12  3.8782702e-07  2.926319e+09 
   2349000   37378.051      3.878327e-07   2.1193455e-11  3.878115e-07   2.9264589e+09
   2350000   37378.775      3.878327e-07   1.3681301e-11  3.8781902e-07  2.9263794e+09
   2351000   37378.787      3.878327e-07   1.3564523e-11  3.8781914e-07  2.9263806e+09
   2352000   37379.529      3.878327e-07   5.8531832e-12  3.8782685e-07  2.9263282e+09
   2353000   37378.928      3.878327e-07   1.2092502e-11  3.8782061e-07  2.9263805e+09
   2354000   37379.09       3.878327e-07   1.0412488e-11  3.8782229e-07  2.9263754e+09
   2355000   37377.468      3.878327e-07   2.7248543e-11  3.8780546e-07  2.9264359e+09
   2356000   37379.225      3.878327e-07   9.0055656e-12  3.8782369e-07  2.9263529e+09
   2357000   37378.513      3.878327e-07   1.6397729e-11  3.878163e-07   2.9264243e+09
   2358000   37379.209      3.878327e-07   9.1781186e-12  3.8782352e-07  2.9263537e+09
   2359000   37379.343      3.878327e-07   7.7906234e-12  3.8782491e-07  2.9263583e+09
   2360000   37379.072      3.878327e-07   1.0601553e-11  3.878221e-07   2.9263739e+09
   2361000   37379.016      3.878327e-07   1.1180742e-11  3.8782152e-07  2.9263755e+09
   2362000   37379.388      3.878327e-07   7.3162638e-12  3.8782538e-07  2.9263447e+09
   2363000   37378.815      3.878327e-07   1.3260245e-11  3.8781944e-07  2.9263862e+09
   2364000   37378.954      3.878327e-07   1.1824065e-11  3.8782088e-07  2.92637e+09  
   2365000   37378.562      3.878327e-07   1.5888272e-11  3.8781681e-07  2.9264237e+09
   2366000   37379.002      3.878327e-07   1.1325218e-11  3.8782137e-07  2.9263812e+09
   2367000   37379.477      3.878327e-07   6.3957266e-12  3.878263e-07   2.9263202e+09
   2368000   37379.561      3.878327e-07   5.5267422e-12  3.8782717e-07  2.9263218e+09
   2369000   37378.064      3.8783269e-07  2.1044746e-11  3.8781164e-07  2.9264306e+09
   2370000   37378.941      3.878327e-07   1.1960131e-11  3.8782074e-07  2.9263764e+09
   2371000   37379.526      3.878327e-07   5.8847509e-12  3.8782681e-07  2.926316e+09 
   2372000   37377.272      3.8783269e-07  2.9264814e-11  3.8780343e-07  2.9265469e+09
   2373000   37379.058      3.878327e-07   1.0744901e-11  3.8782196e-07  2.9263692e+09
   2374000   37379.193      3.878327e-07   9.3404194e-12  3.8782336e-07  2.9263595e+09
   2375000   37378.364      3.878327e-07   1.7948248e-11  3.8781475e-07  2.9264179e+09
   2376000   37378.298      3.878327e-07   1.863072e-11   3.8781407e-07  2.9264404e+09
   2377000   37378.412      3.878327e-07   1.7445401e-11  3.8781525e-07  2.9264431e+09
   2378000   37378.993      3.878327e-07   1.1419025e-11  3.8782128e-07  2.9263826e+09
   2379000   37378.974      3.878327e-07   1.1618099e-11  3.8782108e-07  2.9263792e+09
   2380000   37379.18       3.878327e-07   9.4727625e-12  3.8782323e-07  2.9263522e+09
   2381000   37379.122      3.878327e-07   1.0074837e-11  3.8782262e-07  2.9263599e+09
   2382000   37379.641      3.878327e-07   4.691845e-12   3.8782801e-07  2.926313e+09 
   2383000   37378.86       3.878327e-07   1.2804508e-11  3.878199e-07   2.9263759e+09
   2384000   37379.408      3.878327e-07   7.1088194e-12  3.8782559e-07  2.9263407e+09
   2385000   37379.262      3.878327e-07   8.6264718e-12  3.8782407e-07  2.9263582e+09
   2386000   37378.958      3.878327e-07   1.1784671e-11  3.8782091e-07  2.9263832e+09
   2387000   37378.561      3.878327e-07   1.5900296e-11  3.878168e-07   2.9264155e+09
   2388000   37379.489      3.878327e-07   6.27476e-12    3.8782642e-07  2.9263248e+09
   2389000   37379.382      3.878327e-07   7.3841314e-12  3.8782532e-07  2.926346e+09 
   2390000   37378.286      3.878327e-07   1.8752938e-11  3.8781395e-07  2.926424e+09 
   2391000   37378.04       3.8783269e-07  2.1294063e-11  3.8781139e-07  2.9264903e+09
   2392000   37378.689      3.878327e-07   1.4570264e-11  3.8781813e-07  2.9264201e+09
   2393000   37379.237      3.878327e-07   8.8912382e-12  3.8782381e-07  2.9263576e+09
   2394000   37378.817      3.878327e-07   1.3247728e-11  3.8781945e-07  2.9263899e+09
   2395000   37378.334      3.8783269e-07  1.8252607e-11  3.8781444e-07  2.9264351e+09
   2396000   37378.754      3.878327e-07   1.3900917e-11  3.878188e-07   2.9263931e+09
   2397000   37378.903      3.878327e-07   1.2355586e-11  3.8782034e-07  2.9263867e+09
   2398000   37378.691      3.878327e-07   1.4555976e-11  3.8781814e-07  2.926398e+09 
   2399000   37378.95       3.878327e-07   1.186794e-11   3.8782083e-07  2.9263897e+09
   2400000   37379.086      3.878327e-07   1.0459157e-11  3.8782224e-07  2.9263475e+09
   2401000   37379.209      3.878327e-07   9.1727938e-12  3.8782353e-07  2.9263492e+09
   2402000   37378.915      3.878327e-07   1.2231032e-11  3.8782047e-07  2.9263642e+09
   2403000   37379.202      3.878327e-07   9.2521959e-12  3.8782345e-07  2.9263532e+09
   2404000   37378.942      3.878327e-07   1.1952625e-11  3.8782075e-07  2.926374e+09 
   2405000   37379.493      3.878327e-07   6.2267753e-12  3.8782647e-07  2.926326e+09 
   2406000   37379.19       3.878327e-07   9.371687e-12   3.8782333e-07  2.9263473e+09
   2407000   37379.319      3.878327e-07   8.0410653e-12  3.8782466e-07  2.9263449e+09
   2408000   37379.352      3.878327e-07   7.6959527e-12  3.87825e-07    2.9263509e+09
   2409000   37378.125      3.878327e-07   2.0430168e-11  3.8781227e-07  2.9264183e+09
   2410000   37378.006      3.878327e-07   2.1664487e-11  3.8781104e-07  2.9264965e+09
   2411000   37377.164      3.878327e-07   3.0395536e-11  3.878023e-07   2.9265322e+09
   2412000   37379.115      3.878327e-07   1.0156534e-11  3.8782254e-07  2.9263667e+09
   2413000   37378.681      3.878327e-07   1.465755e-11   3.8781804e-07  2.9263993e+09
   2414000   37378.897      3.878327e-07   1.2416496e-11  3.8782028e-07  2.9263994e+09
   2415000   37379.099      3.878327e-07   1.0317777e-11  3.8782238e-07  2.9263492e+09
   2416000   37377.461      3.878327e-07   2.7313457e-11  3.8780538e-07  2.9264923e+09
   2417000   37379.403      3.878327e-07   7.1625274e-12  3.8782554e-07  2.9263354e+09
   2418000   37379.049      3.878327e-07   1.0833898e-11  3.8782187e-07  2.926374e+09 
   2419000   37379.3        3.878327e-07   8.2292813e-12  3.8782447e-07  2.9263527e+09
   2420000   37379.191      3.878327e-07   9.3680041e-12  3.8782333e-07  2.9263624e+09
   2421000   37379.1        3.8783269e-07  1.0308638e-11  3.8782239e-07  2.9263891e+09
   2422000   37378.789      3.878327e-07   1.3533348e-11  3.8781916e-07  2.9264282e+09
   2423000   37378.725      3.878327e-07   1.4201706e-11  3.878185e-07   2.9263926e+09
   2424000   37377.403      3.878327e-07   2.7918464e-11  3.8780478e-07  2.9264766e+09
   2425000   37378.901      3.878327e-07   1.2376915e-11  3.8782032e-07  2.9263946e+09
   2426000   37379.024      3.878327e-07   1.1091071e-11  3.8782161e-07  2.9263371e+09
   2427000   37379.231      3.878327e-07   8.952145e-12   3.8782375e-07  2.9263475e+09
   2428000   37379.2        3.878327e-07   9.2687628e-12  3.8782343e-07  2.9263623e+09
   2429000   37379.404      3.878327e-07   7.1494392e-12  3.8782555e-07  2.9263462e+09
   2430000   37379.012      3.878327e-07   1.1220743e-11  3.8782148e-07  2.9263866e+09
   2431000   37379.29       3.8783269e-07  8.3350008e-12  3.8782436e-07  2.9263552e+09
   2432000   37379.552      3.878327e-07   5.6227332e-12  3.8782708e-07  2.9263197e+09
   2433000   37379.403      3.878327e-07   7.1628336e-12  3.8782554e-07  2.9263379e+09
   2434000   37379.328      3.878327e-07   7.9439782e-12  3.8782476e-07  2.9263447e+09
   2435000   37378.36       3.878327e-07   1.7989653e-11  3.8781471e-07  2.9264394e+09
   2436000   37379.206      3.878327e-07   9.2090959e-12  3.8782349e-07  2.9263565e+09
   2437000   37378.761      3.878327e-07   1.3822181e-11  3.8781888e-07  2.9264059e+09
   2438000   37378.445      3.878327e-07   1.7107118e-11  3.878156e-07   2.926453e+09 
   2439000   37378.26       3.878327e-07   1.9018954e-11  3.8781368e-07  2.9264415e+09
   2440000   37379.224      3.878327e-07   9.0226725e-12  3.8782368e-07  2.9263555e+09
   2441000   37378.812      3.878327e-07   1.3297847e-11  3.878194e-07   2.9263993e+09
   2442000   37377.96       3.878327e-07   2.2134852e-11  3.8781056e-07  2.92645e+09  
   2443000   37378.633      3.878327e-07   1.5156865e-11  3.8781754e-07  2.9264083e+09
   2444000   37378.711      3.878327e-07   1.4343749e-11  3.8781835e-07  2.92639e+09  
   2445000   37378.824      3.878327e-07   1.3174334e-11  3.8781952e-07  2.9263959e+09
   2446000   37379.447      3.878327e-07   6.7103726e-12  3.8782599e-07  2.9263406e+09
   2447000   37379.314      3.878327e-07   8.088141e-12   3.8782461e-07  2.92634e+09  
   2448000   37379.363      3.878327e-07   7.5751202e-12  3.8782512e-07  2.9263511e+09
   2449000   37378.939      3.878327e-07   1.1976431e-11  3.8782072e-07  2.9264011e+09
   2450000   37378.03       3.878327e-07   2.1416004e-11  3.8781129e-07  2.9264484e+09
   2451000   37377.357      3.878327e-07   2.839727e-11   3.878043e-07   2.9265312e+09
   2452000   37379.229      3.878327e-07   8.9726626e-12  3.8782373e-07  2.9263601e+09
   2453000   37378.876      3.878327e-07   1.262904e-11   3.8782007e-07  2.9263897e+09
   2454000   37378.889      3.878327e-07   1.2502046e-11  3.878202e-07   2.9263995e+09
   2455000   37379.468      3.878327e-07   6.4898933e-12  3.8782621e-07  2.9263354e+09
   2456000   37378.754      3.878327e-07   1.3904104e-11  3.878188e-07   2.9263869e+09
   2457000   37378.928      3.878327e-07   1.2089183e-11  3.8782061e-07  2.9263788e+09
   2458000   37378.879      3.878327e-07   1.2604533e-11  3.8782009e-07  2.9263956e+09
   2459000   37379.263      3.878327e-07   8.6125696e-12  3.8782409e-07  2.9263602e+09
   2460000   37378.509      3.878327e-07   1.6446283e-11  3.8781625e-07  2.9264507e+09
   2461000   37378.484      3.878327e-07   1.6703915e-11  3.87816e-07    2.9264149e+09
   2462000   37378.748      3.878327e-07   1.3954393e-11  3.8781874e-07  2.9264271e+09
   2463000   37377.424      3.878327e-07   2.7694715e-11  3.87805e-07    2.92648e+09  
   2464000   37379.327      3.878327e-07   7.9479697e-12  3.8782475e-07  2.9263418e+09
   2465000   37378.718      3.878327e-07   1.4270149e-11  3.8781843e-07  2.9264032e+09
   2466000   37378.205      3.878327e-07   1.959043e-11   3.8781311e-07  2.926487e+09 
   2467000   37379.273      3.878327e-07   8.5160428e-12  3.8782418e-07  2.9263484e+09
   2468000   37378.388      3.878327e-07   1.7693849e-11  3.87815e-07    2.9264107e+09
   2469000   37378.877      3.878327e-07   1.2618511e-11  3.8782008e-07  2.9264005e+09
   2470000   37378.757      3.878327e-07   1.3868436e-11  3.8781883e-07  2.9264135e+09
   2471000   37378.37       3.878327e-07   1.7880643e-11  3.8781482e-07  2.9264259e+09
   2472000   37378.74       3.878327e-07   1.4042711e-11  3.8781865e-07  2.9264017e+09
   2473000   37378.676      3.878327e-07   1.4701588e-11  3.87818e-07    2.9264243e+09
   2474000   37378.982      3.878327e-07   1.153434e-11   3.8782116e-07  2.926374e+09 
   2475000   37379.034      3.878327e-07   1.0992174e-11  3.8782171e-07  2.9263559e+09
   2476000   37377.174      3.878327e-07   3.0291251e-11  3.8780241e-07  2.9265052e+09
   2477000   37378.99       3.878327e-07   1.1453282e-11  3.8782125e-07  2.9263861e+09
   2478000   37379.168      3.878327e-07   9.6063668e-12  3.8782309e-07  2.926351e+09 
   2479000   37378.967      3.878327e-07   1.1685109e-11  3.8782101e-07  2.9263985e+09
   2480000   37378.591      3.878327e-07   1.559185e-11   3.8781711e-07  2.9263726e+09
   2481000   37378.998      3.878327e-07   1.1359013e-11  3.8782134e-07  2.9263815e+09
   2482000   37378.799      3.878327e-07   1.3434341e-11  3.8781927e-07  2.9263962e+09
   2483000   37377.96       3.8783269e-07  2.2131268e-11  3.8781056e-07  2.9264852e+09
   2484000   37379.397      3.878327e-07   7.2254818e-12  3.8782547e-07  2.9263425e+09
   2485000   37378.327      3.878327e-07   1.8324332e-11  3.8781438e-07  2.926426e+09 
   2486000   37379.33       3.878327e-07   7.9242224e-12  3.8782477e-07  2.9263399e+09
   2487000   37379.314      3.878327e-07   8.0891439e-12  3.8782461e-07  2.9263462e+09
   2488000   37378.313      3.878327e-07   1.8478903e-11  3.8781422e-07  2.9264138e+09
   2489000   37377.921      3.8783271e-07  2.2542438e-11  3.8781016e-07  2.9264177e+09
   2490000   37378.367      3.878327e-07   1.791543e-11   3.8781478e-07  2.9264092e+09
   2491000   37378.438      3.8783269e-07  1.7170667e-11  3.8781552e-07  2.9264669e+09
   2492000   37379.71       3.878327e-07   3.979916e-12   3.8782872e-07  2.9262994e+09
   2493000   37379.579      3.878327e-07   5.3350553e-12  3.8782736e-07  2.9263223e+09
   2494000   37378.989      3.878327e-07   1.1459493e-11  3.8782124e-07  2.9263715e+09
   2495000   37377.905      3.8783269e-07  2.2698417e-11  3.8780999e-07  2.9264613e+09
   2496000   37378.979      3.878327e-07   1.156406e-11   3.8782114e-07  2.9263779e+09
   2497000   37377.825      3.8783271e-07  2.3542503e-11  3.8780916e-07  2.9264263e+09
   2498000   37379.247      3.878327e-07   8.7867545e-12  3.8782391e-07  2.9263525e+09
   2499000   37378.747      3.878327e-07   1.3969955e-11  3.8781873e-07  2.9263852e+09
   2500000   37378.909      3.878327e-07   1.2294174e-11  3.878204e-07   2.9263954e+09
   2501000   37379.302      3.878327e-07   8.2161944e-12  3.8782448e-07  2.9263549e+09
   2502000   37378.583      3.878327e-07   1.5672863e-11  3.8781702e-07  2.9264293e+09
   2503000   37378.678      3.878327e-07   1.4690215e-11  3.8781801e-07  2.9264136e+09
   2504000   37379.509      3.878327e-07   6.0660453e-12  3.8782663e-07  2.926322e+09 
   2505000   37378.878      3.878327e-07   1.260812e-11   3.8782009e-07  2.926363e+09 
   2506000   37378.797      3.878327e-07   1.3451287e-11  3.8781925e-07  2.9263835e+09
   2507000   37378.434      3.8783269e-07  1.7213157e-11  3.8781548e-07  2.9264511e+09
   2508000   37379.232      3.878327e-07   8.9377677e-12  3.8782376e-07  2.9263651e+09
   2509000   37378.655      3.878327e-07   1.4930229e-11  3.8781777e-07  2.9264081e+09
   2510000   37378.731      3.878327e-07   1.4133462e-11  3.8781857e-07  2.9263966e+09
   2511000   37378.734      3.878327e-07   1.4110979e-11  3.8781859e-07  2.9263851e+09
   2512000   37378.708      3.878327e-07   1.4377395e-11  3.8781833e-07  2.9264069e+09
   2513000   37378.963      3.878327e-07   1.1729898e-11  3.8782097e-07  2.9263784e+09
   2514000   37378.788      3.878327e-07   1.3543136e-11  3.8781916e-07  2.9264057e+09
   2515000   37378.886      3.878327e-07   1.2531226e-11  3.8782017e-07  2.9263961e+09
   2516000   37379.138      3.878327e-07   9.9175301e-12  3.8782278e-07  2.926368e+09 
   2517000   37378.351      3.878327e-07   1.8075569e-11  3.8781462e-07  2.926435e+09 
   2518000   37377.303      3.8783269e-07  2.8944117e-11  3.8780375e-07  2.9265409e+09
   2519000   37378.332      3.878327e-07   1.8278635e-11  3.8781442e-07  2.9264669e+09
   2520000   37378.749      3.878327e-07   1.3945147e-11  3.8781875e-07  2.9264039e+09
   2521000   37378.843      3.878327e-07   1.2974851e-11  3.8781972e-07  2.9263671e+09
   2522000   37379.376      3.878327e-07   7.4414184e-12  3.8782526e-07  2.9263294e+09
   2523000   37379.24       3.878327e-07   8.8556417e-12  3.8782384e-07  2.9263612e+09
   2524000   37379.269      3.878327e-07   8.5501747e-12  3.8782415e-07  2.9263499e+09
   2525000   37379.267      3.878327e-07   8.5734935e-12  3.8782413e-07  2.9263537e+09
   2526000   37377.772      3.8783274e-07  2.4127492e-11  3.8780861e-07  2.9263705e+09
   2527000   37378.947      3.878327e-07   1.1898365e-11  3.878208e-07   2.9263803e+09
   2528000   37378.722      3.878327e-07   1.4232615e-11  3.8781847e-07  2.9263936e+09
   2529000   37379.204      3.878327e-07   9.2331889e-12  3.8782347e-07  2.9263669e+09
   2530000   37379.406      3.878327e-07   7.1366732e-12  3.8782556e-07  2.9263239e+09
   2531000   37379.365      3.878327e-07   7.557246e-12   3.8782514e-07  2.9263405e+09
   2532000   37378.685      3.878327e-07   1.4618106e-11  3.8781808e-07  2.9264077e+09
   2533000   37374.524      3.8783273e-07  5.7817877e-11  3.8777491e-07  2.9266911e+09
   2534000   37379.352      3.878327e-07   7.6888105e-12  3.8782501e-07  2.9263546e+09
   2535000   37378.29       3.878327e-07   1.8710982e-11  3.8781399e-07  2.9264009e+09
   2536000   37379.303      3.878327e-07   8.2046934e-12  3.8782449e-07  2.9263502e+09
   2537000   37378.905      3.878327e-07   1.2334133e-11  3.8782037e-07  2.9263858e+09
   2538000   37378.731      3.878327e-07   1.4132316e-11  3.8781857e-07  2.9263848e+09
   2539000   37379          3.878327e-07   1.1342726e-11  3.8782136e-07  2.9263805e+09
   2540000   37379.145      3.878327e-07   9.8441607e-12  3.8782286e-07  2.9263786e+09
   2541000   37378.332      3.878327e-07   1.8277877e-11  3.8781442e-07  2.9264532e+09
   2542000   37378.068      3.8783269e-07  2.10121e-11    3.8781168e-07  2.9264156e+09
   2543000   37378.833      3.878327e-07   1.30821e-11    3.8781962e-07  2.9263898e+09
   2544000   37378.925      3.8783269e-07  1.2118957e-11  3.8782057e-07  2.9263775e+09
   2545000   37378.848      3.878327e-07   1.2918455e-11  3.8781978e-07  2.9263927e+09
   2546000   37378.755      3.878327e-07   1.3889123e-11  3.8781881e-07  2.9264031e+09
   2547000   37378.767      3.878327e-07   1.3758306e-11  3.8781894e-07  2.9263959e+09
   2548000   37379.465      3.878327e-07   6.5232123e-12  3.8782618e-07  2.9263379e+09
   2549000   37379.331      3.878327e-07   7.9118901e-12  3.8782479e-07  2.9263491e+09
   2550000   37378.297      3.8783268e-07  1.8619551e-11  3.8781406e-07  2.9264387e+09
   2551000   37378.527      3.878327e-07   1.6250757e-11  3.8781645e-07  2.9264163e+09
   2552000   37378.882      3.878327e-07   1.2567841e-11  3.8782013e-07  2.9263882e+09
   2553000   37379.875      3.878327e-07   2.266828e-12   3.8783043e-07  2.9262782e+09
   2554000   37378.835      3.878327e-07   1.3059558e-11  3.8781964e-07  2.9263723e+09
   2555000   37379.25       3.878327e-07   8.7568743e-12  3.8782394e-07  2.9263504e+09
   2556000   37378.872      3.878327e-07   1.2666932e-11  3.8782003e-07  2.9263684e+09
   2557000   37378.676      3.878327e-07   1.4702452e-11  3.87818e-07    2.9264168e+09
   2558000   37378.61       3.878327e-07   1.5388815e-11  3.8781731e-07  2.9263982e+09
   2559000   37379.162      3.878327e-07   9.6614328e-12  3.8782304e-07  2.9263551e+09
   2560000   37378.791      3.878327e-07   1.3517809e-11  3.8781918e-07  2.9263815e+09
   2561000   37378.275      3.878327e-07   1.8868534e-11  3.8781383e-07  2.9264172e+09
   2562000   37379.172      3.878327e-07   9.5584285e-12  3.8782314e-07  2.9263604e+09
   2563000   37378.762      3.878327e-07   1.3814072e-11  3.8781888e-07  2.9264127e+09
   2564000   37378.792      3.878327e-07   1.3500373e-11  3.878192e-07   2.9263849e+09
   2565000   37378.696      3.878327e-07   1.4499639e-11  3.878182e-07   2.9264136e+09
   2566000   37378.645      3.878327e-07   1.5031794e-11  3.8781767e-07  2.9263762e+09
   2567000   37373.978      3.8783278e-07  6.3533601e-11  3.8776925e-07  2.92649e+09  
   2568000   37378.942      3.878327e-07   1.1947939e-11  3.8782075e-07  2.9263987e+09
   2569000   37378.505      3.878327e-07   1.6479147e-11  3.8781622e-07  2.9264396e+09
   2570000   37379.391      3.878327e-07   7.2859914e-12  3.8782541e-07  2.9263368e+09
   2571000   37378.828      3.878327e-07   1.3131994e-11  3.8781957e-07  2.9264017e+09
   2572000   37379.32       3.878327e-07   8.0214765e-12  3.8782468e-07  2.9263547e+09
   2573000   37378.659      3.878327e-07   1.4879728e-11  3.8781782e-07  2.9264005e+09
   2574000   37378.503      3.878327e-07   1.6503264e-11  3.878162e-07   2.9264208e+09
   2575000   37379.423      3.878327e-07   6.9524704e-12  3.8782575e-07  2.9263388e+09
   2576000   37378.899      3.878327e-07   1.2392359e-11  3.8782031e-07  2.9263635e+09
   2577000   37378.956      3.878327e-07   1.1803185e-11  3.878209e-07   2.926398e+09 
   2578000   37378.507      3.8783269e-07  1.645114e-11   3.8781624e-07  2.9264355e+09
   2579000   37379.421      3.878327e-07   6.9812799e-12  3.8782572e-07  2.9263367e+09
   2580000   37378.555      3.878327e-07   1.5964323e-11  3.8781674e-07  2.9263827e+09
   2581000   37378.847      3.878327e-07   1.2932851e-11  3.8781977e-07  2.9263584e+09
   2582000   37378.71       3.878327e-07   1.4351744e-11  3.8781835e-07  2.9263896e+09
   2583000   37378.779      3.878327e-07   1.3642029e-11  3.8781906e-07  2.9263748e+09
   2584000   37378.293      3.878327e-07   1.8685209e-11  3.8781401e-07  2.9264426e+09
   2585000   37379.289      3.878327e-07   8.3474793e-12  3.8782435e-07  2.9263602e+09
   2586000   37378.961      3.878327e-07   1.1749143e-11  3.8782095e-07  2.9263875e+09
   2587000   37378.699      3.878327e-07   1.4463929e-11  3.8781824e-07  2.9264102e+09
   2588000   37378.51       3.878327e-07   1.6426611e-11  3.8781627e-07  2.9264069e+09
   2589000   37379.247      3.878327e-07   8.7823166e-12  3.8782392e-07  2.9263521e+09
   2590000   37379.008      3.878327e-07   1.1263749e-11  3.8782144e-07  2.9263661e+09
   2591000   37378.43       3.878327e-07   1.7257117e-11  3.8781544e-07  2.9264078e+09
   2592000   37379.19       3.878327e-07   9.367781e-12   3.8782333e-07  2.9263496e+09
   2593000   37378.843      3.878327e-07   1.297181e-11   3.8781973e-07  2.926377e+09 
   2594000   37379.334      3.878327e-07   7.8854941e-12  3.8782481e-07  2.92634e+09  
   2595000   37378.742      3.878327e-07   1.4025353e-11  3.8781867e-07  2.9264054e+09
   2596000   37378.636      3.878327e-07   1.5125561e-11  3.8781757e-07  2.9264085e+09
   2597000   37378.492      3.878327e-07   1.6617443e-11  3.8781608e-07  2.9264268e+09
   2598000   37378.83       3.878327e-07   1.3109811e-11  3.8781959e-07  2.9263926e+09
   2599000   37379.248      3.878327e-07   8.7734335e-12  3.8782393e-07  2.9263448e+09
   2600000   37378.951      3.878327e-07   1.1859379e-11  3.8782084e-07  2.9263659e+09
   2601000   37379.693      3.878327e-07   4.1566791e-12  3.8782854e-07  2.9263051e+09
   2602000   37378.3        3.878327e-07   1.8610913e-11  3.8781409e-07  2.9264275e+09
   2603000   37379.372      3.878327e-07   7.4872442e-12  3.8782521e-07  2.9263511e+09
   2604000   37378.495      3.878327e-07   1.6583167e-11  3.8781612e-07  2.9264293e+09
   2605000   37378.236      3.878327e-07   1.9272459e-11  3.8781343e-07  2.926437e+09 
   2606000   37377.997      3.878327e-07   2.17499e-11    3.8781095e-07  2.9265061e+09
   2607000   37378.476      3.878327e-07   1.6781101e-11  3.8781591e-07  2.9264371e+09
   2608000   37378.899      3.878327e-07   1.2395258e-11  3.878203e-07   2.9263853e+09
   2609000   37379.077      3.878327e-07   1.0551805e-11  3.8782215e-07  2.9263588e+09
   2610000   37379.034      3.878327e-07   1.0996066e-11  3.878217e-07   2.926379e+09 
   2611000   37379.07       3.878327e-07   1.0615122e-11  3.8782208e-07  2.9263754e+09
   2612000   37379.284      3.878327e-07   8.3973351e-12  3.878243e-07   2.9263473e+09
   2613000   37378.506      3.8783269e-07  1.6461266e-11  3.8781623e-07  2.9264295e+09
   2614000   37379.392      3.878327e-07   7.2836482e-12  3.8782542e-07  2.926338e+09 
   2615000   37377.941      3.8783269e-07  2.2321844e-11  3.8781036e-07  2.9264616e+09
   2616000   37378.545      3.878327e-07   1.6064137e-11  3.8781664e-07  2.9264233e+09
   2617000   37379.587      3.878327e-07   5.2543905e-12  3.8782745e-07  2.9263087e+09
   2618000   37379.128      3.878327e-07   1.001868e-11   3.8782268e-07  2.9263717e+09
   2619000   37378.843      3.878327e-07   1.2971058e-11  3.8781973e-07  2.926385e+09 
   2620000   37379.432      3.878327e-07   6.8661461e-12  3.8782583e-07  2.9263318e+09
   2621000   37379.09       3.878327e-07   1.0410464e-11  3.8782229e-07  2.9263733e+09
   2622000   37377.619      3.878327e-07   2.5673786e-11  3.8780702e-07  2.9265048e+09
   2623000   37378.976      3.878327e-07   1.1595625e-11  3.878211e-07   2.9263841e+09
   2624000   37378.579      3.878327e-07   1.5711092e-11  3.8781699e-07  2.9264193e+09
   2625000   37378.315      3.878327e-07   1.8450436e-11  3.8781425e-07  2.926412e+09 
   2626000   37377.607      3.8783269e-07  2.5792451e-11  3.878069e-07   2.9264254e+09
   2627000   37379.016      3.878327e-07   1.1175344e-11  3.8782152e-07  2.9263768e+09
   2628000   37378.806      3.878327e-07   1.3358954e-11  3.8781934e-07  2.9264086e+09
   2629000   37378.395      3.878327e-07   1.7621448e-11  3.8781508e-07  2.9264291e+09
   2630000   37377.726      3.8783271e-07  2.4576169e-11  3.8780813e-07  2.9264131e+09
   2631000   37379.042      3.878327e-07   1.0905509e-11  3.8782179e-07  2.9263713e+09
   2632000   37378.242      3.878327e-07   1.9213325e-11  3.8781349e-07  2.9264038e+09
   2633000   37379.171      3.878327e-07   9.5711854e-12  3.8782313e-07  2.9263538e+09
   2634000   37379.308      3.878327e-07   8.1473004e-12  3.8782455e-07  2.9263379e+09
   2635000   37379.387      3.878327e-07   7.33274e-12    3.8782537e-07  2.9263394e+09
   2636000   37378.83       3.878327e-07   1.3105405e-11  3.8781959e-07  2.9263941e+09
   2637000   37378.505      3.878327e-07   1.647803e-11   3.8781622e-07  2.926425e+09 
   2638000   37378.348      3.878327e-07   1.8109735e-11  3.8781459e-07  2.9263992e+09
   2639000   37378.722      3.878327e-07   1.4233301e-11  3.8781846e-07  2.9264064e+09
   2640000   37377.905      3.878327e-07   2.2707711e-11  3.8781e-07     2.9264021e+09
   2641000   37379.037      3.878327e-07   1.0966168e-11  3.8782173e-07  2.9263793e+09
   2642000   37377.423      3.878327e-07   2.7700572e-11  3.8780499e-07  2.9264873e+09
   2643000   37378.46       3.878327e-07   1.6954056e-11  3.8781575e-07  2.9264238e+09
   2644000   37377.86       3.8783269e-07  2.3161262e-11  3.8780953e-07  2.9265085e+09
   2645000   37378.76       3.878327e-07   1.3836134e-11  3.8781886e-07  2.9264083e+09
   2646000   37379.215      3.878327e-07   9.1110284e-12  3.8782359e-07  2.9263491e+09
   2647000   37379.35       3.878327e-07   7.7119695e-12  3.8782499e-07  2.9263513e+09
   2648000   37379.079      3.878327e-07   1.052699e-11   3.8782217e-07  2.9263498e+09
   2649000   37378.468      3.878327e-07   1.6869068e-11  3.8781583e-07  2.9264229e+09
   2650000   37378.457      3.878327e-07   1.6976579e-11  3.8781572e-07  2.9264235e+09
   2651000   37379.106      3.878327e-07   1.0249401e-11  3.8782245e-07  2.9263579e+09
   2652000   37379.325      3.878327e-07   7.9759862e-12  3.8782472e-07  2.92634e+09  
   2653000   37378.953      3.878327e-07   1.1836022e-11  3.8782086e-07  2.9263802e+09
   2654000   37378.024      3.878327e-07   2.1466461e-11  3.8781123e-07  2.9264814e+09
   2655000   37379.063      3.878327e-07   1.0688515e-11  3.8782201e-07  2.9263714e+09
   2656000   37378.227      3.878327e-07   1.936771e-11   3.8781333e-07  2.926471e+09 
   2657000   37378.312      3.878327e-07   1.8484816e-11  3.8781421e-07  2.9264384e+09
   2658000   37378.183      3.8783269e-07  1.9815054e-11  3.8781288e-07  2.9264443e+09
   2659000   37379.301      3.878327e-07   8.2230487e-12  3.8782448e-07  2.9263377e+09
   2660000   37379.138      3.878327e-07   9.9164879e-12  3.8782278e-07  2.9263571e+09
   2661000   37379.551      3.878327e-07   5.6293751e-12  3.8782707e-07  2.9263197e+09
   2662000   37378.107      3.878327e-07   2.0618004e-11  3.8781208e-07  2.9264275e+09
   2663000   37379.26       3.878327e-07   8.6485595e-12  3.8782405e-07  2.9263634e+09
   2664000   37378.883      3.878327e-07   1.2555502e-11  3.8782014e-07  2.9263857e+09
   2665000   37377.682      3.878327e-07   2.5024019e-11  3.8780768e-07  2.92642e+09  
   2666000   37379.126      3.878327e-07   1.0033461e-11  3.8782267e-07  2.9263717e+09
   2667000   37379.196      3.878327e-07   9.3119843e-12  3.8782339e-07  2.9263505e+09
   2668000   37379.35       3.878327e-07   7.7120854e-12  3.8782499e-07  2.9263507e+09
   2669000   37378.426      3.878327e-07   1.7304703e-11  3.878154e-07   2.9264311e+09
   2670000   37379.252      3.878327e-07   8.7339971e-12  3.8782397e-07  2.9263532e+09
   2671000   37379.175      3.878327e-07   9.5293516e-12  3.8782317e-07  2.9263722e+09
   2672000   37378.859      3.878327e-07   1.2813854e-11  3.8781989e-07  2.9263995e+09
   2673000   37379.211      3.878327e-07   9.1586623e-12  3.8782354e-07  2.9263487e+09
   2674000   37379.254      3.878327e-07   8.7120471e-12  3.8782399e-07  2.9263499e+09
   2675000   37379.122      3.878327e-07   1.0083914e-11  3.8782262e-07  2.9263643e+09
   2676000   37379.223      3.878327e-07   9.0300494e-12  3.8782367e-07  2.9263426e+09
   2677000   37379.241      3.878327e-07   8.8449121e-12  3.8782386e-07  2.9263529e+09
   2678000   37378.77       3.878327e-07   1.3737759e-11  3.8781896e-07  2.9263929e+09
   2679000   37377.447      3.878327e-07   2.7459162e-11  3.8780524e-07  2.9265506e+09
   2680000   37378.968      3.878327e-07   1.1678205e-11  3.8782102e-07  2.9263788e+09
   2681000   37378.998      3.878327e-07   1.1364001e-11  3.8782134e-07  2.926379e+09 
   2682000   37379.439      3.878327e-07   6.7958393e-12  3.878259e-07   2.9263295e+09
   2683000   37379.56       3.878327e-07   5.5324082e-12  3.8782717e-07  2.926324e+09 
   2684000   37378.626      3.878327e-07   1.5223687e-11  3.8781747e-07  2.9264253e+09
   2685000   37378.944      3.878327e-07   1.1926628e-11  3.8782077e-07  2.926388e+09 
   2686000   37379.011      3.878327e-07   1.1230691e-11  3.8782147e-07  2.9263757e+09
   2687000   37378.375      3.878327e-07   1.7833152e-11  3.8781487e-07  2.9264294e+09
   2688000   37378.343      3.878327e-07   1.8158865e-11  3.8781454e-07  2.9264064e+09
   2689000   37379.066      3.878327e-07   1.0661728e-11  3.8782204e-07  2.9263738e+09
   2690000   37378.683      3.878327e-07   1.4634746e-11  3.8781807e-07  2.9264144e+09
   2691000   37379.08       3.878327e-07   1.0512416e-11  3.8782219e-07  2.9263794e+09
   2692000   37379.366      3.878327e-07   7.5468157e-12  3.8782515e-07  2.9263552e+09
   2693000   37379.138      3.878327e-07   9.9171355e-12  3.8782278e-07  2.9263746e+09
   2694000   37378.999      3.878327e-07   1.1359383e-11  3.8782134e-07  2.9263851e+09
   2695000   37378.983      3.878327e-07   1.1525318e-11  3.8782117e-07  2.9263816e+09
   2696000   37378.786      3.878327e-07   1.357161e-11   3.8781913e-07  2.9264079e+09
   2697000   37379.24       3.878327e-07   8.8520793e-12  3.8782385e-07  2.9263586e+09
   2698000   37378.444      3.8783269e-07  1.7108458e-11  3.8781558e-07  2.9264248e+09
   2699000   37378.862      3.878327e-07   1.2773182e-11  3.8781993e-07  2.9263898e+09
   2700000   37379.192      3.878327e-07   9.352586e-12   3.8782335e-07  2.926352e+09 
   2701000   37378.677      3.878327e-07   1.4700702e-11  3.87818e-07    2.9264142e+09
   2702000   37378.676      3.878327e-07   1.4706985e-11  3.8781799e-07  2.9263827e+09
   2703000   37378.782      3.878327e-07   1.3609887e-11  3.8781909e-07  2.9264016e+09
   2704000   37379.259      3.878327e-07   8.6578044e-12  3.8782404e-07  2.9263574e+09
   2705000   37379.019      3.878327e-07   1.114646e-11   3.8782155e-07  2.9263765e+09
   2706000   37379.136      3.878327e-07   9.9344304e-12  3.8782277e-07  2.9263625e+09
   2707000   37377.598      3.878327e-07   2.5897776e-11  3.8780681e-07  2.926441e+09 
   2708000   37379.403      3.878327e-07   7.1622454e-12  3.8782554e-07  2.9263361e+09
   2709000   37378.692      3.878327e-07   1.4535745e-11  3.8781816e-07  2.9264091e+09
   2710000   37378.307      3.878327e-07   1.8533233e-11  3.8781417e-07  2.9264485e+09
   2711000   37378.644      3.878327e-07   1.5035411e-11  3.8781766e-07  2.9263814e+09
   2712000   37379.293      3.878327e-07   8.3018341e-12  3.878244e-07   2.9263449e+09
   2713000   37378.914      3.878327e-07   1.2232581e-11  3.8782046e-07  2.9263963e+09
   2714000   37379.021      3.878327e-07   1.1129258e-11  3.8782157e-07  2.9263735e+09
   2715000   37378.076      3.878327e-07   2.093913e-11   3.8781176e-07  2.9264968e+09
   2716000   37378.892      3.878327e-07   1.2461991e-11  3.8782024e-07  2.9263793e+09
   2717000   37378.356      3.878327e-07   1.8025707e-11  3.8781468e-07  2.9263915e+09
   2718000   37378.981      3.878327e-07   1.1543115e-11  3.8782116e-07  2.9263912e+09
   2719000   37379.156      3.878327e-07   9.7285145e-12  3.8782297e-07  2.9263641e+09
   2720000   37378.636      3.878327e-07   1.5127505e-11  3.8781757e-07  2.9264191e+09
   2721000   37378.331      3.878327e-07   1.8291477e-11  3.8781441e-07  2.9264283e+09
   2722000   37379.003      3.878327e-07   1.1309837e-11  3.8782139e-07  2.9263726e+09
   2723000   37379.001      3.878327e-07   1.1333885e-11  3.8782137e-07  2.9263812e+09
   2724000   37378.65       3.878327e-07   1.4976883e-11  3.8781772e-07  2.9264323e+09
   2725000   37379.188      3.878327e-07   9.396778e-12   3.878233e-07   2.9263678e+09
   2726000   37378.744      3.878327e-07   1.400675e-11   3.8781869e-07  2.9264045e+09
   2727000   37379.128      3.878327e-07   1.0019866e-11  3.8782268e-07  2.9263613e+09
   2728000   37378.115      3.878327e-07   2.0530899e-11  3.8781217e-07  2.9264225e+09
   2729000   37379.28       3.878327e-07   8.4430349e-12  3.8782426e-07  2.9263579e+09
   2730000   37378.884      3.878327e-07   1.2555464e-11  3.8782015e-07  2.9263482e+09
   2731000   37378.795      3.878327e-07   1.3473586e-11  3.8781923e-07  2.9263795e+09
   2732000   37378.91       3.878327e-07   1.2275567e-11  3.8782042e-07  2.9263828e+09
   2733000   37378.47       3.878327e-07   1.684078e-11   3.8781586e-07  2.9264189e+09
   2734000   37378.281      3.878327e-07   1.8807218e-11  3.8781389e-07  2.9264318e+09
   2735000   37379.193      3.878327e-07   9.3413699e-12  3.8782336e-07  2.9263568e+09
   2736000   37378.925      3.878327e-07   1.2121993e-11  3.8782058e-07  2.9263782e+09
   2737000   37378.328      3.878327e-07   1.831698e-11   3.8781438e-07  2.9264375e+09
   2738000   37379.521      3.878327e-07   5.9418991e-12  3.8782676e-07  2.9263255e+09
   2739000   37378.929      3.878327e-07   1.2085833e-11  3.8782061e-07  2.9263805e+09
   2740000   37379.191      3.878327e-07   9.3693673e-12  3.8782333e-07  2.9263723e+09
   2741000   37379.455      3.878327e-07   6.6255001e-12  3.8782607e-07  2.9263287e+09
   2742000   37378.96       3.878327e-07   1.1755039e-11  3.8782094e-07  2.9263653e+09
   2743000   37379.366      3.878327e-07   7.5475917e-12  3.8782515e-07  2.9263457e+09
   2744000   37378.588      3.878327e-07   1.5624918e-11  3.8781707e-07  2.92642e+09  
   2745000   37379.183      3.878327e-07   9.4493376e-12  3.8782325e-07  2.9263525e+09
   2746000   37378.996      3.878327e-07   1.1387354e-11  3.8782131e-07  2.9263654e+09
   2747000   37379.426      3.878327e-07   6.928533e-12   3.8782577e-07  2.9263365e+09
   2748000   37378.869      3.878327e-07   1.2707294e-11  3.8781999e-07  2.9263963e+09
   2749000   37378.228      3.878327e-07   1.9357268e-11  3.8781334e-07  2.926453e+09 
   2750000   37378.492      3.878327e-07   1.6621304e-11  3.8781608e-07  2.9264163e+09
   2751000   37378.565      3.878327e-07   1.5854116e-11  3.8781684e-07  2.9264108e+09
   2752000   37378.989      3.878327e-07   1.1454969e-11  3.8782124e-07  2.9263737e+09
   2753000   37379.193      3.878327e-07   9.3457655e-12  3.8782335e-07  2.9263611e+09
   2754000   37378.717      3.878327e-07   1.4282018e-11  3.8781842e-07  2.926418e+09 
   2755000   37379.177      3.878327e-07   9.5053498e-12  3.8782319e-07  2.9263668e+09
   2756000   37378.991      3.8783269e-07  1.1433038e-11  3.8782126e-07  2.9263761e+09
   2757000   37379.482      3.878327e-07   6.347685e-12   3.8782635e-07  2.9263355e+09
   2758000   37379.439      3.878327e-07   6.7882042e-12  3.8782591e-07  2.9263334e+09
   2759000   37377.727      3.878327e-07   2.4553128e-11  3.8780815e-07  2.9264392e+09
   2760000   37378.846      3.878327e-07   1.2940535e-11  3.8781976e-07  2.9263826e+09
   2761000   37378.941      3.878327e-07   1.1958801e-11  3.8782074e-07  2.9263869e+09
   2762000   37379.243      3.878327e-07   8.8235048e-12  3.8782387e-07  2.9263567e+09
   2763000   37378.695      3.878327e-07   1.4511737e-11  3.8781819e-07  2.9263928e+09
   2764000   37379.175      3.878327e-07   9.5262617e-12  3.8782317e-07  2.9263664e+09
   2765000   37379.238      3.878327e-07   8.8751441e-12  3.8782382e-07  2.9263553e+09
   2766000   37379.538      3.878327e-07   5.7603499e-12  3.8782694e-07  2.9263233e+09
   2767000   37377.211      3.878327e-07   2.9907225e-11  3.8780279e-07  2.9265378e+09
   2768000   37377.853      3.878327e-07   2.3247047e-11  3.8780945e-07  2.9264921e+09
   2769000   37379.413      3.878327e-07   7.0603448e-12  3.8782564e-07  2.9263376e+09
   2770000   37378.453      3.878327e-07   1.7027643e-11  3.8781567e-07  2.9263874e+09
   2771000   37378.784      3.878327e-07   1.3585307e-11  3.8781911e-07  2.9263948e+09
   2772000   37377.442      3.878327e-07   2.7512236e-11  3.8780519e-07  2.9264822e+09
   2773000   37379.208      3.878327e-07   9.1935274e-12  3.8782351e-07  2.9263402e+09
   2774000   37378.719      3.878327e-07   1.4259246e-11  3.8781844e-07  2.92642e+09  
   2775000   37378.854      3.878327e-07   1.2862507e-11  3.8781984e-07  2.9263957e+09
   2776000   37378.817      3.878327e-07   1.3241732e-11  3.8781946e-07  2.926389e+09 
   2777000   37378.83       3.878327e-07   1.3106474e-11  3.8781959e-07  2.9263913e+09
   2778000   37378.587      3.878327e-07   1.5629377e-11  3.8781707e-07  2.926415e+09 
   2779000   37378.778      3.878327e-07   1.3647378e-11  3.8781905e-07  2.9263667e+09
   2780000   37379.038      3.878327e-07   1.0950237e-11  3.8782175e-07  2.9263597e+09
   2781000   37377.688      3.8783269e-07  2.4952894e-11  3.8780774e-07  2.9264158e+09
   2782000   37379.217      3.878327e-07   9.0995383e-12  3.878236e-07   2.9263605e+09
   2783000   37378.761      3.878327e-07   1.3824313e-11  3.8781887e-07  2.9264078e+09
   2784000   37378.541      3.878327e-07   1.6110516e-11  3.8781659e-07  2.9264183e+09
   2785000   37378.725      3.878327e-07   1.4203907e-11  3.878185e-07   2.9264121e+09
   2786000   37378.855      3.878327e-07   1.2850461e-11  3.8781985e-07  2.9263956e+09
   2787000   37379.101      3.878327e-07   1.0296833e-11  3.878224e-07   2.9263668e+09
   2788000   37378.814      3.878327e-07   1.3281249e-11  3.8781942e-07  2.926388e+09 
   2789000   37378.804      3.878327e-07   1.3377117e-11  3.8781932e-07  2.9263818e+09
   2790000   37378.814      3.878327e-07   1.3276544e-11  3.8781942e-07  2.9263933e+09
   2791000   37379.351      3.878327e-07   7.7047704e-12  3.8782499e-07  2.9263512e+09
   2792000   37379.067      3.8783271e-07  1.0659253e-11  3.8782205e-07  2.9263461e+09
   2793000   37379.005      3.878327e-07   1.1294756e-11  3.878214e-07   2.9263794e+09
   2794000   37378.931      3.8783269e-07  1.2052803e-11  3.8782064e-07  2.9264058e+09
   2795000   37378.013      3.878327e-07   2.1588612e-11  3.8781111e-07  2.9264259e+09
   2796000   37379.378      3.878327e-07   7.4205724e-12  3.8782528e-07  2.9263475e+09
   2797000   37378.044      3.878327e-07   2.1266673e-11  3.8781143e-07  2.9264124e+09
   2798000   37378.665      3.878327e-07   1.4824152e-11  3.8781787e-07  2.9264195e+09
   2799000   37379.026      3.878327e-07   1.1078342e-11  3.8782162e-07  2.9263723e+09
   2800000   37379.362      3.878327e-07   7.5912163e-12  3.8782511e-07  2.92635e+09  
   2801000   37378.631      3.878327e-07   1.5177261e-11  3.8781752e-07  2.9264223e+09
   2802000   37379.212      3.878327e-07   9.14911e-12    3.8782355e-07  2.9263541e+09
   2803000   37378.259      3.878327e-07   1.9037782e-11  3.8781366e-07  2.9264298e+09
   2804000   37379.165      3.878327e-07   9.6351188e-12  3.8782306e-07  2.9263822e+09
   2805000   37379.064      3.878327e-07   1.0677874e-11  3.8782202e-07  2.926373e+09 
   2806000   37378.82       3.878327e-07   1.3215929e-11  3.8781948e-07  2.9263994e+09
   2807000   37379.265      3.878327e-07   8.5910304e-12  3.8782411e-07  2.9263543e+09
   2808000   37378.832      3.878327e-07   1.3088978e-11  3.8781961e-07  2.9263929e+09
   2809000   37379.248      3.878327e-07   8.767848e-12   3.8782393e-07  2.9263593e+09
   2810000   37378.741      3.878327e-07   1.4033768e-11  3.8781867e-07  2.9264025e+09
   2811000   37378.679      3.878327e-07   1.4680115e-11  3.8781802e-07  2.9264068e+09
   2812000   37378.835      3.878327e-07   1.3061829e-11  3.8781964e-07  2.926381e+09 
   2813000   37378.796      3.878327e-07   1.3459124e-11  3.8781924e-07  2.926404e+09 
   2814000   37379.025      3.878327e-07   1.1085438e-11  3.8782161e-07  2.9263784e+09
   2815000   37378.935      3.878327e-07   1.201909e-11   3.8782068e-07  2.9263721e+09
   2816000   37379.282      3.878327e-07   8.4219427e-12  3.8782428e-07  2.9263485e+09
   2817000   37378.753      3.878327e-07   1.3909268e-11  3.8781879e-07  2.9263778e+09
   2818000   37377.707      3.878327e-07   2.4765447e-11  3.8780794e-07  2.9265111e+09
   2819000   37379.286      3.878327e-07   8.3755722e-12  3.8782432e-07  2.9263541e+09
   2820000   37379.128      3.878327e-07   1.0022175e-11  3.8782268e-07  2.9263712e+09
   2821000   37379.049      3.878327e-07   1.0839792e-11  3.8782186e-07  2.9263795e+09
   2822000   37379.291      3.878327e-07   8.325189e-12   3.8782437e-07  2.926347e+09 
   2823000   37379.645      3.878327e-07   4.6571777e-12  3.8782804e-07  2.9263066e+09
   2824000   37379.077      3.878327e-07   1.0544949e-11  3.8782216e-07  2.9263671e+09
   2825000   37379.101      3.878327e-07   1.0297398e-11  3.878224e-07   2.926362e+09 
   2826000   37378.782      3.878327e-07   1.3608852e-11  3.8781909e-07  2.9263996e+09
   2827000   37378.679      3.878327e-07   1.4669925e-11  3.8781803e-07  2.9263769e+09
   2828000   37378.913      3.878327e-07   1.2244709e-11  3.8782045e-07  2.9263874e+09
   2829000   37379.167      3.878327e-07   9.6084049e-12  3.8782309e-07  2.9263767e+09
   2830000   37378.564      3.878327e-07   1.5864482e-11  3.8781683e-07  2.926423e+09 
   2831000   37378.634      3.878327e-07   1.5149415e-11  3.8781755e-07  2.9264045e+09
   2832000   37379.345      3.878327e-07   7.7662067e-12  3.8782493e-07  2.9263395e+09
   2833000   37378.752      3.878327e-07   1.3919915e-11  3.8781878e-07  2.9264093e+09
   2834000   37378.953      3.878327e-07   1.1838069e-11  3.8782086e-07  2.9263793e+09
   2835000   37378.73       3.878327e-07   1.4147638e-11  3.8781855e-07  2.9264281e+09
   2836000   37378.736      3.878327e-07   1.4083537e-11  3.8781861e-07  2.9264242e+09
   2837000   37378.78       3.878327e-07   1.3624488e-11  3.8781907e-07  2.9263794e+09
   2838000   37379.255      3.878327e-07   8.6989995e-12  3.87824e-07    2.9263503e+09
   2839000   37379.349      3.878327e-07   7.725585e-12   3.8782497e-07  2.9263417e+09
   2840000   37378.487      3.878327e-07   1.6673174e-11  3.8781603e-07  2.9264272e+09
   2841000   37379.178      3.878327e-07   9.5018317e-12  3.878232e-07   2.9263552e+09
   2842000   37379.345      3.878327e-07   7.7659584e-12  3.8782493e-07  2.9263423e+09
   2843000   37378.866      3.878327e-07   1.2740297e-11  3.8781996e-07  2.9263844e+09
   2844000   37378.605      3.878327e-07   1.544575e-11   3.8781725e-07  2.9264104e+09
   2845000   37378.047      3.878327e-07   2.1237713e-11  3.8781146e-07  2.9264828e+09
   2846000   37378.731      3.878327e-07   1.4136117e-11  3.8781856e-07  2.9263869e+09
   2847000   37378.613      3.878327e-07   1.5359711e-11  3.8781734e-07  2.9263987e+09
   2848000   37378.865      3.878327e-07   1.2745687e-11  3.8781995e-07  2.9263716e+09
   2849000   37378.938      3.878327e-07   1.1990128e-11  3.8782071e-07  2.9263832e+09
   2850000   37378.457      3.878327e-07   1.6976793e-11  3.8781572e-07  2.9263924e+09
   2851000   37378.664      3.878327e-07   1.4827281e-11  3.8781787e-07  2.9264398e+09
   2852000   37379.056      3.878327e-07   1.0767983e-11  3.8782193e-07  2.926382e+09 
   2853000   37378.799      3.878327e-07   1.3436633e-11  3.8781926e-07  2.9263906e+09
   2854000   37379.279      3.878327e-07   8.4445526e-12  3.8782425e-07  2.9263568e+09
   2855000   37378.779      3.8783271e-07  1.3650351e-11  3.8781906e-07  2.9263573e+09
   2856000   37379.366      3.878327e-07   7.5460165e-12  3.8782515e-07  2.9263461e+09
   2857000   37379.535      3.878327e-07   5.8000165e-12  3.878269e-07   2.9263261e+09
   2858000   37378.606      3.8783268e-07  1.54143e-11    3.8781726e-07  2.9263988e+09
   2859000   37378.867      3.878327e-07   1.2726881e-11  3.8781997e-07  2.9263998e+09
   2860000   37379.419      3.878327e-07   7.0016354e-12  3.878257e-07   2.9263391e+09
   2861000   37378.254      3.878327e-07   1.9088515e-11  3.8781361e-07  2.9264196e+09
   2862000   37377.696      3.8783269e-07  2.4865843e-11  3.8780783e-07  2.9265339e+09
   2863000   37379.037      3.878327e-07   1.0961306e-11  3.8782174e-07  2.9263738e+09
   2864000   37379.199      3.878327e-07   9.2770374e-12  3.8782342e-07  2.9263583e+09
   2865000   37378.87       3.878327e-07   1.2694029e-11  3.8782e-07     2.9264186e+09
   2866000   37379.116      3.878327e-07   1.0137675e-11  3.8782256e-07  2.9263595e+09
   2867000   37377.274      3.878327e-07   2.9250089e-11  3.8780345e-07  2.9264749e+09
   2868000   37379.173      3.878327e-07   9.5489144e-12  3.8782315e-07  2.9263583e+09
   2869000   37379.103      3.878327e-07   1.0279425e-11  3.8782242e-07  2.9263738e+09
   2870000   37378.463      3.878327e-07   1.6918303e-11  3.8781578e-07  2.9264112e+09
   2871000   37378.729      3.878327e-07   1.416237e-11   3.8781854e-07  2.9263917e+09
   2872000   37377.961      3.878327e-07   2.2129024e-11  3.8781057e-07  2.9264285e+09
   2873000   37378.429      3.878327e-07   1.7275732e-11  3.8781543e-07  2.9264169e+09
   2874000   37378.979      3.878327e-07   1.1567888e-11  3.8782113e-07  2.9263789e+09
   2875000   37378.676      3.878327e-07   1.4708531e-11  3.8781799e-07  2.9264088e+09
   2876000   37378.646      3.878327e-07   1.5022383e-11  3.8781768e-07  2.9264057e+09
   2877000   37378.837      3.878327e-07   1.3042033e-11  3.8781966e-07  2.9263963e+09
   2878000   37378.65       3.878327e-07   1.4980405e-11  3.8781772e-07  2.9263871e+09
   2879000   37379.003      3.878327e-07   1.1317804e-11  3.8782138e-07  2.9263806e+09
   2880000   37378.713      3.878327e-07   1.4319438e-11  3.8781838e-07  2.9264012e+09
   2881000   37379.364      3.878327e-07   7.5679045e-12  3.8782513e-07  2.9263429e+09
   2882000   37379.014      3.878327e-07   1.1201877e-11  3.878215e-07   2.9263998e+09
   2883000   37378.842      3.878327e-07   1.2988094e-11  3.8781971e-07  2.9263744e+09
   2884000   37378.461      3.878327e-07   1.693862e-11   3.8781576e-07  2.9264103e+09
   2885000   37378.572      3.878327e-07   1.5782918e-11  3.8781692e-07  2.9264146e+09
   2886000   37378.047      3.878327e-07   2.1235598e-11  3.8781146e-07  2.9264598e+09
   2887000   37378.3        3.8783271e-07  1.8616191e-11  3.8781409e-07  2.926415e+09 
   2888000   37377.221      3.8783269e-07  2.9792899e-11  3.878029e-07   2.9264845e+09
   2889000   37379.326      3.878327e-07   7.9646655e-12  3.8782474e-07  2.9263548e+09
   2890000   37378.99       3.878327e-07   1.145032e-11   3.8782125e-07  2.9263943e+09
   2891000   37379.496      3.878327e-07   6.198756e-12   3.878265e-07   2.926323e+09 
   2892000   37378.846      3.878327e-07   1.2939672e-11  3.8781976e-07  2.9264029e+09
   2893000   37377.983      3.878327e-07   2.1906322e-11  3.878108e-07   2.9264432e+09
   2894000   37379.181      3.878327e-07   9.4725264e-12  3.8782323e-07  2.9263804e+09
   2895000   37378.756      3.878327e-07   1.3874879e-11  3.8781882e-07  2.9264119e+09
   2896000   37378.91       3.878327e-07   1.2276121e-11  3.8782042e-07  2.9263861e+09
   2897000   37378.285      3.878327e-07   1.8764232e-11  3.8781393e-07  2.9264186e+09
   2898000   37379.104      3.878327e-07   1.0266003e-11  3.8782243e-07  2.926372e+09 
   2899000   37378.293      3.878327e-07   1.8679066e-11  3.8781402e-07  2.9264123e+09
   2900000   37376.972      3.8783271e-07  3.2392127e-11  3.8780031e-07  2.9264862e+09
   2901000   37378.615      3.878327e-07   1.5339217e-11  3.8781736e-07  2.926402e+09 
   2902000   37379.201      3.878327e-07   9.2649332e-12  3.8782343e-07  2.9263583e+09
   2903000   37378.626      3.878327e-07   1.5225069e-11  3.8781748e-07  2.9263875e+09
   2904000   37378.655      3.878327e-07   1.4917969e-11  3.8781778e-07  2.9263985e+09
   2905000   37379.418      3.878327e-07   7.0098022e-12  3.8782569e-07  2.9263298e+09
   2906000   37379.06       3.878327e-07   1.071895e-11   3.8782198e-07  2.9263845e+09
   2907000   37379.277      3.878327e-07   8.4714343e-12  3.8782423e-07  2.9263468e+09
   2908000   37378.85       3.878327e-07   1.2904217e-11  3.8781979e-07  2.926401e+09 
   2909000   37379.511      3.878327e-07   6.0389963e-12  3.8782666e-07  2.9263249e+09
   2910000   37379.347      3.878327e-07   7.7414068e-12  3.8782496e-07  2.9263345e+09
   2911000   37379.147      3.878327e-07   9.8198931e-12  3.8782288e-07  2.9263726e+09
   2912000   37378.6        3.878327e-07   1.5498519e-11  3.878172e-07   2.9264029e+09
   2913000   37379.259      3.878327e-07   8.6628219e-12  3.8782404e-07  2.9263569e+09
   2914000   37374.386      3.8783272e-07  5.9245106e-11  3.8777348e-07  2.9267299e+09
   2915000   37378.648      3.878327e-07   1.5001794e-11  3.878177e-07   2.9264066e+09
   2916000   37379.56       3.878327e-07   5.5391852e-12  3.8782716e-07  2.9263196e+09
   2917000   37378.653      3.878327e-07   1.4940452e-11  3.8781776e-07  2.9264181e+09
   2918000   37379.097      3.878327e-07   1.0337558e-11  3.8782236e-07  2.9263679e+09
   2919000   37379.327      3.878327e-07   7.9485425e-12  3.8782475e-07  2.9263388e+09
   2920000   37378.596      3.8783269e-07  1.5526716e-11  3.8781717e-07  2.9263922e+09
   2921000   37379.097      3.878327e-07   1.0337615e-11  3.8782236e-07  2.9263611e+09
   2922000   37379.034      3.878327e-07   1.0992384e-11  3.8782171e-07  2.9263662e+09
   2923000   37379.263      3.8783269e-07  8.6127504e-12  3.8782408e-07  2.9263556e+09
   2924000   37378.57       3.878327e-07   1.5804496e-11  3.8781689e-07  2.9264107e+09
   2925000   37378.548      3.878327e-07   1.6038602e-11  3.8781666e-07  2.9264029e+09
   2926000   37379.135      3.878327e-07   9.9417526e-12  3.8782276e-07  2.9263717e+09
   2927000   37379.022      3.878327e-07   1.1118817e-11  3.8782158e-07  2.9263657e+09
   2928000   37378.969      3.878327e-07   1.1668694e-11  3.8782103e-07  2.9263783e+09
   2929000   37378.432      3.878327e-07   1.7242574e-11  3.8781546e-07  2.9264217e+09
   2930000   37378.777      3.878327e-07   1.3656985e-11  3.8781904e-07  2.926408e+09 
   2931000   37378.542      3.878327e-07   1.6098405e-11  3.878166e-07   2.9264079e+09
   2932000   37379.174      3.878327e-07   9.535676e-12   3.8782316e-07  2.9263571e+09
   2933000   37378.996      3.878327e-07   1.1383539e-11  3.8782132e-07  2.926373e+09 
   2934000   37379.219      3.878327e-07   9.0674534e-12  3.8782363e-07  2.9263738e+09
   2935000   37376.211      3.8783276e-07  4.0346311e-11  3.8779241e-07  2.9263809e+09
   2936000   37377.931      3.878327e-07   2.243581e-11   3.8781026e-07  2.9264435e+09
   2937000   37378.445      3.878327e-07   1.7099745e-11  3.878156e-07   2.9264197e+09
   2938000   37378.739      3.878327e-07   1.4054021e-11  3.8781865e-07  2.9264049e+09
   2939000   37379.288      3.878327e-07   8.3586936e-12  3.8782434e-07  2.9263463e+09
   2940000   37379.336      3.878327e-07   7.8549679e-12  3.8782484e-07  2.926343e+09 
   2941000   37378.379      3.878327e-07   1.7788068e-11  3.8781491e-07  2.926447e+09 
   2942000   37379.08       3.878327e-07   1.0513314e-11  3.8782219e-07  2.9263507e+09
   2943000   37378.164      3.878327e-07   2.0019865e-11  3.8781268e-07  2.9264202e+09
   2944000   37378.798      3.8783269e-07  1.3437195e-11  3.8781926e-07  2.9263906e+09
   2945000   37377.578      3.878327e-07   2.6103146e-11  3.878066e-07   2.9265149e+09
   2946000   37378.672      3.878327e-07   1.4749905e-11  3.8781795e-07  2.9263952e+09
   2947000   37379.343      3.878327e-07   7.7898884e-12  3.8782491e-07  2.9263462e+09
   2948000   37378.674      3.8783269e-07  1.4719044e-11  3.8781797e-07  2.9263971e+09
   2949000   37379.192      3.878327e-07   9.3530466e-12  3.8782335e-07  2.926356e+09 
   2950000   37378.883      3.878327e-07   1.2558974e-11  3.8782014e-07  2.9263922e+09
   2951000   37378.629      3.878327e-07   1.5194626e-11  3.878175e-07   2.9264098e+09
   2952000   37378.93       3.878327e-07   1.2068849e-11  3.8782063e-07  2.9263853e+09
   2953000   37378.978      3.878327e-07   1.1569364e-11  3.8782113e-07  2.9263716e+09
   2954000   37379.464      3.878327e-07   6.526283e-12   3.8782617e-07  2.9263336e+09
   2955000   37379.427      3.878327e-07   6.9166443e-12  3.8782578e-07  2.9263327e+09
   2956000   37378.81       3.878327e-07   1.3318397e-11  3.8781938e-07  2.9263939e+09
   2957000   37378.933      3.878327e-07   1.2044026e-11  3.8782066e-07  2.9263828e+09
   2958000   37378.264      3.878327e-07   1.8982715e-11  3.8781372e-07  2.9264343e+09
   2959000   37379.324      3.878327e-07   7.9891425e-12  3.8782471e-07  2.9263333e+09
   2960000   37378.994      3.878327e-07   1.1412632e-11  3.8782129e-07  2.9263854e+09
   2961000   37379.264      3.878327e-07   8.6097136e-12  3.8782409e-07  2.9263563e+09
   2962000   37379.462      3.878327e-07   6.549974e-12   3.8782615e-07  2.9263304e+09
   2963000   37378.991      3.878327e-07   1.1437852e-11  3.8782126e-07  2.9263739e+09
   2964000   37377.807      3.878327e-07   2.3724744e-11  3.8780898e-07  2.9264674e+09
   2965000   37379.36       3.878327e-07   7.6058982e-12  3.8782509e-07  2.92634e+09  
   2966000   37379.094      3.878327e-07   1.0373795e-11  3.8782233e-07  2.926388e+09 
   2967000   37378.349      3.878327e-07   1.8097385e-11  3.878146e-07   2.9264145e+09
   2968000   37379.188      3.878327e-07   9.390128e-12   3.8782331e-07  2.926358e+09 
   2969000   37378.492      3.878327e-07   1.6616182e-11  3.8781608e-07  2.9264356e+09
   2970000   37379.108      3.878327e-07   1.0223305e-11  3.8782248e-07  2.9263672e+09
   2971000   37379.568      3.878327e-07   5.4492688e-12  3.8782725e-07  2.92632e+09  
   2972000   37378.761      3.878327e-07   1.3822235e-11  3.8781888e-07  2.9263995e+09
   2973000   37378.604      3.878327e-07   1.5461391e-11  3.8781724e-07  2.9263651e+09
   2974000   37379.443      3.878327e-07   6.7517709e-12  3.8782595e-07  2.926334e+09 
   2975000   37378.805      3.878327e-07   1.3369515e-11  3.8781933e-07  2.9264098e+09
   2976000   37379.331      3.878327e-07   7.9074154e-12  3.8782479e-07  2.9263412e+09
   2977000   37379.326      3.878327e-07   7.9645957e-12  3.8782474e-07  2.9263392e+09
   2978000   37378.889      3.878327e-07   1.2501015e-11  3.878202e-07   2.9263817e+09
   2979000   37378.1        3.878327e-07   2.0684575e-11  3.8781201e-07  2.9264691e+09
   2980000   37378.809      3.878327e-07   1.3321687e-11  3.8781938e-07  2.9263779e+09
   2981000   37378.549      3.878327e-07   1.6026202e-11  3.8781667e-07  2.9264172e+09
   2982000   37379.227      3.878327e-07   8.9942662e-12  3.8782371e-07  2.926357e+09 
   2983000   37379.398      3.878327e-07   7.215083e-12   3.8782548e-07  2.9263382e+09
   2984000   37379.274      3.878327e-07   8.4976651e-12  3.878242e-07   2.9263588e+09
   2985000   37378.579      3.878327e-07   1.5710789e-11  3.8781699e-07  2.9264441e+09
   2986000   37379.318      3.878327e-07   8.0464644e-12  3.8782465e-07  2.9263361e+09
   2987000   37379.403      3.878327e-07   7.1695528e-12  3.8782553e-07  2.9263381e+09
   2988000   37378.402      3.8783269e-07  1.7541743e-11  3.8781515e-07  2.926386e+09 
   2989000   37379.005      3.878327e-07   1.1291564e-11  3.8782141e-07  2.9263712e+09
   2990000   37379.536      3.878327e-07   5.7805953e-12  3.8782692e-07  2.9263251e+09
   2991000   37379.441      3.878327e-07   6.770647e-12   3.8782593e-07  2.9263316e+09
   2992000   37379.268      3.878327e-07   8.5678545e-12  3.8782413e-07  2.9263421e+09
   2993000   37378.982      3.878327e-07   1.1528762e-11  3.8782117e-07  2.9263738e+09
   2994000   37377.85       3.8783269e-07  2.3275312e-11  3.8780942e-07  2.9265056e+09
   2995000   37378.97       3.878327e-07   1.1660999e-11  3.8782104e-07  2.9263566e+09
   2996000   37379.05       3.878327e-07   1.0830952e-11  3.8782187e-07  2.9263625e+09
   2997000   37379.585      3.878327e-07   5.2796632e-12  3.8782742e-07  2.9263145e+09
   2998000   37379.249      3.878327e-07   8.7590216e-12  3.8782394e-07  2.9263573e+09
   2999000   37379.144      3.878327e-07   9.8486833e-12  3.8782285e-07  2.9263723e+09
   3000000   37378.705      3.878327e-07   1.4403561e-11  3.8781829e-07  2.9264214e+09
   3001000   37379.226      3.878327e-07   9.0041392e-12  3.878237e-07   2.9263635e+09
   3002000   37378.58       3.878327e-07   1.5706727e-11  3.8781699e-07  2.9263816e+09
   3003000   37378.903      3.878327e-07   1.2354363e-11  3.8782035e-07  2.9263834e+09
   3004000   37379.187      3.878327e-07   9.4075997e-12  3.8782329e-07  2.9263686e+09
   3005000   37378.901      3.878327e-07   1.2375424e-11  3.8782032e-07  2.9263955e+09
   3006000   37379.207      3.878327e-07   9.1983612e-12  3.878235e-07   2.9263572e+09
   3007000   37379.06       3.878327e-07   1.072606e-11   3.8782197e-07  2.9263546e+09
   3008000   37379.36       3.878327e-07   7.6088644e-12  3.8782509e-07  2.9263408e+09
   3009000   37378.727      3.878327e-07   1.417822e-11   3.8781852e-07  2.9263903e+09
   3010000   37379.062      3.878327e-07   1.0698478e-11  3.87822e-07    2.9263725e+09
   3011000   37379.453      3.878327e-07   6.6466943e-12  3.8782605e-07  2.9263246e+09
   3012000   37379.162      3.878327e-07   9.6678819e-12  3.8782303e-07  2.9263651e+09
   3013000   37378.904      3.878327e-07   1.234053e-11   3.8782036e-07  2.9263933e+09
   3014000   37378.888      3.878327e-07   1.250239e-11   3.878202e-07   2.9263938e+09
   3015000   37378.765      3.878327e-07   1.3786781e-11  3.8781891e-07  2.9263656e+09
   3016000   37378.302      3.878327e-07   1.858571e-11   3.8781411e-07  2.9264377e+09
   3017000   37378.333      3.878327e-07   1.8261972e-11  3.8781444e-07  2.9264503e+09
   3018000   37379.373      3.878327e-07   7.4782836e-12  3.8782522e-07  2.9263376e+09
   3019000   37379.497      3.878327e-07   6.1898031e-12  3.8782651e-07  2.9263224e+09
   3020000   37379.35       3.878327e-07   7.7165199e-12  3.8782498e-07  2.9263448e+09
   3021000   37378.214      3.878327e-07   1.9499084e-11  3.878132e-07   2.9264412e+09
   3022000   37377.686      3.878327e-07   2.4981183e-11  3.8780772e-07  2.926458e+09 
   3023000   37378.696      3.878327e-07   1.4503147e-11  3.878182e-07   2.9264062e+09
   3024000   37378.613      3.878327e-07   1.536433e-11   3.8781733e-07  2.926421e+09 
   3025000   37378.488      3.878327e-07   1.6652924e-11  3.8781604e-07  2.9264152e+09
   3026000   37378.346      3.878327e-07   1.8130532e-11  3.8781457e-07  2.9264144e+09
   3027000   37379.03       3.878327e-07   1.1036418e-11  3.8782166e-07  2.9263621e+09
   3028000   37378.386      3.878327e-07   1.7716446e-11  3.8781498e-07  2.9264196e+09
   3029000   37379.454      3.878327e-07   6.6331862e-12  3.8782607e-07  2.9263202e+09
   3030000   37378.427      3.878327e-07   1.7288061e-11  3.8781541e-07  2.9264401e+09
   3031000   37377.897      3.878327e-07   2.2787306e-11  3.8780991e-07  2.9264573e+09
   3032000   37379.219      3.878327e-07   9.0760698e-12  3.8782362e-07  2.9263519e+09
   3033000   37378.668      3.878327e-07   1.4794148e-11  3.8781791e-07  2.9264224e+09
   3034000   37378.828      3.878327e-07   1.3127712e-11  3.8781957e-07  2.926411e+09 
   3035000   37379.481      3.878327e-07   6.3599728e-12  3.8782634e-07  2.926328e+09 
   3036000   37379.058      3.878327e-07   1.0739939e-11  3.8782196e-07  2.9263726e+09
   3037000   37379.087      3.878327e-07   1.0438952e-11  3.8782226e-07  2.9263643e+09
   3038000   37378.676      3.878327e-07   1.4710597e-11  3.8781799e-07  2.926392e+09 
   3039000   37378.345      3.878327e-07   1.8142651e-11  3.8781456e-07  2.926425e+09 
   3040000   37378.778      3.878327e-07   1.3653863e-11  3.8781905e-07  2.9263924e+09
   3041000   37378.556      3.878327e-07   1.595196e-11   3.8781675e-07  2.9264298e+09
   3042000   37378.867      3.878327e-07   1.2724616e-11  3.8781997e-07  2.9263826e+09
   3043000   37378.591      3.878327e-07   1.5593985e-11  3.8781711e-07  2.9264126e+09
   3044000   37377.631      3.878327e-07   2.5541315e-11  3.8780715e-07  2.9264346e+09
   3045000   37378.37       3.878327e-07   1.7882154e-11  3.8781482e-07  2.9264516e+09
   3046000   37378.908      3.878327e-07   1.2302529e-11  3.878204e-07   2.926371e+09 
   3047000   37379.271      3.878327e-07   8.5311661e-12  3.8782417e-07  2.9263466e+09
   3048000   37378.887      3.878327e-07   1.2516851e-11  3.8782018e-07  2.926369e+09 
   3049000   37379.509      3.878327e-07   6.0603142e-12  3.8782664e-07  2.9263197e+09
   3050000   37378.964      3.878327e-07   1.1724698e-11  3.8782098e-07  2.9263836e+09
   3051000   37378.418      3.878327e-07   1.7382334e-11  3.8781531e-07  2.9264191e+09
   3052000   37378.592      3.878327e-07   1.5577259e-11  3.8781712e-07  2.9264186e+09
   3053000   37377.12       3.8783271e-07  3.0852955e-11  3.8780185e-07  2.9264915e+09
   3054000   37379.245      3.878327e-07   8.8007289e-12  3.8782389e-07  2.9263492e+09
   3055000   37379.215      3.878327e-07   9.1204767e-12  3.8782358e-07  2.9263487e+09
   3056000   37379.345      3.878327e-07   7.7661516e-12  3.8782493e-07  2.9263517e+09
   3057000   37378.455      3.878327e-07   1.7001135e-11  3.878157e-07   2.9264254e+09
   3058000   37379.329      3.878327e-07   7.9369494e-12  3.8782476e-07  2.9263485e+09
   3059000   37379.198      3.878327e-07   9.2899249e-12  3.8782341e-07  2.9263593e+09
   3060000   37378.158      3.878327e-07   2.0086856e-11  3.8781261e-07  2.9264374e+09
   3061000   37379.042      3.878327e-07   1.0905996e-11  3.8782179e-07  2.9263773e+09
   3062000   37378.73       3.878327e-07   1.4142042e-11  3.8781856e-07  2.9264124e+09
   3063000   37378.887      3.878327e-07   1.2521399e-11  3.8782018e-07  2.9263771e+09
   3064000   37378.455      3.878327e-07   1.7004265e-11  3.878157e-07   2.9264314e+09
   3065000   37376.823      3.8783268e-07  3.3907265e-11  3.8779877e-07  2.9264335e+09
   3066000   37378.958      3.878327e-07   1.1781518e-11  3.8782092e-07  2.9263857e+09
   3067000   37379.642      3.878327e-07   4.6849572e-12  3.8782801e-07  2.9263107e+09
   3068000   37378.803      3.878327e-07   1.3387041e-11  3.8781931e-07  2.9263786e+09
   3069000   37379.03       3.878327e-07   1.1033314e-11  3.8782167e-07  2.926377e+09 
   3070000   37379.37       3.878327e-07   7.5042813e-12  3.8782519e-07  2.9263487e+09
   3071000   37378.915      3.878327e-07   1.2226327e-11  3.8782047e-07  2.9263824e+09
   3072000   37378.655      3.878327e-07   1.4926382e-11  3.8781777e-07  2.9263984e+09
   3073000   37378.54       3.878327e-07   1.6120647e-11  3.8781658e-07  2.92642e+09  
   3074000   37377.97       3.878327e-07   2.2037628e-11  3.8781067e-07  2.9264625e+09
   3075000   37379.48       3.878327e-07   6.3644496e-12  3.8782633e-07  2.9263255e+09
   3076000   37378.392      3.8783267e-07  1.762516e-11   3.8781504e-07  2.9264157e+09
   3077000   37379.477      3.878327e-07   6.3965921e-12  3.878263e-07   2.9263298e+09
   3078000   37378.935      3.878327e-07   1.2019437e-11  3.8782068e-07  2.926378e+09 
   3079000   37379.135      3.878327e-07   9.9439596e-12  3.8782275e-07  2.926371e+09 
   3080000   37379.362      3.878327e-07   7.5860602e-12  3.8782511e-07  2.926338e+09 
   3081000   37379.104      3.878327e-07   1.0263499e-11  3.8782244e-07  2.9263598e+09
   3082000   37378.76       3.878327e-07   1.3831888e-11  3.8781887e-07  2.92642e+09  
   3083000   37377.611      3.8783271e-07  2.5767881e-11  3.8780694e-07  2.9264448e+09
   3084000   37378.674      3.878327e-07   1.4727721e-11  3.8781797e-07  2.9263923e+09
   3085000   37378.288      3.878327e-07   1.8730931e-11  3.8781397e-07  2.926421e+09 
   3086000   37379.247      3.878327e-07   8.7839109e-12  3.8782391e-07  2.9263648e+09
   3087000   37379.101      3.878327e-07   1.0291752e-11  3.8782241e-07  2.9263717e+09
   3088000   37379.338      3.878327e-07   7.8355497e-12  3.8782486e-07  2.9263514e+09
   3089000   37378.97       3.878327e-07   1.1656378e-11  3.8782104e-07  2.9263858e+09
   3090000   37379.354      3.878327e-07   7.6753548e-12  3.8782502e-07  2.9263549e+09
   3091000   37379.22       3.878327e-07   9.061068e-12   3.8782364e-07  2.9263563e+09
   3092000   37378.502      3.878327e-07   1.6514477e-11  3.8781619e-07  2.9263922e+09
   3093000   37379.278      3.878327e-07   8.4581135e-12  3.8782424e-07  2.926357e+09 
   3094000   37379.071      3.878327e-07   1.0608232e-11  3.8782209e-07  2.9263685e+09
   3095000   37378.754      3.878327e-07   1.389664e-11   3.878188e-07   2.9264006e+09
   3096000   37379.194      3.878327e-07   9.3279207e-12  3.8782337e-07  2.9263569e+09
   3097000   37378.241      3.878327e-07   1.9223322e-11  3.8781348e-07  2.926478e+09 
   3098000   37379.09       3.878327e-07   1.0405896e-11  3.8782229e-07  2.9263839e+09
   3099000   37375.218      3.8783278e-07  5.0660254e-11  3.8778212e-07  2.9264318e+09
   3100000   37379.016      3.878327e-07   1.1180183e-11  3.8782152e-07  2.9263899e+09
   3101000   37379.144      3.878327e-07   9.8569171e-12  3.8782284e-07  2.9263785e+09
   3102000   37378.627      3.878327e-07   1.5215234e-11  3.8781748e-07  2.926414e+09 
   3103000   37378.055      3.878327e-07   2.1151231e-11  3.8781155e-07  2.9264078e+09
   3104000   37379.48       3.878327e-07   6.3663753e-12  3.8782633e-07  2.9263245e+09
   3105000   37378.476      3.878327e-07   1.6786828e-11  3.8781591e-07  2.9264038e+09
   3106000   37379.161      3.878327e-07   9.6766658e-12  3.8782302e-07  2.9263597e+09
   3107000   37378.429      3.878327e-07   1.7273034e-11  3.8781543e-07  2.9264049e+09
   3108000   37378.782      3.878327e-07   1.3604342e-11  3.8781909e-07  2.9263974e+09
   3109000   37378.693      3.878327e-07   1.4527297e-11  3.8781817e-07  2.9263816e+09
   3110000   37379.357      3.878327e-07   7.6388764e-12  3.8782506e-07  2.9263373e+09
   3111000   37379.328      3.878327e-07   7.9408898e-12  3.8782476e-07  2.9263291e+09
   3112000   37378.925      3.878327e-07   1.2123026e-11  3.8782057e-07  2.926382e+09 
   3113000   37378.777      3.878327e-07   1.3661964e-11  3.8781904e-07  2.9264036e+09
   3114000   37378.515      3.878327e-07   1.6375276e-11  3.8781633e-07  2.9263807e+09
   3115000   37379.063      3.878327e-07   1.0688336e-11  3.8782201e-07  2.9263764e+09
   3116000   37378.467      3.878327e-07   1.6880134e-11  3.8781582e-07  2.9264168e+09
   3117000   37378.991      3.878327e-07   1.1442127e-11  3.8782126e-07  2.9263832e+09
   3118000   37379.298      3.878327e-07   8.249927e-12   3.8782445e-07  2.9263429e+09
   3119000   37379.079      3.878327e-07   1.0529393e-11  3.8782217e-07  2.9263785e+09
   3120000   37378.61       3.878327e-07   1.5396953e-11  3.8781731e-07  2.9263585e+09
   3121000   37378.489      3.878327e-07   1.6645846e-11  3.8781605e-07  2.926426e+09 
   3122000   37378.264      3.878327e-07   1.8986837e-11  3.8781371e-07  2.9264159e+09
   3123000   37378.509      3.8783269e-07  1.6422656e-11  3.8781626e-07  2.9263879e+09
   3124000   37379.14       3.878327e-07   9.8978358e-12  3.878228e-07   2.926369e+09 
   3125000   37379.065      3.878327e-07   1.0669232e-11  3.8782203e-07  2.9263745e+09
   3126000   37379.343      3.878327e-07   7.7829878e-12  3.8782492e-07  2.9263364e+09
   3127000   37378.444      3.878327e-07   1.7114889e-11  3.8781558e-07  2.9264202e+09
   3128000   37378.975      3.878327e-07   1.1605777e-11  3.8782109e-07  2.9263825e+09
   3129000   37378.434      3.878327e-07   1.7222308e-11  3.8781548e-07  2.9263907e+09
   3130000   37379.004      3.878327e-07   1.1305182e-11  3.8782139e-07  2.9263872e+09
   3131000   37378.833      3.878327e-07   1.307835e-11   3.8781962e-07  2.9263724e+09
   3132000   37379.323      3.878327e-07   7.9954296e-12  3.878247e-07   2.9263535e+09
   3133000   37378.198      3.878327e-07   1.9663619e-11  3.8781304e-07  2.9264454e+09
   3134000   37378.948      3.878327e-07   1.1884763e-11  3.8782081e-07  2.926395e+09 
   3135000   37379.115      3.8783269e-07  1.0149636e-11  3.8782255e-07  2.9263643e+09
   3136000   37377.54       3.878327e-07   2.6493005e-11  3.8780621e-07  2.9264794e+09
   3137000   37377.932      3.878327e-07   2.2422794e-11  3.8781027e-07  2.9264807e+09
   3138000   37379.188      3.878327e-07   9.396958e-12   3.878233e-07   2.9263547e+09
   3139000   37377.953      3.878327e-07   2.2210682e-11  3.8781049e-07  2.9264582e+09
   3140000   37379.176      3.878327e-07   9.520101e-12   3.8782318e-07  2.9263605e+09
   3141000   37377.914      3.878327e-07   2.261803e-11   3.8781008e-07  2.9264671e+09
   3142000   37378.2        3.878327e-07   1.9649102e-11  3.8781305e-07  2.9264304e+09
   3143000   37379.484      3.878327e-07   6.3286016e-12  3.8782637e-07  2.9263282e+09
   3144000   37378.558      3.878327e-07   1.5930152e-11  3.8781677e-07  2.9264374e+09
   3145000   37379.131      3.878327e-07   9.9892497e-12  3.8782271e-07  2.9263656e+09
   3146000   37378.028      3.878327e-07   2.1425569e-11  3.8781127e-07  2.9264468e+09
   3147000   37378.91       3.878327e-07   1.2281001e-11  3.8782042e-07  2.9263909e+09
   3148000   37378.87       3.878327e-07   1.2694077e-11  3.8782e-07     2.9264009e+09
   3149000   37377.946      3.8783269e-07  2.227247e-11   3.8781042e-07  2.9264402e+09
   3150000   37378.764      3.878327e-07   1.3798434e-11  3.878189e-07   2.9264041e+09
   3151000   37379.329      3.878327e-07   7.935927e-12   3.8782476e-07  2.926339e+09 
   3152000   37378.705      3.878327e-07   1.4409032e-11  3.8781829e-07  2.926409e+09 
   3153000   37378.047      3.878327e-07   2.1230794e-11  3.8781147e-07  2.9264478e+09
   3154000   37378.475      3.878327e-07   1.6790168e-11  3.8781591e-07  2.9264383e+09
   3155000   37378.412      3.878327e-07   1.7444156e-11  3.8781526e-07  2.9264293e+09
   3156000   37379.042      3.878327e-07   1.0909885e-11  3.8782179e-07  2.926367e+09 
   3157000   37379.011      3.878327e-07   1.1225397e-11  3.8782147e-07  2.9263799e+09
   3158000   37379.194      3.878327e-07   9.3309812e-12  3.8782337e-07  2.9263624e+09
   3159000   37378.224      3.878327e-07   1.9400475e-11  3.878133e-07   2.9264517e+09
   3160000   37378.329      3.8783269e-07  1.830761e-11   3.8781439e-07  2.9264585e+09
   3161000   37379.142      3.878327e-07   9.8707888e-12  3.8782283e-07  2.926365e+09 
   3162000   37377.7        3.878327e-07   2.4831469e-11  3.8780787e-07  2.9264675e+09
   3163000   37378.959      3.878327e-07   1.1774083e-11  3.8782093e-07  2.9263792e+09
   3164000   37378.552      3.878327e-07   1.5993184e-11  3.8781671e-07  2.9264323e+09
   3165000   37378.682      3.878327e-07   1.464738e-11   3.8781805e-07  2.9264144e+09
   3166000   37379.108      3.878327e-07   1.0223265e-11  3.8782248e-07  2.926361e+09 
   3167000   37378.818      3.878327e-07   1.3237628e-11  3.8781946e-07  2.9263987e+09
   3168000   37378.415      3.878327e-07   1.7419713e-11  3.8781528e-07  2.9264189e+09
   3169000   37379.148      3.878327e-07   9.814506e-12   3.8782289e-07  2.9263667e+09
   3170000   37378.36       3.878327e-07   1.7989108e-11  3.8781471e-07  2.9264647e+09
   3171000   37378.422      3.878327e-07   1.7344752e-11  3.8781536e-07  2.926396e+09 
   3172000   37378.947      3.878327e-07   1.1898157e-11  3.878208e-07   2.9263882e+09
   3173000   37379.237      3.878327e-07   8.8825993e-12  3.8782382e-07  2.9263483e+09
   3174000   37378.936      3.878327e-07   1.2006419e-11  3.8782069e-07  2.9263902e+09
   3175000   37378.722      3.878327e-07   1.4231042e-11  3.8781847e-07  2.9264253e+09
   3176000   37378.547      3.878327e-07   1.6045611e-11  3.8781666e-07  2.9264073e+09
   3177000   37379.63       3.878327e-07   4.8042832e-12  3.878279e-07   2.9263106e+09
   3178000   37379.198      3.878327e-07   9.2875923e-12  3.8782341e-07  2.9263568e+09
   3179000   37377.504      3.878327e-07   2.6872196e-11  3.8780583e-07  2.9264583e+09
   3180000   37379.062      3.878327e-07   1.0703462e-11  3.87822e-07    2.9263609e+09
   3181000   37379.012      3.878327e-07   1.1218295e-11  3.8782148e-07  2.9263763e+09
   3182000   37377.192      3.878327e-07   3.0107582e-11  3.878026e-07   2.9264483e+09
   3183000   37378.868      3.878327e-07   1.2717849e-11  3.8781998e-07  2.9263696e+09
   3184000   37379.245      3.878327e-07   8.8059697e-12  3.8782389e-07  2.9263701e+09
   3185000   37378.85       3.878327e-07   1.2904899e-11  3.8781979e-07  2.9263758e+09
   3186000   37378.637      3.878327e-07   1.511432e-11   3.8781758e-07  2.9264022e+09
   3187000   37379.235      3.878327e-07   8.9089187e-12  3.8782379e-07  2.9263664e+09
   3188000   37378.963      3.878327e-07   1.1730158e-11  3.8782097e-07  2.9263763e+09
   3189000   37379.64       3.878327e-07   4.7069537e-12  3.8782799e-07  2.926306e+09 
   3190000   37378.991      3.878327e-07   1.144495e-11   3.8782126e-07  2.9263734e+09
   3191000   37379.019      3.878327e-07   1.1152935e-11  3.8782155e-07  2.9263765e+09
   3192000   37378.969      3.878327e-07   1.1669948e-11  3.8782103e-07  2.926383e+09 
   3193000   37378.765      3.878327e-07   1.3783089e-11  3.8781892e-07  2.9263868e+09
   3194000   37379.001      3.878327e-07   1.1334469e-11  3.8782137e-07  2.9263528e+09
   3195000   37379.179      3.878327e-07   9.4841533e-12  3.8782321e-07  2.9263542e+09
   3196000   37378.976      3.878327e-07   1.1595355e-11  3.878211e-07   2.926386e+09 
   3197000   37378.8        3.878327e-07   1.3424173e-11  3.8781928e-07  2.9263736e+09
   3198000   37378.195      3.878327e-07   1.9703355e-11  3.87813e-07    2.9264044e+09
   3199000   37379.467      3.878327e-07   6.4972115e-12  3.878262e-07   2.9263322e+09
   3200000   37378.59       3.8783269e-07  1.5593718e-11  3.878171e-07   2.9264149e+09
   3201000   37379.407      3.878327e-07   7.1267721e-12  3.8782557e-07  2.9263263e+09
   3202000   37378.928      3.878327e-07   1.2089892e-11  3.8782061e-07  2.9263786e+09
   3203000   37378.708      3.878327e-07   1.4379839e-11  3.8781832e-07  2.9263962e+09
   3204000   37378.881      3.878327e-07   1.2582057e-11  3.8782012e-07  2.926381e+09 
   3205000   37379.253      3.878327e-07   8.7175131e-12  3.8782398e-07  2.9263636e+09
   3206000   37378.716      3.878327e-07   1.4289497e-11  3.8781841e-07  2.9264309e+09
   3207000   37379.363      3.878327e-07   7.581652e-12   3.8782512e-07  2.9263492e+09
   3208000   37378.791      3.878327e-07   1.3509701e-11  3.8781919e-07  2.926404e+09 
   3209000   37378.921      3.878327e-07   1.2163806e-11  3.8782054e-07  2.9263949e+09
   3210000   37379.04       3.878327e-07   1.0926632e-11  3.8782177e-07  2.9263602e+09
   3211000   37379.127      3.878327e-07   1.0028414e-11  3.8782267e-07  2.9263735e+09
   3212000   37378.415      3.878327e-07   1.7412924e-11  3.8781529e-07  2.9264079e+09
   3213000   37378.28       3.878327e-07   1.8815723e-11  3.8781388e-07  2.9264248e+09
   3214000   37378.878      3.878327e-07   1.2611528e-11  3.8782009e-07  2.9263903e+09
   3215000   37379.375      3.878327e-07   7.4544829e-12  3.8782524e-07  2.9263453e+09
   3216000   37378.573      3.878327e-07   1.5772061e-11  3.8781693e-07  2.9264096e+09
   3217000   37378.427      3.878327e-07   1.7291451e-11  3.8781541e-07  2.9264348e+09
   3218000   37379.344      3.878327e-07   7.7728614e-12  3.8782493e-07  2.9263502e+09
   3219000   37379.09       3.878327e-07   1.0412568e-11  3.8782228e-07  2.9263617e+09
   3220000   37378.962      3.878327e-07   1.1738205e-11  3.8782096e-07  2.9263833e+09
   3221000   37378.838      3.878327e-07   1.3031407e-11  3.8781967e-07  2.9263997e+09
   3222000   37378.961      3.878327e-07   1.1753015e-11  3.8782095e-07  2.9263963e+09
   3223000   37379.305      3.878327e-07   8.1811003e-12  3.8782452e-07  2.926354e+09 
   3224000   37379.232      3.878327e-07   8.9338779e-12  3.8782377e-07  2.9263631e+09
   3225000   37373.828      3.8783282e-07  6.5126214e-11  3.8776769e-07  2.9264434e+09
   3226000   37378.781      3.878327e-07   1.3615399e-11  3.8781908e-07  2.9263884e+09
   3227000   37378.512      3.878327e-07   1.6408813e-11  3.8781629e-07  2.9264006e+09
   3228000   37378.472      3.878327e-07   1.6823134e-11  3.8781588e-07  2.926449e+09 
   3229000   37377.975      3.878327e-07   2.1975033e-11  3.8781072e-07  2.9264234e+09
   3230000   37378.356      3.878327e-07   1.802901e-11   3.8781467e-07  2.9264299e+09
   3231000   37377.991      3.8783269e-07  2.180459e-11   3.8781089e-07  2.9264608e+09
   3232000   37379.171      3.878327e-07   9.5756515e-12  3.8782312e-07  2.9263587e+09
   3233000   37378.966      3.878327e-07   1.1698609e-11  3.87821e-07    2.9263654e+09
   3234000   37378.795      3.878327e-07   1.3471172e-11  3.8781923e-07  2.9263793e+09
   3235000   37377.878      3.878327e-07   2.298437e-11   3.8780971e-07  2.9264487e+09
   3236000   37378.397      3.878327e-07   1.7596794e-11  3.878151e-07   2.9264403e+09
   3237000   37378.682      3.878327e-07   1.4643204e-11  3.8781806e-07  2.9264062e+09
   3238000   37379.399      3.878327e-07   7.2075017e-12  3.8782549e-07  2.9263354e+09
   3239000   37379.567      3.878327e-07   5.4630385e-12  3.8782724e-07  2.9263119e+09
   3240000   37378.791      3.878327e-07   1.3512684e-11  3.8781919e-07  2.9264133e+09
   3241000   37378.701      3.878327e-07   1.4448908e-11  3.8781825e-07  2.9264114e+09
   3242000   37378.733      3.878327e-07   1.4112482e-11  3.8781859e-07  2.926378e+09 
   3243000   37379.159      3.878327e-07   9.6906562e-12  3.8782301e-07  2.9263598e+09
   3244000   37379.471      3.878327e-07   6.4631212e-12  3.8782624e-07  2.9263303e+09
   3245000   37378.477      3.878327e-07   1.6775515e-11  3.8781592e-07  2.926424e+09 
   3246000   37377.512      3.8783271e-07  2.6785264e-11  3.8780592e-07  2.9264765e+09
   3247000   37378.948      3.878327e-07   1.1881544e-11  3.8782082e-07  2.9263689e+09
   3248000   37378.312      3.878327e-07   1.8476062e-11  3.8781422e-07  2.9264394e+09
   3249000   37378.744      3.878327e-07   1.400032e-11   3.878187e-07   2.9264176e+09
   3250000   37378.803      3.878327e-07   1.3386869e-11  3.8781931e-07  2.9263976e+09
   3251000   37378.973      3.878327e-07   1.1630199e-11  3.8782107e-07  2.9263862e+09
   3252000   37379.09       3.878327e-07   1.0409718e-11  3.8782229e-07  2.9263524e+09
   3253000   37378.785      3.878327e-07   1.3572955e-11  3.8781913e-07  2.9263943e+09
   3254000   37377.932      3.8783269e-07  2.2419117e-11  3.8781027e-07  2.9264553e+09
   3255000   37377.833      3.878327e-07   2.3453095e-11  3.8780924e-07  2.9264684e+09
   3256000   37377.19       3.8783271e-07  3.0132789e-11  3.8780258e-07  2.9264507e+09
   3257000   37378.871      3.878327e-07   1.2678473e-11  3.8782002e-07  2.9263887e+09
   3258000   37378.439      3.8783269e-07  1.7152699e-11  3.8781554e-07  2.9264188e+09
   3259000   37379.158      3.878327e-07   9.7103319e-12  3.8782299e-07  2.9263439e+09
   3260000   37379.044      3.878327e-07   1.0888244e-11  3.8782181e-07  2.9263836e+09
   3261000   37378.462      3.878327e-07   1.6929664e-11  3.8781577e-07  2.9264055e+09
   3262000   37379.421      3.878327e-07   6.9735078e-12  3.8782573e-07  2.926341e+09 
   3263000   37379.342      3.878327e-07   7.7983674e-12  3.878249e-07   2.9263401e+09
   3264000   37378.984      3.878327e-07   1.1515574e-11  3.8782118e-07  2.9263772e+09
   3265000   37377.812      3.8783269e-07  2.3660268e-11  3.8780903e-07  2.926468e+09 
   3266000   37379.177      3.878327e-07   9.5064295e-12  3.8782319e-07  2.9263653e+09
   3267000   37377.912      3.878327e-07   2.2636615e-11  3.8781006e-07  2.9264488e+09
   3268000   37379.262      3.878327e-07   8.6227602e-12  3.8782408e-07  2.9263501e+09
   3269000   37378.771      3.878327e-07   1.3727807e-11  3.8781897e-07  2.9263823e+09
   3270000   37378.491      3.878327e-07   1.6625675e-11  3.8781607e-07  2.9264368e+09
   3271000   37378.592      3.878327e-07   1.5574695e-11  3.8781712e-07  2.9264086e+09
   3272000   37379.152      3.878327e-07   9.7717368e-12  3.8782293e-07  2.9263542e+09
   3273000   37379.504      3.878327e-07   6.1126314e-12  3.8782659e-07  2.9263167e+09
   3274000   37378.65       3.878327e-07   1.4981289e-11  3.8781772e-07  2.9264046e+09
   3275000   37378.983      3.878327e-07   1.1523088e-11  3.8782118e-07  2.9263592e+09
   3276000   37379.11       3.8783269e-07  1.0188773e-11  3.878225e-07   2.9263603e+09
   3277000   37378.092      3.878327e-07   2.0769919e-11  3.8781193e-07  2.9264424e+09
   3278000   37379.266      3.878327e-07   8.5868549e-12  3.8782411e-07  2.9263437e+09
   3279000   37377.773      3.878327e-07   2.407094e-11   3.8780863e-07  2.9264549e+09
   3280000   37379.164      3.878327e-07   9.6439084e-12  3.8782305e-07  2.9263713e+09
   3281000   37378.285      3.878327e-07   1.8758929e-11  3.8781394e-07  2.926414e+09 
   3282000   37379.035      3.878327e-07   1.0982683e-11  3.8782172e-07  2.9263781e+09
   3283000   37379.106      3.878327e-07   1.0248858e-11  3.8782245e-07  2.9263739e+09
   3284000   37378.226      3.878327e-07   1.9377497e-11  3.8781332e-07  2.92641e+09  
   3285000   37378.762      3.878327e-07   1.381597e-11   3.8781888e-07  2.9264044e+09
   3286000   37379.269      3.878327e-07   8.5589815e-12  3.8782414e-07  2.9263485e+09
   3287000   37379.085      3.878327e-07   1.0466118e-11  3.8782223e-07  2.9263624e+09
   3288000   37379.48       3.878327e-07   6.363119e-12   3.8782634e-07  2.9263294e+09
   3289000   37379.185      3.878327e-07   9.4302377e-12  3.8782327e-07  2.9263562e+09
   3290000   37379.034      3.878327e-07   1.0996663e-11  3.878217e-07   2.9263886e+09
   3291000   37379.253      3.878327e-07   8.7231706e-12  3.8782398e-07  2.9263724e+09
   3292000   37378.927      3.878327e-07   1.2107762e-11  3.8782059e-07  2.9263964e+09
   3293000   37379.152      3.878327e-07   9.7674531e-12  3.8782293e-07  2.9263547e+09
   3294000   37376.434      3.878327e-07   3.7976879e-11  3.8779473e-07  2.92661e+09  
   3295000   37379.237      3.878327e-07   8.8902668e-12  3.8782381e-07  2.9263674e+09
   3296000   37379.017      3.878327e-07   1.1171091e-11  3.8782153e-07  2.92638e+09  
   3297000   37379.48       3.878327e-07   6.3706197e-12  3.8782633e-07  2.9263251e+09
   3298000   37378.653      3.878327e-07   1.4947645e-11  3.8781775e-07  2.9263947e+09
   3299000   37378.704      3.878327e-07   1.4420457e-11  3.8781828e-07  2.9263774e+09
   3300000   37378.758      3.878327e-07   1.385789e-11   3.8781884e-07  2.9264006e+09
   3301000   37378.907      3.878327e-07   1.2310626e-11  3.8782039e-07  2.9263714e+09
   3302000   37376.707      3.878327e-07   3.5136577e-11  3.8779756e-07  2.9265717e+09
   3303000   37377.792      3.878327e-07   2.3881732e-11  3.8780882e-07  2.926463e+09 
   3304000   37378.796      3.878327e-07   1.3464963e-11  3.8781923e-07  2.9264128e+09
   3305000   37379.06       3.878327e-07   1.0726738e-11  3.8782197e-07  2.9263712e+09
   3306000   37378.801      3.878327e-07   1.3405166e-11  3.8781929e-07  2.926392e+09 
   3307000   37377.864      3.878327e-07   2.3140005e-11  3.8780956e-07  2.9264406e+09
   3308000   37379.283      3.878327e-07   8.4136351e-12  3.8782429e-07  2.9263549e+09
   3309000   37378.977      3.878327e-07   1.1585984e-11  3.8782111e-07  2.9263871e+09
   3310000   37378.856      3.878327e-07   1.2840484e-11  3.8781986e-07  2.9263664e+09
   3311000   37379.15       3.878327e-07   9.7861619e-12  3.8782291e-07  2.9263603e+09
   3312000   37379.35       3.878327e-07   7.7098741e-12  3.8782499e-07  2.9263343e+09
   3313000   37378.667      3.8783268e-07  1.4782983e-11  3.878179e-07   2.9264039e+09
   3314000   37378.536      3.8783269e-07  1.6152423e-11  3.8781654e-07  2.9264228e+09
   3315000   37378.613      3.878327e-07   1.5364207e-11  3.8781734e-07  2.9264206e+09
   3316000   37379.135      3.878327e-07   9.9447339e-12  3.8782275e-07  2.9263703e+09
   3317000   37379.098      3.878327e-07   1.0327259e-11  3.8782237e-07  2.9263668e+09
   3318000   37379.115      3.878327e-07   1.0149293e-11  3.8782255e-07  2.9263562e+09
   3319000   37378.184      3.8783269e-07  1.9809941e-11  3.8781288e-07  2.9264692e+09
   3320000   37378.314      3.878327e-07   1.8460104e-11  3.8781424e-07  2.9264352e+09
   3321000   37378.707      3.878327e-07   1.4383575e-11  3.8781832e-07  2.9263919e+09
   3322000   37378.965      3.878327e-07   1.1708312e-11  3.8782099e-07  2.926382e+09 
   3323000   37378.867      3.878327e-07   1.2728716e-11  3.8781997e-07  2.9264041e+09
   3324000   37379.514      3.878327e-07   6.0117413e-12  3.8782669e-07  2.9263199e+09
   3325000   37378.732      3.878327e-07   1.4129012e-11  3.8781857e-07  2.9263766e+09
   3326000   37379.378      3.878327e-07   7.4286005e-12  3.8782527e-07  2.9263291e+09
   3327000   37378.187      3.878327e-07   1.9783848e-11  3.8781292e-07  2.9264131e+09
   3328000   37378.601      3.878327e-07   1.5489968e-11  3.8781721e-07  2.9264048e+09
   3329000   37377.942      3.878327e-07   2.2321203e-11  3.8781038e-07  2.926481e+09 
   3330000   37379.358      3.878327e-07   7.6328413e-12  3.8782507e-07  2.9263372e+09
   3331000   37378.625      3.878327e-07   1.5237606e-11  3.8781746e-07  2.9264203e+09
   3332000   37378.453      3.878327e-07   1.7018452e-11  3.8781568e-07  2.9264155e+09
   3333000   37378.49       3.878327e-07   1.6644955e-11  3.8781606e-07  2.9263897e+09
   3334000   37379.228      3.878327e-07   8.983594e-12   3.8782372e-07  2.9263609e+09
   3335000   37379.178      3.878327e-07   9.5034891e-12  3.878232e-07   2.9263634e+09
   3336000   37379.053      3.878327e-07   1.0792998e-11  3.8782191e-07  2.9263661e+09
   3337000   37379.113      3.878327e-07   1.0173987e-11  3.8782252e-07  2.9263714e+09
   3338000   37379.014      3.878327e-07   1.1200434e-11  3.878215e-07   2.9263815e+09
   3339000   37379.356      3.878327e-07   7.6555366e-12  3.8782504e-07  2.9263546e+09
   3340000   37379.163      3.878327e-07   9.6498666e-12  3.8782305e-07  2.9263601e+09
   3341000   37378.102      3.8783271e-07  2.0676269e-11  3.8781204e-07  2.9264114e+09
   3342000   37378.86       3.878327e-07   1.2800045e-11  3.878199e-07   2.9263909e+09
   3343000   37379.203      3.878327e-07   9.2404114e-12  3.8782346e-07  2.92635e+09  
   3344000   37378.909      3.878327e-07   1.2285135e-11  3.8782041e-07  2.9263904e+09
   3345000   37377.711      3.878327e-07   2.4716974e-11  3.8780798e-07  2.9264872e+09
   3346000   37378.82       3.878327e-07   1.3222526e-11  3.8781948e-07  2.926383e+09 
   3347000   37379.191      3.878327e-07   9.3610595e-12  3.8782334e-07  2.9263427e+09
   3348000   37378.234      3.878327e-07   1.9296461e-11  3.878134e-07   2.9264358e+09
   3349000   37378.707      3.878327e-07   1.4386962e-11  3.8781831e-07  2.9264186e+09
   3350000   37377.491      3.878327e-07   2.7005572e-11  3.878057e-07   2.9264275e+09
   3351000   37378.152      3.878327e-07   2.014085e-11   3.8781256e-07  2.9264504e+09
   3352000   37379.088      3.878327e-07   1.0435929e-11  3.8782226e-07  2.9263608e+09
   3353000   37379.109      3.878327e-07   1.0218645e-11  3.8782248e-07  2.9263818e+09
   3354000   37379.21       3.878327e-07   9.1615704e-12  3.8782354e-07  2.9263714e+09
   3355000   37378.41       3.878327e-07   1.7470875e-11  3.8781523e-07  2.9264296e+09
   3356000   37378.571      3.878327e-07   1.5792231e-11  3.8781691e-07  2.9264329e+09
   3357000   37377.234      3.8783269e-07  2.9659805e-11  3.8780303e-07  2.9265613e+09
   3358000   37375.964      3.8783279e-07  4.2943394e-11  3.8778985e-07  2.9264236e+09
   3359000   37377.861      3.8783271e-07  2.316713e-11   3.8780954e-07  2.926428e+09 
   3360000   37378.733      3.878327e-07   1.4112561e-11  3.8781859e-07  2.9263985e+09
   3361000   37379.14       3.878327e-07   9.8913799e-12  3.8782281e-07  2.9263554e+09
   3362000   37378.767      3.878327e-07   1.3765652e-11  3.8781893e-07  2.9263891e+09
   3363000   37379.187      3.878327e-07   9.406654e-12   3.8782329e-07  2.9263682e+09
   3364000   37378.387      3.878327e-07   1.7704236e-11  3.8781499e-07  2.9264519e+09
   3365000   37379.125      3.878327e-07   1.0043699e-11  3.8782266e-07  2.9263685e+09
   3366000   37377.897      3.878327e-07   2.2792666e-11  3.8780991e-07  2.9264577e+09
   3367000   37378.992      3.878327e-07   1.1433411e-11  3.8782127e-07  2.926372e+09 
   3368000   37378.775      3.878327e-07   1.3674279e-11  3.8781902e-07  2.9264137e+09
   3369000   37378.421      3.878327e-07   1.7348511e-11  3.8781535e-07  2.926463e+09 
   3370000   37378.576      3.878327e-07   1.5740258e-11  3.8781696e-07  2.9264133e+09
   3371000   37378.764      3.878327e-07   1.3796837e-11  3.878189e-07   2.9263972e+09
   3372000   37378.857      3.878327e-07   1.2835696e-11  3.8781986e-07  2.9263745e+09
   3373000   37378.847      3.878327e-07   1.2929309e-11  3.8781977e-07  2.9263976e+09
   3374000   37379.27       3.878327e-07   8.5415067e-12  3.8782416e-07  2.9263468e+09
   3375000   37378.886      3.878327e-07   1.2523944e-11  3.8782018e-07  2.9263871e+09
   3376000   37378.926      3.878327e-07   1.2116977e-11  3.8782058e-07  2.9263916e+09
   3377000   37378.861      3.878327e-07   1.2788975e-11  3.8781991e-07  2.9263849e+09
   3378000   37378.653      3.878327e-07   1.4945038e-11  3.8781775e-07  2.9264115e+09
   3379000   37379.356      3.878327e-07   7.6525817e-12  3.8782505e-07  2.9263463e+09
   3380000   37378.653      3.878327e-07   1.4947189e-11  3.8781775e-07  2.9263774e+09
   3381000   37378.666      3.878327e-07   1.4813093e-11  3.8781789e-07  2.9264242e+09
   3382000   37379.262      3.878327e-07   8.6273414e-12  3.8782407e-07  2.9263504e+09
   3383000   37378.738      3.878327e-07   1.4068068e-11  3.8781863e-07  2.926386e+09 
   3384000   37378.648      3.878327e-07   1.4993349e-11  3.878177e-07   2.926393e+09 
   3385000   37378.334      3.878327e-07   1.8254829e-11  3.8781445e-07  2.9264109e+09
   3386000   37377.896      3.878327e-07   2.2802624e-11  3.878099e-07   2.926482e+09 
   3387000   37378.704      3.878327e-07   1.4420475e-11  3.8781828e-07  2.9263855e+09
   3388000   37379.321      3.878327e-07   8.0194932e-12  3.8782468e-07  2.9263539e+09
   3389000   37379.111      3.878327e-07   1.0193757e-11  3.8782251e-07  2.9263549e+09
   3390000   37379.152      3.878327e-07   9.7706175e-12  3.8782293e-07  2.926358e+09 
   3391000   37379.047      3.878327e-07   1.0862324e-11  3.8782184e-07  2.9263538e+09
   3392000   37377.885      3.878327e-07   2.2911768e-11  3.8780979e-07  2.9264567e+09
   3393000   37378.131      3.8783269e-07  2.0357235e-11  3.8781233e-07  2.9264491e+09
   3394000   37379.561      3.878327e-07   5.5265835e-12  3.8782717e-07  2.9263196e+09
   3395000   37378.936      3.878327e-07   1.2012798e-11  3.8782069e-07  2.9263892e+09
   3396000   37378.145      3.8783269e-07  2.0202349e-11  3.8781249e-07  2.9264298e+09
   3397000   37378.631      3.878327e-07   1.5176193e-11  3.8781752e-07  2.9264055e+09
   3398000   37379.481      3.878327e-07   6.3517307e-12  3.8782635e-07  2.9263277e+09
   3399000   37378.907      3.878327e-07   1.2312244e-11  3.8782039e-07  2.9263887e+09
   3400000   37378.715      3.878327e-07   1.4302593e-11  3.878184e-07   2.9263943e+09
   3401000   37379.468      3.878327e-07   6.4917128e-12  3.8782621e-07  2.9263329e+09
   3402000   37378.675      3.878327e-07   1.4716345e-11  3.8781798e-07  2.9264031e+09
   3403000   37379.385      3.878327e-07   7.3467362e-12  3.8782535e-07  2.9263454e+09
   3404000   37379.025      3.878327e-07   1.1084908e-11  3.8782161e-07  2.9263753e+09
   3405000   37378.554      3.878327e-07   1.5976117e-11  3.8781672e-07  2.9264007e+09
   3406000   37378.829      3.878327e-07   1.3120632e-11  3.8781958e-07  2.9263989e+09
   3407000   37378.919      3.878327e-07   1.2189608e-11  3.8782051e-07  2.9263754e+09
   3408000   37379.264      3.878327e-07   8.6095043e-12  3.8782409e-07  2.9263544e+09
   3409000   37379.168      3.878327e-07   9.5975854e-12  3.878231e-07   2.9263644e+09
   3410000   37378.609      3.878327e-07   1.5403398e-11  3.878173e-07   2.9263919e+09
   3411000   37379.129      3.878327e-07   1.0000249e-11  3.878227e-07   2.9263803e+09
   3412000   37378.828      3.878327e-07   1.3131241e-11  3.8781957e-07  2.9263796e+09
   3413000   37378.885      3.878327e-07   1.2533107e-11  3.8782017e-07  2.9263743e+09
   3414000   37379.198      3.878327e-07   9.2879005e-12  3.8782341e-07  2.926357e+09 
   3415000   37379.045      3.878327e-07   1.0875954e-11  3.8782182e-07  2.9263671e+09
   3416000   37379.061      3.878327e-07   1.0709232e-11  3.8782199e-07  2.9263761e+09
   3417000   37377.887      3.878327e-07   2.2898146e-11  3.878098e-07   2.9264526e+09
   3418000   37378.801      3.878327e-07   1.3413128e-11  3.8781929e-07  2.9263891e+09
   3419000   37379.335      3.878327e-07   7.8752842e-12  3.8782482e-07  2.9263218e+09
   3420000   37378.336      3.878327e-07   1.8233738e-11  3.8781447e-07  2.9264323e+09
   3421000   37378.139      3.878327e-07   2.0273432e-11  3.8781243e-07  2.9264433e+09
   3422000   37378.895      3.878327e-07   1.243403e-11   3.8782026e-07  2.9263911e+09
   3423000   37379.176      3.878327e-07   9.5185075e-12  3.8782318e-07  2.9263612e+09
   3424000   37378.064      3.878327e-07   2.1054804e-11  3.8781164e-07  2.9264505e+09
   3425000   37378.446      3.878327e-07   1.709051e-11   3.8781561e-07  2.9264341e+09
   3426000   37378.657      3.878327e-07   1.4897742e-11  3.878178e-07   2.92639e+09  
   3427000   37379.482      3.878327e-07   6.3416167e-12  3.8782636e-07  2.9263262e+09
   3428000   37378.873      3.878327e-07   1.2658234e-11  3.8782004e-07  2.9263962e+09
   3429000   37377.883      3.8783268e-07  2.2915905e-11  3.8780977e-07  2.9264143e+09
   3430000   37379.015      3.878327e-07   1.11911e-11    3.8782151e-07  2.9263813e+09
   3431000   37379.396      3.878327e-07   7.2345109e-12  3.8782547e-07  2.9263264e+09
   3432000   37379.2        3.878327e-07   9.2741341e-12  3.8782342e-07  2.9263675e+09
   3433000   37378.126      3.878327e-07   2.0415395e-11  3.8781228e-07  2.9264296e+09
   3434000   37377.627      3.878327e-07   2.5597959e-11  3.878071e-07   2.9264455e+09
   3435000   37378.66       3.878327e-07   1.4877815e-11  3.8781782e-07  2.9263978e+09
   3436000   37379.263      3.878327e-07   8.6172915e-12  3.8782408e-07  2.9263574e+09
   3437000   37378.909      3.878327e-07   1.2295021e-11  3.8782041e-07  2.9263381e+09
   3438000   37379.051      3.878327e-07   1.0815852e-11  3.8782188e-07  2.9263758e+09
   3439000   37378.804      3.878327e-07   1.3380745e-11  3.8781932e-07  2.9264035e+09
   3440000   37379.361      3.878327e-07   7.6021063e-12  3.878251e-07   2.9263396e+09
   3441000   37378.922      3.878327e-07   1.2153838e-11  3.8782055e-07  2.926384e+09 
   3442000   37378.607      3.878327e-07   1.5422008e-11  3.8781728e-07  2.9264052e+09
   3443000   37378.379      3.878327e-07   1.7792617e-11  3.8781491e-07  2.9264138e+09
   3444000   37378.836      3.878327e-07   1.3046319e-11  3.8781965e-07  2.9263963e+09
   3445000   37378.089      3.878327e-07   2.0794124e-11  3.8781191e-07  2.9264574e+09
   3446000   37379.297      3.878327e-07   8.268923e-12   3.8782443e-07  2.9263548e+09
   3447000   37379.356      3.878327e-07   7.6569959e-12  3.8782504e-07  2.9263448e+09
   3448000   37379.343      3.878327e-07   7.7909992e-12  3.8782491e-07  2.9263488e+09
   3449000   37378.65       3.878327e-07   1.4981104e-11  3.8781772e-07  2.9264205e+09
   3450000   37379.323      3.878327e-07   7.9924021e-12  3.8782471e-07  2.9263481e+09
   3451000   37379.354      3.878327e-07   7.6692522e-12  3.8782503e-07  2.9263415e+09
   3452000   37379.218      3.878327e-07   9.0803957e-12  3.8782362e-07  2.9263511e+09
   3453000   37378.599      3.8783269e-07  1.5499296e-11  3.8781719e-07  2.9263883e+09
   3454000   37379.008      3.878327e-07   1.1267293e-11  3.8782143e-07  2.9263764e+09
   3455000   37378.402      3.8783271e-07  1.7556506e-11  3.8781515e-07  2.9263961e+09
   3456000   37379.454      3.878327e-07   6.636649e-12   3.8782606e-07  2.9263326e+09
   3457000   37377.653      3.8783267e-07  2.5297865e-11  3.8780738e-07  2.9264005e+09
   3458000   37377.575      3.8783269e-07  2.6127848e-11  3.8780657e-07  2.9264501e+09
   3459000   37379.063      3.878327e-07   1.069082e-11   3.8782201e-07  2.9263741e+09
   3460000   37378.21       3.878327e-07   1.9538701e-11  3.8781316e-07  2.926429e+09 
   3461000   37378.343      3.878327e-07   1.8159817e-11  3.8781454e-07  2.9264131e+09
   3462000   37379.373      3.878327e-07   7.4767359e-12  3.8782522e-07  2.9263281e+09
   3463000   37377.695      3.8783269e-07  2.4873884e-11  3.8780782e-07  2.9265062e+09
   3464000   37378.889      3.878327e-07   1.2494926e-11  3.8782021e-07  2.9263717e+09
   3465000   37378.443      3.878327e-07   1.7124329e-11  3.8781557e-07  2.9264357e+09
   3466000   37379.478      3.878327e-07   6.3882607e-12  3.8782631e-07  2.9263346e+09
   3467000   37378.876      3.878327e-07   1.2637463e-11  3.8782006e-07  2.9263895e+09
   3468000   37378.802      3.878327e-07   1.3401325e-11  3.878193e-07   2.9263827e+09
   3469000   37379.126      3.878327e-07   1.0041493e-11  3.8782266e-07  2.9263628e+09
   3470000   37379.302      3.878327e-07   8.2169378e-12  3.8782448e-07  2.9263511e+09
   3471000   37379.377      3.878327e-07   7.4381421e-12  3.8782526e-07  2.9263454e+09
   3472000   37378.438      3.878327e-07   1.717716e-11   3.8781552e-07  2.9264472e+09
   3473000   37379.098      3.878327e-07   1.0328637e-11  3.8782237e-07  2.9263642e+09
   3474000   37379.48       3.878327e-07   6.3678588e-12  3.8782633e-07  2.9263338e+09
   3475000   37378.032      3.878327e-07   2.1381822e-11  3.8781131e-07  2.9264713e+09
   3476000   37379.052      3.878327e-07   1.0805323e-11  3.878219e-07   2.9263477e+09
   3477000   37379.079      3.878327e-07   1.0524782e-11  3.8782217e-07  2.9263748e+09
   3478000   37378.791      3.878327e-07   1.35148e-11    3.8781919e-07  2.9263968e+09
   3479000   37379.167      3.878327e-07   9.6148981e-12  3.8782308e-07  2.9263687e+09
   3480000   37379.053      3.8783269e-07  1.078261e-11   3.878219e-07   2.926361e+09 
   3481000   37378.895      3.878327e-07   1.2438086e-11  3.8782026e-07  2.9263955e+09
   3482000   37377.963      3.878327e-07   2.2104227e-11  3.878106e-07   2.926454e+09 
   3483000   37378.902      3.878327e-07   1.2357694e-11  3.8782034e-07  2.9263798e+09
   3484000   37378.475      3.878327e-07   1.6792595e-11  3.8781591e-07  2.9263968e+09
   3485000   37378.507      3.878327e-07   1.6455718e-11  3.8781624e-07  2.9264294e+09
   3486000   37379.15       3.878327e-07   9.790586e-12   3.8782291e-07  2.9263597e+09
   3487000   37378.251      3.878327e-07   1.9120947e-11  3.8781358e-07  2.9264342e+09
   3488000   37379.539      3.878327e-07   5.751926e-12   3.8782695e-07  2.9263223e+09
   3489000   37379.044      3.878327e-07   1.0893152e-11  3.8782181e-07  2.9263732e+09
   3490000   37379.366      3.878327e-07   7.5478169e-12  3.8782515e-07  2.9263401e+09
   3491000   37378.452      3.878327e-07   1.7031544e-11  3.8781567e-07  2.9264174e+09
   3492000   37378.319      3.878327e-07   1.8411161e-11  3.8781429e-07  2.9264613e+09
   3493000   37378.734      3.878327e-07   1.410959e-11   3.8781859e-07  2.9264156e+09
   3494000   37378.71       3.878327e-07   1.4359758e-11  3.8781834e-07  2.92641e+09  
   3495000   37378.015      3.878327e-07   2.1565988e-11  3.8781113e-07  2.9264627e+09
   3496000   37379.137      3.878327e-07   9.9216066e-12  3.8782278e-07  2.9263541e+09
   3497000   37378.872      3.878327e-07   1.2675454e-11  3.8782002e-07  2.9264111e+09
   3498000   37379.41       3.878327e-07   7.0949892e-12  3.878256e-07   2.9263259e+09
   3499000   37378.434      3.8783269e-07  1.7218316e-11  3.8781548e-07  2.9264659e+09
   3500000   37379.362      3.878327e-07   7.5864111e-12  3.8782511e-07  2.9263311e+09
   3501000   37379.214      3.878327e-07   9.128769e-12   3.8782357e-07  2.9263587e+09
   3502000   37378.905      3.878327e-07   1.2334394e-11  3.8782037e-07  2.9263837e+09
   3503000   37378.485      3.878327e-07   1.6692533e-11  3.8781601e-07  2.9264357e+09
   3504000   37378.429      3.878327e-07   1.7279449e-11  3.8781542e-07  2.9263741e+09
   3505000   37379.46       3.878327e-07   6.5701817e-12  3.8782613e-07  2.9263171e+09
   3506000   37378.246      3.878327e-07   1.9168392e-11  3.8781353e-07  2.9264055e+09
   3507000   37379.145      3.878327e-07   9.8421901e-12  3.8782286e-07  2.9263555e+09
   3508000   37378.858      3.878327e-07   1.2819204e-11  3.8781988e-07  2.9263685e+09
   3509000   37378.988      3.878327e-07   1.147108e-11   3.8782123e-07  2.9263781e+09
   3510000   37379.48       3.878327e-07   6.3602283e-12  3.8782634e-07  2.9263282e+09
   3511000   37379.101      3.878327e-07   1.030077e-11   3.878224e-07   2.9263702e+09
   3512000   37378.397      3.878327e-07   1.7607786e-11  3.8781509e-07  2.9264596e+09
   3513000   37378.878      3.878327e-07   1.2615237e-11  3.8782008e-07  2.9263969e+09
   3514000   37377.779      3.878327e-07   2.4020316e-11  3.8780868e-07  2.9264683e+09
   3515000   37378.54       3.878327e-07   1.6114934e-11  3.8781658e-07  2.9264158e+09
   3516000   37379.267      3.878327e-07   8.5781473e-12  3.8782412e-07  2.9263578e+09
   3517000   37379.136      3.878327e-07   9.9381423e-12  3.8782276e-07  2.9263559e+09
   3518000   37379.105      3.878327e-07   1.0256972e-11  3.8782244e-07  2.9263611e+09
   3519000   37379.368      3.878327e-07   7.5265897e-12  3.8782517e-07  2.9263381e+09
   3520000   37377.211      3.878327e-07   2.9911516e-11  3.8780279e-07  2.9264995e+09
   3521000   37378.247      3.878327e-07   1.9158036e-11  3.8781354e-07  2.9264362e+09
   3522000   37378.315      3.878327e-07   1.8460205e-11  3.8781424e-07  2.9264367e+09
   3523000   37379.159      3.878327e-07   9.6949485e-12  3.8782301e-07  2.926355e+09 
   3524000   37378.968      3.878327e-07   1.1680981e-11  3.8782102e-07  2.926363e+09 
   3525000   37378.303      3.8783269e-07  1.8560681e-11  3.8781412e-07  2.9264302e+09
   3526000   37379.46       3.878327e-07   6.5767521e-12  3.8782612e-07  2.9263305e+09
   3527000   37379.184      3.8783269e-07  9.4271061e-12  3.8782327e-07  2.926362e+09 
   3528000   37378.805      3.8783269e-07  1.3366718e-11  3.8781933e-07  2.9263879e+09
   3529000   37378.396      3.878327e-07   1.7615002e-11  3.8781508e-07  2.9264306e+09
   3530000   37378.86       3.878327e-07   1.2793368e-11  3.8781991e-07  2.9263937e+09
   3531000   37379.319      3.878327e-07   8.0416556e-12  3.8782466e-07  2.9263286e+09
   3532000   37379.367      3.878327e-07   7.540618e-12   3.8782516e-07  2.92634e+09  
   3533000   37378.984      3.878327e-07   1.1509169e-11  3.8782119e-07  2.9263699e+09
   3534000   37379.086      3.878327e-07   1.0452676e-11  3.8782225e-07  2.9263603e+09
   3535000   37378.37       3.878327e-07   1.7880235e-11  3.8781482e-07  2.9264354e+09
   3536000   37378.379      3.878327e-07   1.7791755e-11  3.8781491e-07  2.9264226e+09
   3537000   37378.962      3.878327e-07   1.173637e-11   3.8782096e-07  2.9263845e+09
   3538000   37378.617      3.878327e-07   1.5315761e-11  3.8781738e-07  2.926407e+09 
   3539000   37378.718      3.878327e-07   1.4270722e-11  3.8781843e-07  2.9263831e+09
   3540000   37379.021      3.878327e-07   1.1125622e-11  3.8782157e-07  2.9263854e+09
   3541000   37378.161      3.878327e-07   2.004956e-11   3.8781265e-07  2.9264511e+09
   3542000   37379.218      3.878327e-07   9.0817932e-12  3.8782361e-07  2.9263647e+09
   3543000   37378.338      3.878327e-07   1.8209729e-11  3.8781449e-07  2.9264343e+09
   3544000   37378.673      3.878327e-07   1.4738539e-11  3.8781796e-07  2.9263968e+09
   3545000   37379.298      3.878327e-07   8.2519446e-12  3.8782445e-07  2.9263488e+09
   3546000   37379.383      3.878327e-07   7.3710308e-12  3.8782533e-07  2.926338e+09 
   3547000   37378.473      3.8783269e-07  1.6804967e-11  3.8781588e-07  2.9264291e+09
   3548000   37379.399      3.878327e-07   7.2100441e-12  3.8782549e-07  2.9263353e+09
   3549000   37379.067      3.878327e-07   1.0646158e-11  3.8782205e-07  2.9263669e+09
   3550000   37378.504      3.878327e-07   1.6493484e-11  3.8781621e-07  2.9264208e+09
   3551000   37378.502      3.878327e-07   1.6511021e-11  3.8781619e-07  2.9264248e+09
   3552000   37379.128      3.878327e-07   1.0016717e-11  3.8782268e-07  2.9263627e+09
   3553000   37379.183      3.878327e-07   9.4515427e-12  3.8782325e-07  2.9263553e+09
   3554000   37379.041      3.878327e-07   1.0915973e-11  3.8782178e-07  2.926374e+09 
   3555000   37379.257      3.878327e-07   8.6804703e-12  3.8782402e-07  2.9263417e+09
   3556000   37379.247      3.878327e-07   8.781071e-12   3.8782392e-07  2.9263507e+09
   3557000   37378.285      3.878327e-07   1.8768338e-11  3.8781393e-07  2.926419e+09 
   3558000   37378.617      3.878327e-07   1.5314319e-11  3.8781738e-07  2.9264199e+09
   3559000   37378.796      3.878327e-07   1.3467856e-11  3.8781923e-07  2.9263811e+09
   3560000   37379.668      3.878327e-07   4.4097201e-12  3.8782829e-07  2.9263059e+09
   3561000   37378.143      3.878327e-07   2.0234129e-11  3.8781247e-07  2.9264577e+09
   3562000   37378.65       3.878327e-07   1.4979342e-11  3.8781772e-07  2.9264139e+09
   3563000   37377.284      3.878327e-07   2.9148238e-11  3.8780355e-07  2.9264903e+09
   3564000   37378.945      3.8783269e-07  1.1916205e-11  3.8782078e-07  2.9263673e+09
   3565000   37378.954      3.878327e-07   1.1821006e-11  3.8782088e-07  2.9263764e+09
   3566000   37378.747      3.8783269e-07  1.3964136e-11  3.8781873e-07  2.9264062e+09
   3567000   37379.056      3.878327e-07   1.0761091e-11  3.8782194e-07  2.9263662e+09
   3568000   37376.29       3.8783269e-07  3.944898e-11   3.8779324e-07  2.9266008e+09
   3569000   37377.909      3.878327e-07   2.2664226e-11  3.8781003e-07  2.9264896e+09
   3570000   37378.997      3.878327e-07   1.1378784e-11  3.8782132e-07  2.9263872e+09
   3571000   37378.963      3.878327e-07   1.1732469e-11  3.8782097e-07  2.9263749e+09
   3572000   37379.089      3.878327e-07   1.0428287e-11  3.8782227e-07  2.9263622e+09
   3573000   37379.18       3.878327e-07   9.4786832e-12  3.8782322e-07  2.9263571e+09
   3574000   37379.221      3.878327e-07   9.0506041e-12  3.8782365e-07  2.9263635e+09
   3575000   37379.376      3.878327e-07   7.4471252e-12  3.8782525e-07  2.9263353e+09
   3576000   37378.733      3.878327e-07   1.4121462e-11  3.8781858e-07  2.926401e+09 
   3577000   37379.031      3.878327e-07   1.1027121e-11  3.8782167e-07  2.9263708e+09
   3578000   37378.481      3.878327e-07   1.6725979e-11  3.8781597e-07  2.9264259e+09
   3579000   37379.148      3.878327e-07   9.8073414e-12  3.8782289e-07  2.9263776e+09
   3580000   37379.25       3.878327e-07   8.7483522e-12  3.8782395e-07  2.9263494e+09
   3581000   37378.075      3.878327e-07   2.0941641e-11  3.8781176e-07  2.9264445e+09
   3582000   37379.458      3.878327e-07   6.593005e-12   3.8782611e-07  2.9263303e+09
   3583000   37379.393      3.8783269e-07  7.2611311e-12  3.8782543e-07  2.9263336e+09
   3584000   37377.796      3.878327e-07   2.3832162e-11  3.8780886e-07  2.9264811e+09
   3585000   37377.962      3.8783269e-07  2.2109312e-11  3.8781058e-07  2.9264556e+09
   3586000   37378.728      3.878327e-07   1.4166666e-11  3.8781853e-07  2.9264021e+09
   3587000   37379.158      3.878327e-07   9.7105172e-12  3.8782299e-07  2.926372e+09 
   3588000   37378.832      3.878327e-07   1.3088951e-11  3.8781961e-07  2.9263941e+09
   3589000   37379.322      3.878327e-07   8.0080731e-12  3.8782469e-07  2.926343e+09 
   3590000   37379.085      3.878327e-07   1.0464073e-11  3.8782224e-07  2.9263687e+09
   3591000   37378.129      3.8783268e-07  2.036544e-11   3.8781232e-07  2.9264427e+09
   3592000   37379.229      3.878327e-07   8.9683365e-12  3.8782373e-07  2.9263512e+09
   3593000   37379.266      3.878327e-07   8.5827803e-12  3.8782412e-07  2.9263612e+09
   3594000   37378.896      3.878327e-07   1.2421443e-11  3.8782028e-07  2.9263846e+09
   3595000   37379.047      3.878327e-07   1.085804e-11   3.8782184e-07  2.9263715e+09
   3596000   37379.157      3.878327e-07   9.7198266e-12  3.8782298e-07  2.9263673e+09
   3597000   37379.081      3.878327e-07   1.0502735e-11  3.878222e-07   2.9263602e+09
   3598000   37378.712      3.878327e-07   1.4332588e-11  3.8781837e-07  2.9263907e+09
   3599000   37379.321      3.878327e-07   8.0123286e-12  3.8782469e-07  2.9263457e+09
   3600000   37378.708      3.878327e-07   1.4375018e-11  3.8781832e-07  2.926379e+09 
   3601000   37378.859      3.878327e-07   1.2812707e-11  3.8781989e-07  2.9263924e+09
   3602000   37378.635      3.878327e-07   1.5140265e-11  3.8781756e-07  2.9263965e+09
   3603000   37378.842      3.878327e-07   1.2984699e-11  3.8781971e-07  2.9263909e+09
   3604000   37378.769      3.878327e-07   1.374777e-11   3.8781895e-07  2.9264038e+09
   3605000   37378.136      3.8783268e-07  2.0293966e-11  3.8781239e-07  2.926442e+09 
   3606000   37379.522      3.878327e-07   5.9333933e-12  3.8782677e-07  2.9263323e+09
   3607000   37378.41       3.8783271e-07  1.7470601e-11  3.8781524e-07  2.9263856e+09
   3608000   37377.454      3.8783269e-07  2.7380885e-11  3.8780531e-07  2.9265251e+09
   3609000   37378.883      3.878327e-07   1.256101e-11   3.8782014e-07  2.9263851e+09
   3610000   37376.664      3.8783272e-07  3.5600205e-11  3.8779712e-07  2.9264588e+09
   3611000   37379.433      3.878327e-07   6.8557942e-12  3.8782584e-07  2.9263291e+09
   3612000   37379.514      3.878327e-07   6.008701e-12   3.8782669e-07  2.9263221e+09
   3613000   37379.4        3.878327e-07   7.1932096e-12  3.8782551e-07  2.9263402e+09
   3614000   37379.454      3.878327e-07   6.6307029e-12  3.8782607e-07  2.9263315e+09
   3615000   37379.144      3.878327e-07   9.8485425e-12  3.8782285e-07  2.9263721e+09
   3616000   37379.081      3.878327e-07   1.0503539e-11  3.878222e-07   2.9263697e+09
   3617000   37378.806      3.878327e-07   1.3364252e-11  3.8781934e-07  2.9263991e+09
   3618000   37378.58       3.878327e-07   1.5702084e-11  3.87817e-07    2.9264291e+09
   3619000   37378.502      3.878327e-07   1.6510306e-11  3.8781619e-07  2.9264265e+09
   3620000   37378.866      3.878327e-07   1.274188e-11   3.8781996e-07  2.9263835e+09
   3621000   37379.099      3.878327e-07   1.0319046e-11  3.8782238e-07  2.9263715e+09
   3622000   37379.514      3.878327e-07   6.0133839e-12  3.8782669e-07  2.9263254e+09
   3623000   37379.164      3.878327e-07   9.6494429e-12  3.8782305e-07  2.926358e+09 
   3624000   37379.714      3.878327e-07   3.9352228e-12  3.8782876e-07  2.9262995e+09
   3625000   37379.318      3.878327e-07   8.0457002e-12  3.8782465e-07  2.9263548e+09
   3626000   37377.954      3.878327e-07   2.2192096e-11  3.8781051e-07  2.9264498e+09
   3627000   37379.276      3.878327e-07   8.4871643e-12  3.8782421e-07  2.9263439e+09
   3628000   37379.169      3.878327e-07   9.588351e-12   3.8782311e-07  2.926334e+09 
   3629000   37378.753      3.878327e-07   1.3906598e-11  3.8781879e-07  2.9263846e+09
   3630000   37379.363      3.878327e-07   7.5798617e-12  3.8782512e-07  2.9263446e+09
   3631000   37378.175      3.878327e-07   1.9904687e-11  3.8781279e-07  2.9264326e+09
   3632000   37378.939      3.878327e-07   1.1982436e-11  3.8782072e-07  2.9263828e+09
   3633000   37379.21       3.878327e-07   9.1658827e-12  3.8782353e-07  2.9263657e+09
   3634000   37379.266      3.878327e-07   8.5908063e-12  3.8782411e-07  2.9263431e+09
   3635000   37378.86       3.878327e-07   1.2799991e-11  3.878199e-07   2.9263752e+09
   3636000   37378.489      3.878327e-07   1.6646923e-11  3.8781605e-07  2.926426e+09 
   3637000   37379.375      3.878327e-07   7.4571409e-12  3.8782524e-07  2.9263353e+09
   3638000   37377.595      3.878327e-07   2.5923032e-11  3.8780677e-07  2.926532e+09 
   3639000   37379.446      3.878327e-07   6.7183571e-12  3.8782598e-07  2.9263374e+09
   3640000   37378.575      3.8783269e-07  1.5750498e-11  3.8781694e-07  2.9263908e+09
   3641000   37378.381      3.878327e-07   1.7776087e-11  3.8781493e-07  2.9264286e+09
   3642000   37379.151      3.878327e-07   9.7794624e-12  3.8782292e-07  2.9263579e+09
   3643000   37379.244      3.878327e-07   8.810851e-12   3.8782389e-07  2.9263443e+09
   3644000   37378.351      3.878327e-07   1.808186e-11   3.8781462e-07  2.9264342e+09
   3645000   37379.026      3.878327e-07   1.1079602e-11  3.8782162e-07  2.9263763e+09
   3646000   37378.757      3.878327e-07   1.3868364e-11  3.8781883e-07  2.9264173e+09
   3647000   37378.73       3.878327e-07   1.4150078e-11  3.8781855e-07  2.926401e+09 
   3648000   37379.077      3.878327e-07   1.0541457e-11  3.8782216e-07  2.9263906e+09
   3649000   37378.965      3.878327e-07   1.1705013e-11  3.8782099e-07  2.9263897e+09
   3650000   37378.45       3.878327e-07   1.7055643e-11  3.8781564e-07  2.9264262e+09
   3651000   37378.562      3.8783269e-07  1.5890405e-11  3.878168e-07   2.9264313e+09
   3652000   37379.247      3.878327e-07   8.7842646e-12  3.8782391e-07  2.9263566e+09
   3653000   37379.372      3.878327e-07   7.4825096e-12  3.8782522e-07  2.9263487e+09
   3654000   37378.585      3.878327e-07   1.5653633e-11  3.8781705e-07  2.9264115e+09
   3655000   37379.011      3.878327e-07   1.1228415e-11  3.8782147e-07  2.9263772e+09
   3656000   37379.197      3.878327e-07   9.3037721e-12  3.878234e-07   2.9263625e+09
   3657000   37377.732      3.8783268e-07  2.4485683e-11  3.878082e-07   2.9264224e+09
   3658000   37379.11       3.878327e-07   1.0201141e-11  3.878225e-07   2.9263682e+09
   3659000   37379.069      3.878327e-07   1.0631894e-11  3.8782207e-07  2.9263628e+09
   3660000   37378.135      3.878327e-07   2.0325138e-11  3.8781238e-07  2.9264529e+09
   3661000   37379.376      3.878327e-07   7.4425843e-12  3.8782526e-07  2.9263236e+09
   3662000   37378.863      3.878327e-07   1.2769922e-11  3.8781993e-07  2.9264155e+09
   3663000   37378.443      3.878327e-07   1.711879e-11   3.8781558e-07  2.9264217e+09
   3664000   37379.519      3.878327e-07   5.9625074e-12  3.8782674e-07  2.9263269e+09
   3665000   37378.486      3.878327e-07   1.6676827e-11  3.8781602e-07  2.9264336e+09
   3666000   37379.327      3.878327e-07   7.9489055e-12  3.8782475e-07  2.9263477e+09
   3667000   37377.912      3.878327e-07   2.2628941e-11  3.8781007e-07  2.9264602e+09
   3668000   37378.597      3.878327e-07   1.5529393e-11  3.8781717e-07  2.9264206e+09
   3669000   37378.772      3.878327e-07   1.3713966e-11  3.8781899e-07  2.9264005e+09
   3670000   37378.195      3.8783269e-07  1.9684892e-11  3.87813e-07    2.9264308e+09
   3671000   37378.063      3.878327e-07   2.106702e-11   3.8781163e-07  2.9264489e+09
   3672000   37379.596      3.878327e-07   5.1580804e-12  3.8782754e-07  2.9263178e+09
   3673000   37379.098      3.878327e-07   1.0327887e-11  3.8782237e-07  2.9263584e+09
   3674000   37378.859      3.878327e-07   1.2811265e-11  3.8781989e-07  2.9263899e+09
   3675000   37379.222      3.878327e-07   9.0426468e-12  3.8782366e-07  2.9263735e+09
   3676000   37378.585      3.8783269e-07  1.5641409e-11  3.8781705e-07  2.9264014e+09
   3677000   37378.428      3.878327e-07   1.7280251e-11  3.8781542e-07  2.9263984e+09
   3678000   37378.992      3.878327e-07   1.1429192e-11  3.8782127e-07  2.9263802e+09
   3679000   37379.184      3.878327e-07   9.4385598e-12  3.8782326e-07  2.926354e+09 
   3680000   37378.408      3.878327e-07   1.7489607e-11  3.8781521e-07  2.926416e+09 
   3681000   37379.142      3.878327e-07   9.8724504e-12  3.8782283e-07  2.9263697e+09
   3682000   37379.486      3.878327e-07   6.3018671e-12  3.878264e-07   2.9263245e+09
   3683000   37378.711      3.878327e-07   1.4342304e-11  3.8781836e-07  2.9263917e+09
   3684000   37378.898      3.878327e-07   1.2402683e-11  3.878203e-07   2.9264102e+09
   3685000   37378.965      3.878327e-07   1.1704135e-11  3.8782099e-07  2.926377e+09 
   3686000   37379.047      3.878327e-07   1.0860733e-11  3.8782184e-07  2.9263797e+09
   3687000   37377.09       3.8783271e-07  3.1168901e-11  3.8780154e-07  2.9264556e+09
   3688000   37378.673      3.878327e-07   1.4737526e-11  3.8781796e-07  2.9264191e+09
   3689000   37378.939      3.878327e-07   1.1983543e-11  3.8782072e-07  2.9263829e+09
   3690000   37378.298      3.8783272e-07  1.8649816e-11  3.8781407e-07  2.9264115e+09
   3691000   37378.529      3.878327e-07   1.6232142e-11  3.8781647e-07  2.9264114e+09
   3692000   37378.888      3.878327e-07   1.2510037e-11  3.8782019e-07  2.9263992e+09
   3693000   37377.208      3.878327e-07   2.9944705e-11  3.8780276e-07  2.9264404e+09
   3694000   37379.53       3.878327e-07   5.8490669e-12  3.8782685e-07  2.9263204e+09
   3695000   37379.118      3.878327e-07   1.0119179e-11  3.8782258e-07  2.9263668e+09
   3696000   37378.483      3.878327e-07   1.6711768e-11  3.8781599e-07  2.9264031e+09
   3697000   37378.926      3.878327e-07   1.2110005e-11  3.8782059e-07  2.9263873e+09
   3698000   37378.9        3.878327e-07   1.2379801e-11  3.8782032e-07  2.9263515e+09
   3699000   37378.719      3.878327e-07   1.4256445e-11  3.8781844e-07  2.9264235e+09
   3700000   37378.965      3.878327e-07   1.1708021e-11  3.8782099e-07  2.9263888e+09
   3701000   37378.732      3.878327e-07   1.4128739e-11  3.8781857e-07  2.9263836e+09
   3702000   37379.126      3.878327e-07   1.004319e-11   3.8782266e-07  2.9263617e+09
   3703000   37378.551      3.878327e-07   1.599967e-11   3.878167e-07   2.9264191e+09
   3704000   37378.857      3.878327e-07   1.2825496e-11  3.8781987e-07  2.9264041e+09
   3705000   37378.806      3.878327e-07   1.335346e-11   3.8781934e-07  2.9263993e+09
   3706000   37377.868      3.878327e-07   2.3088814e-11  3.8780961e-07  2.9264954e+09
   3707000   37379.612      3.878327e-07   5.000462e-12   3.878277e-07   2.9263114e+09
   3708000   37378.958      3.878327e-07   1.1787359e-11  3.8782091e-07  2.9263873e+09
   3709000   37379.058      3.878327e-07   1.0744298e-11  3.8782195e-07  2.9263807e+09
   3710000   37379.05       3.878327e-07   1.0825051e-11  3.8782187e-07  2.9263787e+09
   3711000   37378.781      3.878327e-07   1.3616791e-11  3.8781908e-07  2.9263804e+09
   3712000   37379.365      3.878327e-07   7.5604703e-12  3.8782514e-07  2.9263438e+09
   3713000   37378.652      3.878327e-07   1.4949836e-11  3.8781775e-07  2.9263935e+09
   3714000   37377.873      3.878327e-07   2.3035456e-11  3.8780966e-07  2.9264326e+09
   3715000   37378.851      3.878327e-07   1.2892077e-11  3.8781981e-07  2.9263896e+09
   3716000   37379.718      3.878327e-07   3.8919475e-12  3.8782881e-07  2.9262977e+09
   3717000   37375.508      3.8783271e-07  4.7591704e-11  3.8778512e-07  2.9266963e+09
   3718000   37379.147      3.878327e-07   9.8201309e-12  3.8782288e-07  2.9263519e+09
   3719000   37378.612      3.878327e-07   1.5370051e-11  3.8781733e-07  2.9263998e+09
   3720000   37378.095      3.878327e-07   2.0734995e-11  3.8781197e-07  2.9264576e+09
   3721000   37378.917      3.878327e-07   1.2203319e-11  3.878205e-07   2.9263843e+09
   3722000   37379.249      3.878327e-07   8.7590286e-12  3.8782394e-07  2.9263657e+09
   3723000   37377.588      3.878327e-07   2.5996637e-11  3.878067e-07   2.9264734e+09
   3724000   37378.379      3.878327e-07   1.7786357e-11  3.8781491e-07  2.9263936e+09
   3725000   37378.829      3.8783269e-07  1.3111336e-11  3.8781958e-07  2.9263911e+09
   3726000   37377.018      3.878327e-07   3.1910956e-11  3.8780079e-07  2.9264978e+09
   3727000   37378.171      3.878327e-07   1.9946861e-11  3.8781275e-07  2.9264288e+09
   3728000   37379.08       3.878327e-07   1.0520856e-11  3.8782218e-07  2.926365e+09 
   3729000   37379.563      3.878327e-07   5.5023878e-12  3.878272e-07   2.9263178e+09
   3730000   37379.275      3.878327e-07   8.4908639e-12  3.8782421e-07  2.9263524e+09
   3731000   37376.689      3.8783272e-07  3.5347086e-11  3.8779738e-07  2.9264784e+09
   3732000   37378.938      3.878327e-07   1.1982024e-11  3.8782071e-07  2.9263779e+09
   3733000   37379.148      3.878327e-07   9.8076855e-12  3.8782289e-07  2.9263589e+09
   3734000   37377.482      3.878327e-07   2.7101038e-11  3.878056e-07   2.9265002e+09
   3735000   37379.466      3.878327e-07   6.5069798e-12  3.8782619e-07  2.9263357e+09
   3736000   37378.44       3.878327e-07   1.7164515e-11  3.8781554e-07  2.926408e+09 
   3737000   37379.214      3.878327e-07   9.1268674e-12  3.8782357e-07  2.9263542e+09
   3738000   37378.118      3.878327e-07   2.05021e-11    3.878122e-07   2.9264141e+09
   3739000   37377.54       3.878327e-07   2.6493225e-11  3.8780621e-07  2.9264633e+09
   3740000   37378.569      3.878327e-07   1.5812945e-11  3.8781689e-07  2.9264229e+09
   3741000   37379.073      3.878327e-07   1.0591673e-11  3.8782211e-07  2.9263633e+09
   3742000   37379.256      3.878327e-07   8.6946682e-12  3.87824e-07    2.9263566e+09
   3743000   37379.275      3.878327e-07   8.495231e-12   3.878242e-07   2.9263312e+09
   3744000   37379.516      3.878327e-07   5.9969527e-12  3.878267e-07   2.9263265e+09
   3745000   37378.936      3.878327e-07   1.2005095e-11  3.8782069e-07  2.9263957e+09
   3746000   37378.962      3.878327e-07   1.1735541e-11  3.8782096e-07  2.9264039e+09
   3747000   37379.394      3.878327e-07   7.2596995e-12  3.8782544e-07  2.9263264e+09
   3748000   37378.352      3.878327e-07   1.8068935e-11  3.8781463e-07  2.9264182e+09
   3749000   37379.096      3.878327e-07   1.0345148e-11  3.8782235e-07  2.926374e+09 
   3750000   37378.611      3.878327e-07   1.5375801e-11  3.8781732e-07  2.9264218e+09
   3751000   37379.1        3.878327e-07   1.0306533e-11  3.8782239e-07  2.9263703e+09
   3752000   37379.005      3.878327e-07   1.1292541e-11  3.8782141e-07  2.9263727e+09
   3753000   37378.644      3.878327e-07   1.5041164e-11  3.8781766e-07  2.9264147e+09
   3754000   37379.29       3.878327e-07   8.340383e-12   3.8782436e-07  2.926348e+09 
   3755000   37378.721      3.878327e-07   1.4241907e-11  3.8781846e-07  2.9263993e+09
   3756000   37379.267      3.8783269e-07  8.5642759e-12  3.8782413e-07  2.9263524e+09
   3757000   37378.726      3.878327e-07   1.4187578e-11  3.8781851e-07  2.9263937e+09
   3758000   37378.64       3.878327e-07   1.5085036e-11  3.8781761e-07  2.9264094e+09
   3759000   37378.842      3.878327e-07   1.2983287e-11  3.8781972e-07  2.9263827e+09
   3760000   37378.075      3.878327e-07   2.0948697e-11  3.8781175e-07  2.9263744e+09
   3761000   37378.914      3.878327e-07   1.2238486e-11  3.8782046e-07  2.9263944e+09
   3762000   37378.933      3.878327e-07   1.2045137e-11  3.8782065e-07  2.9263752e+09
   3763000   37378.718      3.878327e-07   1.4272728e-11  3.8781843e-07  2.9264042e+09
   3764000   37379.189      3.878327e-07   9.3858168e-12  3.8782331e-07  2.9263555e+09
   3765000   37379.603      3.878327e-07   5.0868911e-12  3.8782761e-07  2.9263092e+09
   3766000   37379.603      3.878327e-07   5.0943269e-12  3.8782761e-07  2.9263186e+09
   3767000   37379.23       3.878327e-07   8.9564587e-12  3.8782374e-07  2.9263465e+09
   3768000   37378.09       3.878327e-07   2.0783898e-11  3.8781192e-07  2.9264201e+09
   3769000   37378.243      3.878327e-07   1.9200896e-11  3.878135e-07   2.9264104e+09
   3770000   37378.854      3.878327e-07   1.2866145e-11  3.8781983e-07  2.9263795e+09
   3771000   37378.372      3.8783269e-07  1.7856421e-11  3.8781484e-07  2.9264214e+09
   3772000   37378.751      3.878327e-07   1.3925456e-11  3.8781877e-07  2.9264175e+09
   3773000   37378.133      3.878327e-07   2.034535e-11   3.8781236e-07  2.9264709e+09
   3774000   37378.828      3.878327e-07   1.3128906e-11  3.8781957e-07  2.9263801e+09
   3775000   37379.35       3.878327e-07   7.7100007e-12  3.8782499e-07  2.9263391e+09
   3776000   37375.684      3.878327e-07   4.5752935e-11  3.8778695e-07  2.926483e+09 
   3777000   37378.7        3.878327e-07   1.4461684e-11  3.8781824e-07  2.926415e+09 
   3778000   37379.43       3.878327e-07   6.8879159e-12  3.8782581e-07  2.9263375e+09
   3779000   37379.229      3.878327e-07   8.9714868e-12  3.8782373e-07  2.9263629e+09
   3780000   37377.701      3.8783271e-07  2.4834265e-11  3.8780787e-07  2.9264518e+09
   3781000   37379.189      3.878327e-07   9.3788883e-12  3.8782332e-07  2.926343e+09 
   3782000   37379.533      3.878327e-07   5.812632e-12   3.8782689e-07  2.9263216e+09
   3783000   37378.162      3.8783269e-07  2.003116e-11   3.8781266e-07  2.9264857e+09
   3784000   37379.137      3.878327e-07   9.925053e-12   3.8782278e-07  2.926371e+09 
   3785000   37378.501      3.878327e-07   1.6529523e-11  3.8781617e-07  2.9264047e+09
   3786000   37379.077      3.878327e-07   1.0544927e-11  3.8782215e-07  2.9263695e+09
   3787000   37379.098      3.878327e-07   1.0328711e-11  3.8782237e-07  2.9263717e+09
   3788000   37379.34       3.878327e-07   7.8217121e-12  3.8782488e-07  2.9263445e+09
   3789000   37379.051      3.878327e-07   1.081155e-11   3.8782189e-07  2.9263754e+09
   3790000   37379.032      3.878327e-07   1.1012808e-11  3.8782169e-07  2.9263676e+09
   3791000   37378.058      3.878327e-07   2.1122645e-11  3.8781158e-07  2.926457e+09 
   3792000   37378.985      3.878327e-07   1.1498975e-11  3.878212e-07   2.9263762e+09
   3793000   37378.681      3.878327e-07   1.4658283e-11  3.8781804e-07  2.9264105e+09
   3794000   37379.384      3.878327e-07   7.3582716e-12  3.8782534e-07  2.9263425e+09
   3795000   37378.887      3.878327e-07   1.251658e-11   3.8782018e-07  2.9263834e+09
   3796000   37378.114      3.878327e-07   2.0534323e-11  3.8781217e-07  2.9264014e+09
   3797000   37378.928      3.878327e-07   1.2090209e-11  3.8782061e-07  2.9263867e+09
   3798000   37378.539      3.878327e-07   1.6131101e-11  3.8781657e-07  2.9264266e+09
   3799000   37378.666      3.878327e-07   1.4807566e-11  3.8781789e-07  2.926401e+09 
   3800000   37378.923      3.878327e-07   1.2142807e-11  3.8782056e-07  2.9263816e+09
   3801000   37378.707      3.878327e-07   1.4385078e-11  3.8781831e-07  2.9264111e+09
   3802000   37379.152      3.878327e-07   9.7711094e-12  3.8782293e-07  2.9263711e+09
   3803000   37378.865      3.878327e-07   1.2742253e-11  3.8781996e-07  2.9263793e+09
   3804000   37378.438      3.878327e-07   1.7178974e-11  3.8781552e-07  2.9264063e+09
   3805000   37378.91       3.878327e-07   1.2278553e-11  3.8782042e-07  2.9263834e+09
   3806000   37378.594      3.8783269e-07  1.5547824e-11  3.8781714e-07  2.9264037e+09
   3807000   37378.545      3.878327e-07   1.6064819e-11  3.8781663e-07  2.9263946e+09
   3808000   37378.428      3.878327e-07   1.7278532e-11  3.8781542e-07  2.9264269e+09
   3809000   37378.562      3.878327e-07   1.5885848e-11  3.8781681e-07  2.9264134e+09
   3810000   37379.248      3.878327e-07   8.7761383e-12  3.8782392e-07  2.926357e+09 
   3811000   37377.624      3.878327e-07   2.5624731e-11  3.8780708e-07  2.9264673e+09
   3812000   37379.427      3.878327e-07   6.9190297e-12  3.8782578e-07  2.9263271e+09
   3813000   37378.98       3.878327e-07   1.1553675e-11  3.8782115e-07  2.9263674e+09
   3814000   37379.19       3.878327e-07   9.3696492e-12  3.8782333e-07  2.9263665e+09
   3815000   37379.166      3.878327e-07   9.6244159e-12  3.8782308e-07  2.926351e+09 
   3816000   37379.453      3.878327e-07   6.6482334e-12  3.8782605e-07  2.9263329e+09
   3817000   37376.933      3.8783271e-07  3.2804043e-11  3.8779991e-07  2.9264685e+09
   3818000   37378.716      3.8783269e-07  1.4288185e-11  3.878184e-07   2.9263798e+09
   3819000   37378.743      3.878327e-07   1.4013607e-11  3.8781868e-07  2.9263833e+09
   3820000   37379.36       3.878327e-07   7.6080034e-12  3.8782509e-07  2.9263572e+09
   3821000   37379.043      3.878327e-07   1.0902209e-11  3.878218e-07   2.9263607e+09
   3822000   37378.666      3.878327e-07   1.4812746e-11  3.8781788e-07  2.9263967e+09
   3823000   37378.859      3.878327e-07   1.2800949e-11  3.878199e-07   2.9263852e+09
   3824000   37378.864      3.878327e-07   1.2756484e-11  3.8781994e-07  2.9263806e+09
   3825000   37379.016      3.878327e-07   1.1184493e-11  3.8782152e-07  2.9263646e+09
   3826000   37378.387      3.878327e-07   1.7710639e-11  3.8781499e-07  2.9264328e+09
   3827000   37378.701      3.878327e-07   1.444612e-11   3.8781825e-07  2.9264024e+09
   3828000   37378.335      3.878327e-07   1.8244307e-11  3.8781445e-07  2.9264391e+09
   3829000   37378.299      3.878327e-07   1.8620743e-11  3.8781408e-07  2.9264229e+09
   3830000   37378.194      3.878327e-07   1.9708236e-11  3.8781299e-07  2.9264324e+09
   3831000   37378.339      3.878327e-07   1.8201734e-11  3.878145e-07   2.9264387e+09
   3832000   37378.841      3.878327e-07   1.2993144e-11  3.8781971e-07  2.9263871e+09
   3833000   37378.392      3.878327e-07   1.7654684e-11  3.8781504e-07  2.9264163e+09
   3834000   37378.866      3.878327e-07   1.273292e-11   3.8781996e-07  2.9263849e+09
   3835000   37379.033      3.878327e-07   1.1000556e-11  3.878217e-07   2.9263817e+09
   3836000   37378.968      3.878327e-07   1.1676312e-11  3.8782102e-07  2.9263748e+09
   3837000   37379.146      3.878327e-07   9.8288882e-12  3.8782287e-07  2.9263594e+09
   3838000   37378.728      3.878327e-07   1.4165063e-11  3.8781853e-07  2.926398e+09 
   3839000   37378.935      3.878327e-07   1.2017557e-11  3.8782068e-07  2.9263737e+09
   3840000   37378.842      3.878327e-07   1.2982558e-11  3.8781972e-07  2.9263812e+09
   3841000   37378.556      3.878327e-07   1.5951765e-11  3.8781675e-07  2.9264126e+09
   3842000   37379.062      3.878327e-07   1.0697129e-11  3.87822e-07    2.9263678e+09
   3843000   37379.012      3.878327e-07   1.1218286e-11  3.8782148e-07  2.926371e+09 
   3844000   37379.19       3.878327e-07   9.368198e-12   3.8782333e-07  2.9263566e+09
   3845000   37377.758      3.878327e-07   2.4237481e-11  3.8780846e-07  2.9264473e+09
   3846000   37378.927      3.878327e-07   1.2102263e-11  3.878206e-07   2.9263808e+09
   3847000   37377.649      3.878327e-07   2.536281e-11   3.8780734e-07  2.926477e+09 
   3848000   37378.695      3.878327e-07   1.4514946e-11  3.8781819e-07  2.926393e+09 
   3849000   37379.041      3.878327e-07   1.0916982e-11  3.8782178e-07  2.9263534e+09
   3850000   37379.239      3.878327e-07   8.8698432e-12  3.8782383e-07  2.9263496e+09
   3851000   37378.777      3.878327e-07   1.3657303e-11  3.8781904e-07  2.9263753e+09
   3852000   37379.574      3.878327e-07   5.3919288e-12  3.8782731e-07  2.9263193e+09
   3853000   37378.923      3.878327e-07   1.2141617e-11  3.8782056e-07  2.9263838e+09
   3854000   37379.136      3.878327e-07   9.9365249e-12  3.8782276e-07  2.9263402e+09
   3855000   37378.435      3.878327e-07   1.7203837e-11  3.878155e-07   2.9263957e+09
   3856000   37376.656      3.878327e-07   3.5664382e-11  3.8779704e-07  2.9264937e+09
   3857000   37379.286      3.878327e-07   8.3738131e-12  3.8782432e-07  2.9263557e+09
   3858000   37378.544      3.878327e-07   1.6073764e-11  3.8781662e-07  2.926414e+09 
   3859000   37377.393      3.878327e-07   2.8021606e-11  3.8780468e-07  2.9264605e+09
   3860000   37378.937      3.878327e-07   1.1993606e-11  3.878207e-07   2.9263867e+09
   3861000   37378.201      3.878327e-07   1.964012e-11   3.8781306e-07  2.9264302e+09
   3862000   37379.288      3.878327e-07   8.3541581e-12  3.8782435e-07  2.9263552e+09
   3863000   37378.498      3.878327e-07   1.6551342e-11  3.8781615e-07  2.9264371e+09
   3864000   37378.962      3.878327e-07   1.1738421e-11  3.8782096e-07  2.9263832e+09
   3865000   37378.972      3.878327e-07   1.1639488e-11  3.8782106e-07  2.9263656e+09
   3866000   37378.982      3.878327e-07   1.1537352e-11  3.8782116e-07  2.9263841e+09
   3867000   37378.913      3.878327e-07   1.224607e-11   3.8782045e-07  2.9263936e+09
   3868000   37379.097      3.878327e-07   1.0338043e-11  3.8782236e-07  2.9263679e+09
   3869000   37378.53       3.878327e-07   1.621823e-11   3.8781648e-07  2.9264177e+09
   3870000   37379          3.878327e-07   1.1343977e-11  3.8782136e-07  2.9263743e+09
   3871000   37379.364      3.878327e-07   7.5666936e-12  3.8782513e-07  2.9263441e+09
   3872000   37379.301      3.878327e-07   8.2172185e-12  3.8782448e-07  2.9263426e+09
   3873000   37378.353      3.878327e-07   1.8058353e-11  3.8781464e-07  2.9264221e+09
   3874000   37379.279      3.878327e-07   8.4462063e-12  3.8782425e-07  2.9263378e+09
   3875000   37378.634      3.878327e-07   1.5142367e-11  3.8781756e-07  2.9264301e+09
   3876000   37379.165      3.878327e-07   9.632761e-12   3.8782307e-07  2.9263682e+09
   3877000   37379.094      3.878327e-07   1.037255e-11   3.8782233e-07  2.9263746e+09
   3878000   37378.238      3.878327e-07   1.925415e-11   3.8781345e-07  2.9264243e+09
   3879000   37377.555      3.878327e-07   2.633958e-11   3.8780636e-07  2.9264553e+09
   3880000   37379.314      3.878327e-07   8.0890892e-12  3.8782461e-07  2.9263504e+09
   3881000   37378.362      3.878327e-07   1.7965073e-11  3.8781473e-07  2.9264208e+09
   3882000   37378.903      3.878327e-07   1.2347851e-11  3.8782035e-07  2.9263911e+09
   3883000   37378.059      3.8783268e-07  2.1089052e-11  3.8781159e-07  2.9264347e+09
   3884000   37379.233      3.878327e-07   8.9288368e-12  3.8782377e-07  2.9263599e+09
   3885000   37379.213      3.878327e-07   9.1324597e-12  3.8782357e-07  2.9263687e+09
   3886000   37379.051      3.878327e-07   1.0814731e-11  3.8782189e-07  2.9263881e+09
   3887000   37379.279      3.878327e-07   8.4543703e-12  3.8782424e-07  2.9263506e+09
   3888000   37378.884      3.878327e-07   1.2550135e-11  3.8782015e-07  2.9264022e+09
   3889000   37378.703      3.878327e-07   1.4421859e-11  3.8781828e-07  2.9264221e+09
   3890000   37379.058      3.878327e-07   1.0747049e-11  3.8782195e-07  2.9263895e+09
   3891000   37378.553      3.878327e-07   1.5987157e-11  3.8781671e-07  2.9263939e+09
   3892000   37378.496      3.878327e-07   1.6577752e-11  3.8781612e-07  2.9264051e+09
   3893000   37379.384      3.878327e-07   7.3602405e-12  3.8782534e-07  2.9263411e+09
   3894000   37378.688      3.878327e-07   1.4584712e-11  3.8781811e-07  2.9264282e+09
   3895000   37378.194      3.878327e-07   1.9711221e-11  3.8781299e-07  2.9264453e+09
   3896000   37379.086      3.878327e-07   1.0453714e-11  3.8782225e-07  2.9263774e+09
   3897000   37378.473      3.878327e-07   1.6813057e-11  3.8781588e-07  2.9264545e+09
   3898000   37378.734      3.878327e-07   1.4105184e-11  3.8781859e-07  2.9263877e+09
   3899000   37377.601      3.8783269e-07  2.585535e-11   3.8780684e-07  2.9264734e+09
   3900000   37379.262      3.878327e-07   8.6314007e-12  3.8782407e-07  2.92635e+09  
   3901000   37379.08       3.878327e-07   1.0519026e-11  3.8782218e-07  2.9263702e+09
   3902000   37378.366      3.8783269e-07  1.7920001e-11  3.8781477e-07  2.9263872e+09
   3903000   37378.788      3.878327e-07   1.3542021e-11  3.8781916e-07  2.9263813e+09
   3904000   37378.808      3.878327e-07   1.3335219e-11  3.8781936e-07  2.9263861e+09
   3905000   37378.797      3.878327e-07   1.3448508e-11  3.8781925e-07  2.9263997e+09
   3906000   37379.383      3.878327e-07   7.3672604e-12  3.8782533e-07  2.926334e+09 
   3907000   37379.39       3.878327e-07   7.3003946e-12  3.878254e-07   2.9263388e+09
   3908000   37379.174      3.878327e-07   9.5370264e-12  3.8782316e-07  2.926365e+09 
   3909000   37379.295      3.878327e-07   8.289699e-12   3.8782441e-07  2.926333e+09 
   3910000   37379.424      3.878327e-07   6.949997e-12   3.8782575e-07  2.9263442e+09
   3911000   37378.941      3.878327e-07   1.1960384e-11  3.8782074e-07  2.9263871e+09
   3912000   37377.834      3.878327e-07   2.3440084e-11  3.8780926e-07  2.9264767e+09
   3913000   37379.266      3.878327e-07   8.5846632e-12  3.8782412e-07  2.9263462e+09
   3914000   37379.221      3.878327e-07   9.0539184e-12  3.8782365e-07  2.9263531e+09
   3915000   37378.519      3.878327e-07   1.6332312e-11  3.8781637e-07  2.9264016e+09
   3916000   37379.44       3.878327e-07   6.7766959e-12  3.8782592e-07  2.9263373e+09
   3917000   37378.285      3.878327e-07   1.8759379e-11  3.8781394e-07  2.9264317e+09
   3918000   37378.544      3.878327e-07   1.6072178e-11  3.8781663e-07  2.9264065e+09
   3919000   37379.346      3.8783269e-07  7.7529641e-12  3.8782494e-07  2.9263391e+09
   3920000   37379.283      3.878327e-07   8.4065628e-12  3.8782429e-07  2.9263514e+09
   3921000   37378.76       3.878327e-07   1.3834235e-11  3.8781886e-07  2.9263972e+09
   3922000   37378.672      3.878327e-07   1.4750644e-11  3.8781795e-07  2.9263602e+09
   3923000   37378.687      3.878327e-07   1.4595374e-11  3.878181e-07   2.9264107e+09
   3924000   37377.31       3.878327e-07   2.8880544e-11  3.8780382e-07  2.9265082e+09
   3925000   37378.489      3.878327e-07   1.6650133e-11  3.8781605e-07  2.9264024e+09
   3926000   37377.28       3.878327e-07   2.9196645e-11  3.8780351e-07  2.9265144e+09
   3927000   37379.266      3.878327e-07   8.5895226e-12  3.8782411e-07  2.9263439e+09
   3928000   37378.631      3.878327e-07   1.5171874e-11  3.8781753e-07  2.9264034e+09
   3929000   37377.87       3.878327e-07   2.3063125e-11  3.8780963e-07  2.9264392e+09
   3930000   37378.78       3.878327e-07   1.362724e-11   3.8781907e-07  2.9263947e+09
   3931000   37379.115      3.878327e-07   1.0148989e-11  3.8782255e-07  2.9263747e+09
   3932000   37378.992      3.878327e-07   1.1431723e-11  3.8782127e-07  2.926373e+09 
   3933000   37378.236      3.8783269e-07  1.9266915e-11  3.8781342e-07  2.9264139e+09
   3934000   37379.079      3.878327e-07   1.0529408e-11  3.8782217e-07  2.9263768e+09
   3935000   37379.169      3.878327e-07   9.5895518e-12  3.8782311e-07  2.9263571e+09
   3936000   37378.625      3.878327e-07   1.5233177e-11  3.8781747e-07  2.9263977e+09
   3937000   37378.368      3.878327e-07   1.7908272e-11  3.8781479e-07  2.9264227e+09
   3938000   37379.201      3.878327e-07   9.2600168e-12  3.8782344e-07  2.9263537e+09
   3939000   37379.339      3.878327e-07   7.826513e-12   3.8782487e-07  2.9263434e+09
   3940000   37378.265      3.878327e-07   1.8972242e-11  3.8781373e-07  2.926457e+09 
   3941000   37378.987      3.878327e-07   1.1476096e-11  3.8782122e-07  2.9263536e+09
   3942000   37378.776      3.878327e-07   1.3669223e-11  3.8781903e-07  2.9264144e+09
   3943000   37379.472      3.878327e-07   6.4525771e-12  3.8782625e-07  2.9263363e+09
   3944000   37378.426      3.878327e-07   1.7294686e-11  3.878154e-07   2.9264475e+09
   3945000   37379.159      3.878327e-07   9.6913593e-12  3.8782301e-07  2.9263678e+09
   3946000   37379.46       3.878327e-07   6.5693747e-12  3.8782613e-07  2.9263242e+09
   3947000   37379.341      3.878327e-07   7.8082066e-12  3.8782489e-07  2.9263444e+09
   3948000   37378.406      3.878327e-07   1.7500489e-11  3.878152e-07   2.9264141e+09
   3949000   37378.604      3.878327e-07   1.5451708e-11  3.8781725e-07  2.9264181e+09
   3950000   37379.379      3.878327e-07   7.4114395e-12  3.8782529e-07  2.9263339e+09
   3951000   37378.851      3.878327e-07   1.2888734e-11  3.8781981e-07  2.9263992e+09
   3952000   37379.11       3.878327e-07   1.0204994e-11  3.8782249e-07  2.9263586e+09
   3953000   37379.191      3.878327e-07   9.3669827e-12  3.8782333e-07  2.9263487e+09
   3954000   37379.094      3.878327e-07   1.036734e-11   3.8782233e-07  2.9263733e+09
   3955000   37377.874      3.878327e-07   2.3030023e-11  3.8780967e-07  2.9264511e+09
   3956000   37379.227      3.878327e-07   8.9872443e-12  3.8782371e-07  2.9263567e+09
   3957000   37378.053      3.878327e-07   2.117178e-11   3.8781153e-07  2.9264377e+09
   3958000   37378.209      3.878327e-07   1.9558239e-11  3.8781314e-07  2.9264332e+09
   3959000   37379.299      3.878327e-07   8.242353e-12   3.8782446e-07  2.9263605e+09
   3960000   37379.144      3.878327e-07   9.8545852e-12  3.8782284e-07  2.92635e+09  
   3961000   37379.307      3.878327e-07   8.1600794e-12  3.8782454e-07  2.9263444e+09
   3962000   37377.402      3.878327e-07   2.7929257e-11  3.8780478e-07  2.9265334e+09
   3963000   37379.095      3.878327e-07   1.0357183e-11  3.8782234e-07  2.9263796e+09
   3964000   37379.315      3.878327e-07   8.0797929e-12  3.8782462e-07  2.926354e+09 
   3965000   37379.031      3.878327e-07   1.1025284e-11  3.8782167e-07  2.9263765e+09
   3966000   37378.145      3.878327e-07   2.0212505e-11  3.8781249e-07  2.9264187e+09
   3967000   37378.377      3.878327e-07   1.7805364e-11  3.8781489e-07  2.9264138e+09
   3968000   37378.772      3.878327e-07   1.3715976e-11  3.8781898e-07  2.9263988e+09
   3969000   37378.55       3.878327e-07   1.6016748e-11  3.8781668e-07  2.9264329e+09
   3970000   37378.798      3.878327e-07   1.3439948e-11  3.8781926e-07  2.9264014e+09
   3971000   37378.807      3.878327e-07   1.3342788e-11  3.8781936e-07  2.9264079e+09
   3972000   37378.021      3.8783269e-07  2.1488735e-11  3.878112e-07   2.9264251e+09
   3973000   37378.285      3.878327e-07   1.8767361e-11  3.8781393e-07  2.9264087e+09
   3974000   37379.18       3.878327e-07   9.4765609e-12  3.8782322e-07  2.9263646e+09
   3975000   37379.028      3.878327e-07   1.1058184e-11  3.8782164e-07  2.9263634e+09
   3976000   37379.208      3.878327e-07   9.1849589e-12  3.8782351e-07  2.9263554e+09
   3977000   37378.559      3.878327e-07   1.5921591e-11  3.8781678e-07  2.926404e+09 
   3978000   37379.33       3.878327e-07   7.9269238e-12  3.8782477e-07  2.9263297e+09
   3979000   37379.283      3.878327e-07   8.4096307e-12  3.8782429e-07  2.9263625e+09
   3980000   37379.271      3.878327e-07   8.5297832e-12  3.8782417e-07  2.9263567e+09
   3981000   37378.025      3.878327e-07   2.1458229e-11  3.8781124e-07  2.926453e+09 
   3982000   37378.098      3.878327e-07   2.0709191e-11  3.8781199e-07  2.9264499e+09
   3983000   37378.424      3.878327e-07   1.7323648e-11  3.8781538e-07  2.9264275e+09
   3984000   37378.672      3.878327e-07   1.4752999e-11  3.8781795e-07  2.9264143e+09
   3985000   37378.065      3.878327e-07   2.1051696e-11  3.8781165e-07  2.926447e+09 
   3986000   37378.388      3.878327e-07   1.7697899e-11  3.87815e-07    2.9263995e+09
   3987000   37379.012      3.878327e-07   1.1216533e-11  3.8782148e-07  2.9263623e+09
   3988000   37377.545      3.878327e-07   2.6440514e-11  3.8780625e-07  2.926541e+09 
   3989000   37379.232      3.878327e-07   8.9387543e-12  3.8782376e-07  2.9263431e+09
   3990000   37378.113      3.878327e-07   2.0548569e-11  3.8781215e-07  2.9264647e+09
   3991000   37378.995      3.878327e-07   1.1395252e-11  3.878213e-07   2.9263779e+09
   3992000   37379.428      3.878327e-07   6.9083303e-12  3.8782579e-07  2.9263291e+09
   3993000   37378.658      3.878327e-07   1.4888792e-11  3.8781781e-07  2.9264033e+09
   3994000   37378.089      3.878327e-07   2.0802182e-11  3.878119e-07   2.9264779e+09
   3995000   37378.606      3.878327e-07   1.542964e-11   3.8781727e-07  2.9264121e+09
   3996000   37379.591      3.878327e-07   5.2177424e-12  3.8782748e-07  2.9263167e+09
   3997000   37378.235      3.878327e-07   1.9287235e-11  3.8781341e-07  2.9264117e+09
   3998000   37379.31       3.878327e-07   8.1299999e-12  3.8782457e-07  2.9263483e+09
   3999000   37378.108      3.878327e-07   2.0599043e-11  3.878121e-07   2.9264224e+09
   4000000   37378.974      3.878327e-07   1.1611772e-11  3.8782109e-07  2.9263782e+09
   4001000   37377.988      3.878327e-07   2.1845927e-11  3.8781085e-07  2.9264576e+09
   4002000   37378.09       3.878327e-07   2.0785123e-11  3.8781191e-07  2.9264505e+09
   4003000   37378.719      3.878327e-07   1.4263065e-11  3.8781844e-07  2.9264014e+09
   4004000   37377.601      3.878327e-07   2.5859932e-11  3.8780684e-07  2.9264569e+09
   4005000   37378.067      3.878327e-07   2.1029419e-11  3.8781167e-07  2.9264385e+09
   4006000   37378.293      3.878327e-07   1.868429e-11   3.8781402e-07  2.9264251e+09
   4007000   37378.514      3.878327e-07   1.6393911e-11  3.8781631e-07  2.9264048e+09
   4008000   37378.387      3.878327e-07   1.7706504e-11  3.8781499e-07  2.9264168e+09
   4009000   37379.257      3.878327e-07   8.6809567e-12  3.8782402e-07  2.926351e+09 
   4010000   37379.276      3.878327e-07   8.48617e-12    3.8782421e-07  2.9263449e+09
   4011000   37378.887      3.878327e-07   1.2520164e-11  3.8782018e-07  2.9263834e+09
   4012000   37378.354      3.878327e-07   1.8042883e-11  3.8781466e-07  2.9264375e+09
   4013000   37378.719      3.878327e-07   1.4257044e-11  3.8781844e-07  2.9264126e+09
   4014000   37377.617      3.878327e-07   2.5697226e-11  3.87807e-07    2.9265057e+09
   4015000   37378.328      3.8783269e-07  1.8317681e-11  3.8781438e-07  2.926432e+09 
   4016000   37379.044      3.878327e-07   1.0886076e-11  3.8782181e-07  2.9263718e+09
   4017000   37377.491      3.878327e-07   2.6999989e-11  3.878057e-07   2.9264671e+09
   4018000   37376.594      3.878327e-07   3.6315318e-11  3.8779639e-07  2.9264632e+09
   4019000   37378.877      3.878327e-07   1.26225e-11    3.8782008e-07  2.9264112e+09
   4020000   37378.791      3.878327e-07   1.3512121e-11  3.8781919e-07  2.9263968e+09
   4021000   37377.686      3.878327e-07   2.4978753e-11  3.8780772e-07  2.9265198e+09
   4022000   37378.629      3.878327e-07   1.5195306e-11  3.878175e-07   2.9264169e+09
   4023000   37379.134      3.878327e-07   9.9505035e-12  3.8782275e-07  2.9263739e+09
   4024000   37377.987      3.878327e-07   2.1856791e-11  3.8781084e-07  2.9264583e+09
   4025000   37378.846      3.878327e-07   1.2945819e-11  3.8781975e-07  2.9264132e+09
   4026000   37377.909      3.878327e-07   2.266598e-11   3.8781003e-07  2.9264219e+09
   4027000   37378.243      3.878327e-07   1.9196814e-11  3.878135e-07   2.9264353e+09
   4028000   37378.075      3.878327e-07   2.0942653e-11  3.8781176e-07  2.9264505e+09
   4029000   37378.725      3.878327e-07   1.4201036e-11  3.878185e-07   2.9263834e+09
   4030000   37378.499      3.878327e-07   1.6547249e-11  3.8781615e-07  2.9264173e+09
   4031000   37378.553      3.878327e-07   1.5986046e-11  3.8781671e-07  2.9263969e+09
   4032000   37379.032      3.878327e-07   1.1009987e-11  3.8782169e-07  2.9263913e+09
   4033000   37379.135      3.878327e-07   9.9449476e-12  3.8782276e-07  2.9263532e+09
   4034000   37379.103      3.878327e-07   1.0274664e-11  3.8782242e-07  2.9263748e+09
   4035000   37377.285      3.878327e-07   2.9137538e-11  3.8780356e-07  2.9265377e+09
   4036000   37378.219      3.878327e-07   1.9442933e-11  3.8781326e-07  2.9264587e+09
   4037000   37379.444      3.878327e-07   6.740084e-12   3.8782596e-07  2.9263281e+09
   4038000   37378.2        3.878327e-07   1.9648762e-11  3.8781305e-07  2.9264494e+09
   4039000   37378.237      3.878327e-07   1.9267474e-11  3.8781344e-07  2.9264278e+09
   4040000   37379.188      3.878327e-07   9.3923263e-12  3.8782331e-07  2.926353e+09 
   4041000   37378.614      3.878327e-07   1.5354686e-11  3.8781735e-07  2.9264179e+09
   4042000   37378.59       3.878327e-07   1.5599168e-11  3.878171e-07   2.9264265e+09
   4043000   37379.053      3.878327e-07   1.0792536e-11  3.8782191e-07  2.9263678e+09
   4044000   37378.512      3.878327e-07   1.6403377e-11  3.8781629e-07  2.9263996e+09
   4045000   37378.293      3.878327e-07   1.8683536e-11  3.8781402e-07  2.9264293e+09
   4046000   37378.168      3.878327e-07   1.9973892e-11  3.8781272e-07  2.9264456e+09
   4047000   37378.999      3.878327e-07   1.1351796e-11  3.8782135e-07  2.9263686e+09
   4048000   37378.641      3.878327e-07   1.5074326e-11  3.8781762e-07  2.9264063e+09
   4049000   37377.495      3.8783269e-07  2.694594e-11   3.8780574e-07  2.9264421e+09
   4050000   37379.326      3.878327e-07   7.9638195e-12  3.8782474e-07  2.9263483e+09
   4051000   37376.958      3.8783271e-07  3.2544824e-11  3.8780017e-07  2.9264669e+09
   4052000   37377.865      3.878327e-07   2.3124679e-11  3.8780958e-07  2.9264298e+09
   4053000   37379.042      3.878327e-07   1.0912335e-11  3.8782179e-07  2.9263709e+09
   4054000   37379.238      3.878327e-07   8.8784395e-12  3.8782382e-07  2.9263589e+09
   4055000   37378.684      3.878327e-07   1.4628697e-11  3.8781807e-07  2.9264079e+09
   4056000   37378.124      3.878327e-07   2.0435811e-11  3.8781227e-07  2.9264282e+09
   4057000   37379.438      3.878327e-07   6.8035493e-12  3.878259e-07   2.9263257e+09
   4058000   37375.51       3.8783273e-07  4.7590411e-11  3.8778514e-07  2.9265583e+09
   4059000   37379.138      3.878327e-07   9.9097288e-12  3.8782279e-07  2.9263653e+09
   4060000   37379.19       3.878327e-07   9.3734668e-12  3.8782333e-07  2.9263687e+09
   4061000   37378.842      3.878327e-07   1.2980318e-11  3.8781972e-07  2.9263821e+09
   4062000   37379.357      3.878327e-07   7.6424888e-12  3.8782506e-07  2.9263393e+09
   4063000   37377.695      3.878327e-07   2.4883361e-11  3.8780782e-07  2.9265152e+09
   4064000   37379.333      3.878327e-07   7.8945326e-12  3.878248e-07   2.9263491e+09
   4065000   37377.232      3.8783269e-07  2.9676871e-11  3.8780302e-07  2.9265465e+09
   4066000   37379.052      3.878327e-07   1.0807328e-11  3.8782189e-07  2.9263803e+09
   4067000   37378.833      3.878327e-07   1.3074538e-11  3.8781963e-07  2.9263908e+09
   4068000   37378.17       3.8783269e-07  1.9949705e-11  3.8781274e-07  2.9264276e+09
   4069000   37379.323      3.878327e-07   7.9917787e-12  3.8782471e-07  2.9263367e+09
   4070000   37378.929      3.878327e-07   1.2078156e-11  3.8782062e-07  2.9263853e+09
   4071000   37378.699      3.878327e-07   1.4469533e-11  3.8781823e-07  2.926408e+09 
   4072000   37379.17       3.878327e-07   9.5824115e-12  3.8782312e-07  2.9263735e+09
   4073000   37378.601      3.878327e-07   1.5480441e-11  3.8781722e-07  2.9264165e+09
   4074000   37378.765      3.878327e-07   1.3781342e-11  3.8781892e-07  2.9264172e+09
   4075000   37379.333      3.878327e-07   7.8921499e-12  3.8782481e-07  2.9263438e+09
   4076000   37379.074      3.878327e-07   1.0580047e-11  3.8782212e-07  2.926376e+09 
   4077000   37378.836      3.878327e-07   1.3048517e-11  3.8781965e-07  2.9263902e+09
   4078000   37377.025      3.878327e-07   3.1844987e-11  3.8780086e-07  2.9264705e+09
   4079000   37378.482      3.878327e-07   1.6718865e-11  3.8781598e-07  2.9264008e+09
   4080000   37378.582      3.8783269e-07  1.5682113e-11  3.8781701e-07  2.9264255e+09
   4081000   37379.189      3.878327e-07   9.3898046e-12  3.8782331e-07  2.9263629e+09
   4082000   37379.16       3.878327e-07   9.690027e-12   3.8782301e-07  2.926357e+09 
   4083000   37379.152      3.878327e-07   9.7645544e-12  3.8782293e-07  2.926374e+09 
   4084000   37379.068      3.878327e-07   1.0640888e-11  3.8782206e-07  2.9263636e+09
   4085000   37377.336      3.878327e-07   2.860733e-11   3.8780409e-07  2.926532e+09 
   4086000   37379.222      3.878327e-07   9.0404062e-12  3.8782366e-07  2.9263635e+09
   4087000   37377.202      3.8783269e-07  2.9996813e-11  3.878027e-07   2.9265723e+09
   4088000   37378.918      3.878327e-07   1.2201632e-11  3.878205e-07   2.9263749e+09
   4089000   37378.755      3.878327e-07   1.3892279e-11  3.8781881e-07  2.9264022e+09
   4090000   37379.084      3.878327e-07   1.0477928e-11  3.8782222e-07  2.9263722e+09
   4091000   37378.731      3.878327e-07   1.4139113e-11  3.8781856e-07  2.9264065e+09
   4092000   37378.778      3.878327e-07   1.3646344e-11  3.8781905e-07  2.9264203e+09
   4093000   37378.217      3.878327e-07   1.94731e-11    3.8781323e-07  2.9264169e+09
   4094000   37379.122      3.878327e-07   1.0083627e-11  3.8782262e-07  2.9263756e+09
   4095000   37379.494      3.878327e-07   6.2215223e-12  3.8782648e-07  2.9263254e+09
   4096000   37378.985      3.878327e-07   1.1501946e-11  3.878212e-07   2.9263787e+09
   4097000   37379.387      3.878327e-07   7.3276439e-12  3.8782537e-07  2.926338e+09 
   4098000   37379.362      3.878327e-07   7.5908324e-12  3.8782511e-07  2.9263429e+09
   4099000   37378.577      3.878327e-07   1.5732938e-11  3.8781697e-07  2.9264136e+09
   4100000   37379.496      3.878327e-07   6.1986294e-12  3.878265e-07   2.9263295e+09
   4101000   37378.709      3.878327e-07   1.435806e-11   3.8781834e-07  2.9263791e+09
   4102000   37379.442      3.878327e-07   6.7575974e-12  3.8782594e-07  2.9263376e+09
   4103000   37379.236      3.878327e-07   8.8919134e-12  3.8782381e-07  2.926371e+09 
   4104000   37378.835      3.878327e-07   1.3058354e-11  3.8781964e-07  2.9263786e+09
   4105000   37378.058      3.878327e-07   2.111882e-11   3.8781158e-07  2.9264839e+09
   4106000   37379.27       3.878327e-07   8.5393601e-12  3.8782416e-07  2.9263562e+09
   4107000   37378.999      3.878327e-07   1.1361464e-11  3.8782134e-07  2.9263691e+09
   4108000   37378.292      3.878327e-07   1.8687941e-11  3.8781401e-07  2.9264392e+09
   4109000   37377.015      3.8783268e-07  3.1924319e-11  3.8780076e-07  2.9264758e+09
   4110000   37378.582      3.878327e-07   1.5683162e-11  3.8781701e-07  2.9264255e+09
   4111000   37378.047      3.878327e-07   2.1234437e-11  3.8781147e-07  2.9264269e+09
   4112000   37379.16       3.878327e-07   9.6847622e-12  3.8782301e-07  2.9263672e+09
   4113000   37379.294      3.878327e-07   8.2925233e-12  3.8782441e-07  2.9263579e+09
   4114000   37379.543      3.878327e-07   5.7073468e-12  3.8782699e-07  2.9263185e+09
   4115000   37378.913      3.878327e-07   1.2247489e-11  3.8782045e-07  2.9263671e+09
   4116000   37379.259      3.878327e-07   8.6627653e-12  3.8782404e-07  2.9263503e+09
   4117000   37377.385      3.8783269e-07  2.8094093e-11  3.878046e-07   2.9264693e+09
   4118000   37378.358      3.878327e-07   1.8005637e-11  3.8781469e-07  2.9264459e+09
   4119000   37378.729      3.878327e-07   1.4157681e-11  3.8781854e-07  2.9264092e+09
   4120000   37378.959      3.878327e-07   1.1769722e-11  3.8782093e-07  2.9263871e+09
   4121000   37379.166      3.878327e-07   9.6249966e-12  3.8782307e-07  2.9263663e+09
   4122000   37378.855      3.878327e-07   1.2850473e-11  3.8781985e-07  2.926392e+09 
   4123000   37378.485      3.878327e-07   1.6696269e-11  3.8781601e-07  2.9264174e+09
   4124000   37378.898      3.878327e-07   1.2403566e-11  3.878203e-07   2.9263946e+09
   4125000   37379.394      3.878327e-07   7.25637e-12    3.8782544e-07  2.9263307e+09
   4126000   37378.719      3.878327e-07   1.4258059e-11  3.8781844e-07  2.9264098e+09
   4127000   37378.308      3.878327e-07   1.8525836e-11  3.8781417e-07  2.926434e+09 
   4128000   37379.462      3.878327e-07   6.5508142e-12  3.8782615e-07  2.9263321e+09
   4129000   37378.587      3.878327e-07   1.5629702e-11  3.8781707e-07  2.9263956e+09
   4130000   37378.045      3.878327e-07   2.1259307e-11  3.8781144e-07  2.9264318e+09
   4131000   37379.248      3.878327e-07   8.7746993e-12  3.8782392e-07  2.9263511e+09
   4132000   37378.82       3.878327e-07   1.3216966e-11  3.8781948e-07  2.9264003e+09
   4133000   37378.503      3.878327e-07   1.6505931e-11  3.8781619e-07  2.9263964e+09
   4134000   37378.943      3.878327e-07   1.1932282e-11  3.8782077e-07  2.9263901e+09
   4135000   37376.617      3.878327e-07   3.6073063e-11  3.8779663e-07  2.9266106e+09
   4136000   37379.347      3.878327e-07   7.7477336e-12  3.8782495e-07  2.9263554e+09
   4137000   37377.829      3.8783269e-07  2.3491058e-11  3.878092e-07   2.9264686e+09
   4138000   37378.65       3.878327e-07   1.4972826e-11  3.8781773e-07  2.9264139e+09
   4139000   37379.101      3.878327e-07   1.0299308e-11  3.878224e-07   2.9263647e+09
   4140000   37379.214      3.878327e-07   9.1273812e-12  3.8782357e-07  2.9263565e+09
   4141000   37378.986      3.878327e-07   1.1487948e-11  3.8782121e-07  2.9263554e+09
   4142000   37378.887      3.878327e-07   1.2523387e-11  3.8782018e-07  2.9263931e+09
   4143000   37378.408      3.878327e-07   1.74901e-11    3.8781521e-07  2.9264126e+09
   4144000   37378.919      3.878327e-07   1.218788e-11   3.8782051e-07  2.9263852e+09
   4145000   37378.688      3.8783269e-07  1.4579982e-11  3.8781811e-07  2.9263865e+09
   4146000   37378.212      3.878327e-07   1.9522294e-11  3.8781318e-07  2.9264396e+09
   4147000   37378.782      3.878327e-07   1.3610018e-11  3.8781909e-07  2.9263939e+09
   4148000   37378.056      3.878327e-07   2.1138845e-11  3.8781156e-07  2.9264475e+09
   4149000   37378.037      3.878327e-07   2.1339337e-11  3.8781136e-07  2.9264139e+09
   4150000   37377.93       3.878327e-07   2.2445413e-11  3.8781025e-07  2.9264492e+09
   4151000   37379.292      3.878327e-07   8.3183804e-12  3.8782438e-07  2.9263472e+09
   4152000   37379.515      3.878327e-07   6.0066678e-12  3.8782669e-07  2.9263339e+09
   4153000   37379.302      3.878327e-07   8.2109968e-12  3.8782449e-07  2.9263409e+09
   4154000   37379.312      3.878327e-07   8.111308e-12   3.8782459e-07  2.9263444e+09
   4155000   37378.881      3.878327e-07   1.258374e-11   3.8782012e-07  2.9263836e+09
   4156000   37379.079      3.878327e-07   1.0525804e-11  3.8782217e-07  2.926374e+09 
   4157000   37379.139      3.878327e-07   9.898545e-12   3.878228e-07   2.926371e+09 
   4158000   37378.554      3.878327e-07   1.5971255e-11  3.8781673e-07  2.926426e+09 
   4159000   37378.591      3.878327e-07   1.5585037e-11  3.8781711e-07  2.9263859e+09
   4160000   37379.263      3.878327e-07   8.6118213e-12  3.8782409e-07  2.9263624e+09
   4161000   37378.809      3.878327e-07   1.3330315e-11  3.8781937e-07  2.9263927e+09
   4162000   37379.171      3.878327e-07   9.575103e-12   3.8782312e-07  2.9263438e+09
   4163000   37379.486      3.878327e-07   6.3049663e-12  3.8782639e-07  2.9263253e+09
   4164000   37378.898      3.878327e-07   1.2404765e-11  3.8782029e-07  2.926383e+09 
   4165000   37378.754      3.878327e-07   1.389375e-11   3.8781881e-07  2.9263841e+09
   4166000   37378.605      3.878327e-07   1.544854e-11   3.8781725e-07  2.9264105e+09
   4167000   37378.914      3.878327e-07   1.2242533e-11  3.8782046e-07  2.9263793e+09
   4168000   37379.112      3.878327e-07   1.0183828e-11  3.8782252e-07  2.9263716e+09
   4169000   37378.641      3.878327e-07   1.5069585e-11  3.8781763e-07  2.9264108e+09
   4170000   37378.851      3.878327e-07   1.2889629e-11  3.8781981e-07  2.9263817e+09
   4171000   37379.026      3.878327e-07   1.1078373e-11  3.8782162e-07  2.9263733e+09
   4172000   37378.659      3.878327e-07   1.4876915e-11  3.8781782e-07  2.9264083e+09
   4173000   37378.433      3.8783269e-07  1.7218001e-11  3.8781548e-07  2.926422e+09 
   4174000   37377.563      3.878327e-07   2.6257849e-11  3.8780644e-07  2.9264672e+09
   4175000   37379.227      3.878327e-07   8.9896464e-12  3.8782371e-07  2.9263447e+09
   4176000   37378.991      3.878327e-07   1.1444405e-11  3.8782126e-07  2.9263667e+09
   4177000   37379.014      3.878327e-07   1.1195003e-11  3.878215e-07   2.9264015e+09
   4178000   37377.712      3.878327e-07   2.4712236e-11  3.8780799e-07  2.9264356e+09
   4179000   37379.227      3.878327e-07   8.9939359e-12  3.8782371e-07  2.9263469e+09
   4180000   37378.545      3.878327e-07   1.6070028e-11  3.8781663e-07  2.9263827e+09
   4181000   37378.837      3.8783269e-07  1.3032679e-11  3.8781966e-07  2.9263639e+09
   4182000   37379.334      3.878327e-07   7.8785041e-12  3.8782482e-07  2.926335e+09 
   4183000   37378.367      3.878327e-07   1.7906116e-11  3.8781479e-07  2.9264179e+09
   4184000   37378.828      3.878327e-07   1.3129288e-11  3.8781957e-07  2.926391e+09 
   4185000   37378.903      3.878327e-07   1.2352729e-11  3.8782035e-07  2.9263991e+09
   4186000   37378.784      3.878327e-07   1.3585551e-11  3.8781911e-07  2.9264215e+09
   4187000   37377.875      3.8783269e-07  2.3013716e-11  3.8780968e-07  2.9264867e+09
   4188000   37378.303      3.878327e-07   1.8578573e-11  3.8781412e-07  2.9264558e+09
   4189000   37378.877      3.878327e-07   1.2622305e-11  3.8782008e-07  2.9264029e+09
   4190000   37379.274      3.878327e-07   8.5068537e-12  3.8782419e-07  2.926344e+09 
   4191000   37378.329      3.878327e-07   1.8304472e-11  3.878144e-07   2.9264492e+09
   4192000   37378.952      3.878327e-07   1.184658e-11   3.8782085e-07  2.9263834e+09
   4193000   37378.605      3.878327e-07   1.5447412e-11  3.8781725e-07  2.9264044e+09
   4194000   37378.482      3.878327e-07   1.6722324e-11  3.8781598e-07  2.9264128e+09
   4195000   37378.583      3.878327e-07   1.566917e-11   3.8781703e-07  2.9263981e+09
   4196000   37379.346      3.878327e-07   7.7538008e-12  3.8782494e-07  2.9263475e+09
   4197000   37378.58       3.878327e-07   1.570275e-11   3.87817e-07    2.9264195e+09
   4198000   37378.263      3.878327e-07   1.8990779e-11  3.8781371e-07  2.9264228e+09
   4199000   37379.182      3.878327e-07   9.4539125e-12  3.8782325e-07  2.9263659e+09
   4200000   37379.17       3.878327e-07   9.5833726e-12  3.8782312e-07  2.9263714e+09
   4201000   37378.52       3.878327e-07   1.6325714e-11  3.8781637e-07  2.9264123e+09
   4202000   37378.805      3.878327e-07   1.3367138e-11  3.8781933e-07  2.9263997e+09
   4203000   37378.701      3.878327e-07   1.4452628e-11  3.8781825e-07  2.9264049e+09
   4204000   37378.542      3.878327e-07   1.6094112e-11  3.878166e-07   2.9264397e+09
   4205000   37379.169      3.878327e-07   9.5950592e-12  3.878231e-07   2.9263581e+09
   4206000   37378.722      3.878327e-07   1.4226725e-11  3.8781847e-07  2.9263815e+09
   4207000   37379.765      3.878327e-07   3.4083424e-12  3.8782929e-07  2.9262983e+09
   4208000   37378.397      3.878327e-07   1.7608569e-11  3.8781509e-07  2.9264202e+09
   4209000   37379.24       3.878327e-07   8.8532463e-12  3.8782385e-07  2.9263528e+09
   4210000   37377.291      3.878327e-07   2.9076152e-11  3.8780362e-07  2.9264895e+09
   4211000   37379.607      3.878327e-07   5.0523217e-12  3.8782765e-07  2.9263141e+09
   4212000   37378.147      3.878327e-07   2.0192241e-11  3.8781251e-07  2.926447e+09 
   4213000   37377.799      3.878327e-07   2.3804673e-11  3.878089e-07   2.926495e+09 
   4214000   37378.193      3.878327e-07   1.9718917e-11  3.8781298e-07  2.9264525e+09
   4215000   37379.413      3.878327e-07   7.0594771e-12  3.8782564e-07  2.9263223e+09
   4216000   37379.136      3.878327e-07   9.9341642e-12  3.8782277e-07  2.9263642e+09
   4217000   37377.23       3.8783269e-07  2.9706876e-11  3.8780299e-07  2.9264734e+09
   4218000   37378.751      3.878327e-07   1.3932169e-11  3.8781877e-07  2.9264074e+09
   4219000   37378.73       3.878327e-07   1.4150742e-11  3.8781855e-07  2.9263922e+09
   4220000   37377.838      3.878327e-07   2.3410782e-11  3.8780929e-07  2.926432e+09 
   4221000   37378.816      3.878327e-07   1.324802e-11   3.8781945e-07  2.9263821e+09
   4222000   37373.028      3.8783273e-07  7.3339204e-11  3.877594e-07   2.9267906e+09
   4223000   37375.647      3.8783266e-07  4.6096899e-11  3.8778656e-07  2.9264836e+09
   4224000   37379.108      3.878327e-07   1.0221071e-11  3.8782248e-07  2.9263571e+09
   4225000   37379.198      3.878327e-07   9.2861657e-12  3.8782341e-07  2.9263637e+09
   4226000   37379.299      3.878327e-07   8.2476774e-12  3.8782445e-07  2.9263484e+09
   4227000   37379.293      3.878327e-07   8.3015059e-12  3.878244e-07   2.9263496e+09
   4228000   37378.302      3.878327e-07   1.8588368e-11  3.8781411e-07  2.9264338e+09
   4229000   37377.435      3.8783269e-07  2.757516e-11   3.8780512e-07  2.9264964e+09
   4230000   37378.828      3.878327e-07   1.3127255e-11  3.8781957e-07  2.9263857e+09
   4231000   37379.183      3.878327e-07   9.4511633e-12  3.8782325e-07  2.9263717e+09
   4232000   37378.084      3.878327e-07   2.084935e-11   3.8781185e-07  2.9264984e+09
   4233000   37378.463      3.878327e-07   1.6914881e-11  3.8781578e-07  2.9264495e+09
   4234000   37378.677      3.878327e-07   1.4699391e-11  3.87818e-07    2.9263966e+09
   4235000   37378.817      3.878327e-07   1.3243535e-11  3.8781945e-07  2.9263888e+09
   4236000   37378.548      3.878327e-07   1.6032436e-11  3.8781667e-07  2.9264012e+09
   4237000   37378.158      3.878327e-07   2.0073891e-11  3.8781262e-07  2.9264546e+09
   4238000   37379.364      3.878327e-07   7.5743158e-12  3.8782513e-07  2.9263474e+09
   4239000   37378.334      3.8783268e-07  1.8241676e-11  3.8781444e-07  2.9263813e+09
   4240000   37378.99       3.878327e-07   1.1451864e-11  3.8782125e-07  2.9263869e+09
   4241000   37378.826      3.878327e-07   1.3156581e-11  3.8781954e-07  2.9263764e+09
   4242000   37378.804      3.8783269e-07  1.3372814e-11  3.8781932e-07  2.9264012e+09
   4243000   37378.207      3.878327e-07   1.9571282e-11  3.8781313e-07  2.9264329e+09
   4244000   37378.812      3.878327e-07   1.3293008e-11  3.8781941e-07  2.9264054e+09
   4245000   37378.423      3.878327e-07   1.7338054e-11  3.8781536e-07  2.9264243e+09
   4246000   37378.49       3.878327e-07   1.6630539e-11  3.8781607e-07  2.9264122e+09
   4247000   37378.752      3.878327e-07   1.3920549e-11  3.8781878e-07  2.926347e+09 
   4248000   37378.24       3.878327e-07   1.9235513e-11  3.8781346e-07  2.926448e+09 
   4249000   37379.054      3.878327e-07   1.0787663e-11  3.8782191e-07  2.926356e+09 
   4250000   37378.751      3.878327e-07   1.3924857e-11  3.8781877e-07  2.9263976e+09
   4251000   37377.877      3.878327e-07   2.2997481e-11  3.878097e-07   2.9264666e+09
   4252000   37378.795      3.878327e-07   1.346892e-11   3.8781923e-07  2.9263981e+09
   4253000   37378.607      3.878327e-07   1.5418178e-11  3.8781728e-07  2.9263968e+09
   4254000   37378.948      3.878327e-07   1.1887178e-11  3.8782081e-07  2.9263955e+09
   4255000   37378.276      3.878327e-07   1.8851978e-11  3.8781384e-07  2.9264249e+09
   4256000   37379.335      3.878327e-07   7.8745849e-12  3.8782482e-07  2.9263468e+09
   4257000   37379.061      3.878327e-07   1.070711e-11   3.8782199e-07  2.9263765e+09
   4258000   37378.146      3.878327e-07   2.0204576e-11  3.8781249e-07  2.9264558e+09
   4259000   37378.852      3.878327e-07   1.2877459e-11  3.8781982e-07  2.9264017e+09
   4260000   37378.53       3.878327e-07   1.6224065e-11  3.8781648e-07  2.9263868e+09
   4261000   37378.196      3.878327e-07   1.9691344e-11  3.8781301e-07  2.926454e+09 
   4262000   37377.885      3.878327e-07   2.2913614e-11  3.8780978e-07  2.9265207e+09
   4263000   37378.665      3.878327e-07   1.481868e-11   3.8781788e-07  2.9264094e+09
   4264000   37379.23       3.878327e-07   8.9548894e-12  3.8782374e-07  2.926349e+09 
   4265000   37378.11       3.878327e-07   2.058028e-11   3.8781212e-07  2.9264331e+09
   4266000   37378.343      3.878327e-07   1.8159758e-11  3.8781454e-07  2.9264319e+09
   4267000   37379.335      3.878327e-07   7.8647389e-12  3.8782483e-07  2.9263457e+09
   4268000   37378.222      3.8783269e-07  1.94119e-11    3.8781328e-07  2.9264367e+09
   4269000   37379.14       3.878327e-07   9.8912056e-12  3.8782281e-07  2.9263604e+09
   4270000   37379.316      3.878327e-07   8.0626565e-12  3.8782464e-07  2.9263458e+09
   4271000   37378.923      3.878327e-07   1.2150105e-11  3.8782055e-07  2.9263502e+09
   4272000   37378.505      3.878327e-07   1.6482749e-11  3.8781621e-07  2.926413e+09 
   4273000   37377.405      3.878327e-07   2.789148e-11   3.8780481e-07  2.9265222e+09
   4274000   37378.387      3.878327e-07   1.770305e-11   3.87815e-07    2.9264432e+09
   4275000   37378.902      3.878327e-07   1.2358038e-11  3.8782034e-07  2.9263916e+09
   4276000   37377.897      3.878327e-07   2.2796326e-11  3.8780991e-07  2.9264365e+09
   4277000   37379.149      3.878327e-07   9.8044963e-12  3.878229e-07   2.926373e+09 
   4278000   37378.189      3.878327e-07   1.9759223e-11  3.8781294e-07  2.9264168e+09
   4279000   37378.765      3.878327e-07   1.3782772e-11  3.8781892e-07  2.9264006e+09
   4280000   37378.993      3.878327e-07   1.1420795e-11  3.8782128e-07  2.926386e+09 
   4281000   37378.953      3.878327e-07   1.1835695e-11  3.8782086e-07  2.9263808e+09
   4282000   37378.804      3.878327e-07   1.3378854e-11  3.8781932e-07  2.9264133e+09
   4283000   37378.461      3.878327e-07   1.6930299e-11  3.8781577e-07  2.9264272e+09
   4284000   37379.364      3.878327e-07   7.5702711e-12  3.8782513e-07  2.9263408e+09
   4285000   37378.393      3.878327e-07   1.763659e-11   3.8781506e-07  2.9264254e+09
   4286000   37378.435      3.878327e-07   1.7210434e-11  3.8781549e-07  2.9264115e+09
   4287000   37378.445      3.878327e-07   1.7108769e-11  3.8781559e-07  2.9264304e+09
   4288000   37379.4        3.878327e-07   7.1998614e-12  3.878255e-07   2.9263432e+09
   4289000   37379.17       3.878327e-07   9.5766565e-12  3.8782312e-07  2.9263665e+09
   4290000   37379.238      3.878327e-07   8.8809254e-12  3.8782382e-07  2.9263473e+09
   4291000   37378.653      3.878327e-07   1.4942092e-11  3.8781776e-07  2.9264084e+09
   4292000   37377.423      3.878327e-07   2.7701842e-11  3.8780499e-07  2.9265065e+09
   4293000   37378.673      3.878327e-07   1.4739105e-11  3.8781796e-07  2.9264028e+09
   4294000   37378.963      3.878327e-07   1.1724283e-11  3.8782097e-07  2.926394e+09 
   4295000   37379.034      3.878327e-07   1.0990054e-11  3.8782171e-07  2.9263746e+09
   4296000   37378.607      3.878327e-07   1.5416518e-11  3.8781728e-07  2.9264216e+09
   4297000   37379.107      3.878327e-07   1.0237084e-11  3.8782246e-07  2.9263649e+09
   4298000   37378.521      3.878327e-07   1.6318687e-11  3.8781638e-07  2.9264091e+09
   4299000   37378.888      3.8783269e-07  1.2497667e-11  3.8782019e-07  2.9263746e+09
   4300000   37379.136      3.878327e-07   9.9336815e-12  3.8782276e-07  2.9263623e+09
   4301000   37378.42       3.878327e-07   1.7362555e-11  3.8781534e-07  2.9264288e+09
   4302000   37379.333      3.878327e-07   7.8905324e-12  3.8782481e-07  2.9263564e+09
   4303000   37379.145      3.878327e-07   9.8427795e-12  3.8782286e-07  2.9263641e+09
   4304000   37379.078      3.878327e-07   1.053324e-11   3.8782217e-07  2.9263786e+09
   4305000   37378.691      3.878327e-07   1.4550268e-11  3.8781815e-07  2.9264092e+09
   4306000   37379.379      3.878327e-07   7.4120734e-12  3.8782529e-07  2.9263393e+09
   4307000   37379.271      3.878327e-07   8.5304299e-12  3.8782417e-07  2.9263531e+09
   4308000   37378.681      3.878327e-07   1.4656044e-11  3.8781804e-07  2.9264192e+09
   4309000   37378.552      3.878327e-07   1.5992498e-11  3.8781671e-07  2.9264415e+09
   4310000   37378.548      3.878327e-07   1.6039416e-11  3.8781666e-07  2.9264103e+09
   4311000   37378.845      3.878327e-07   1.2958274e-11  3.8781974e-07  2.9264029e+09
   4312000   37378.684      3.878327e-07   1.4625561e-11  3.8781808e-07  2.9264009e+09
   4313000   37378.615      3.878327e-07   1.5344704e-11  3.8781735e-07  2.9264294e+09
   4314000   37379.274      3.878327e-07   8.5065795e-12  3.8782419e-07  2.9263492e+09
   4315000   37378.933      3.878327e-07   1.2043874e-11  3.8782066e-07  2.9263717e+09
   4316000   37378.088      3.878327e-07   2.0808368e-11  3.878119e-07   2.9264799e+09
   4317000   37378.667      3.878327e-07   1.4801886e-11  3.878179e-07   2.9264079e+09
   4318000   37379.419      3.878327e-07   6.991872e-12   3.8782571e-07  2.92634e+09  
   4319000   37378.964      3.878327e-07   1.1723846e-11  3.8782098e-07  2.9263847e+09
   4320000   37378.635      3.878327e-07   1.5133623e-11  3.8781757e-07  2.9264192e+09
   4321000   37379.003      3.878327e-07   1.1308505e-11  3.8782139e-07  2.9263704e+09
   4322000   37378.05       3.878327e-07   2.1200602e-11  3.878115e-07   2.9264425e+09
   4323000   37379.098      3.878327e-07   1.0333066e-11  3.8782237e-07  2.9263556e+09
   4324000   37378.991      3.878327e-07   1.1435792e-11  3.8782126e-07  2.9263909e+09
   4325000   37379.047      3.878327e-07   1.0859105e-11  3.8782184e-07  2.9263659e+09
   4326000   37379.103      3.878327e-07   1.028051e-11   3.8782242e-07  2.9263702e+09
   4327000   37379.548      3.878327e-07   5.6614158e-12  3.8782704e-07  2.9263225e+09
   4328000   37379.514      3.878327e-07   6.0142242e-12  3.8782668e-07  2.9263251e+09
   4329000   37378.373      3.878327e-07   1.7852657e-11  3.8781485e-07  2.9264106e+09
   4330000   37377.735      3.8783269e-07  2.4464844e-11  3.8780823e-07  2.926451e+09 
   4331000   37378.617      3.878327e-07   1.5318359e-11  3.8781738e-07  2.9263975e+09
   4332000   37377.944      3.878327e-07   2.230776e-11   3.8781039e-07  2.9264548e+09
   4333000   37378.922      3.878327e-07   1.2150987e-11  3.8782055e-07  2.9263718e+09
   4334000   37378.5        3.878327e-07   1.6531614e-11  3.8781617e-07  2.9264242e+09
   4335000   37378.663      3.878327e-07   1.4838214e-11  3.8781786e-07  2.9264185e+09
   4336000   37379.261      3.878327e-07   8.6332349e-12  3.8782407e-07  2.926349e+09 
   4337000   37379.192      3.878327e-07   9.3558184e-12  3.8782334e-07  2.9263656e+09
   4338000   37379.101      3.878327e-07   1.0290987e-11  3.8782241e-07  2.9263712e+09
   4339000   37379.043      3.878327e-07   1.0896351e-11  3.878218e-07   2.9263687e+09
   4340000   37377.715      3.8783269e-07  2.4674747e-11  3.8780802e-07  2.9265024e+09
   4341000   37379.375      3.878327e-07   7.4571822e-12  3.8782524e-07  2.9263412e+09
   4342000   37379.06       3.878327e-07   1.072296e-11   3.8782198e-07  2.9263681e+09
   4343000   37378.61       3.878327e-07   1.5392222e-11  3.8781731e-07  2.9263963e+09
   4344000   37377.759      3.8783271e-07  2.4225939e-11  3.8780848e-07  2.9264366e+09
   4345000   37376.669      3.8783269e-07  3.5523831e-11  3.8779717e-07  2.9266022e+09
   4346000   37378.851      3.878327e-07   1.2889948e-11  3.8781981e-07  2.9263976e+09
   4347000   37378.97       3.878327e-07   1.1652854e-11  3.8782104e-07  2.9263867e+09
   4348000   37379.068      3.878327e-07   1.0638697e-11  3.8782206e-07  2.926354e+09 
   4349000   37379.381      3.878327e-07   7.3973625e-12  3.878253e-07   2.9263399e+09
   4350000   37379.086      3.878327e-07   1.0454244e-11  3.8782225e-07  2.9263616e+09
   4351000   37379.087      3.878327e-07   1.0436977e-11  3.8782226e-07  2.9263691e+09
   4352000   37378.964      3.878327e-07   1.1716e-11     3.8782098e-07  2.9263807e+09
   4353000   37378.179      3.878327e-07   1.986204e-11   3.8781284e-07  2.926417e+09 
   4354000   37378.625      3.878327e-07   1.5237212e-11  3.8781746e-07  2.9263981e+09
   4355000   37378.823      3.878327e-07   1.3180086e-11  3.8781952e-07  2.9264079e+09
   4356000   37377.579      3.878327e-07   2.6084216e-11  3.8780661e-07  2.9264852e+09
   4357000   37378.946      3.878327e-07   1.1905355e-11  3.8782079e-07  2.9263687e+09
   4358000   37378.666      3.878327e-07   1.4807464e-11  3.8781789e-07  2.9263904e+09
   4359000   37379.199      3.878327e-07   9.2802155e-12  3.8782342e-07  2.9263604e+09
   4360000   37377.565      3.8783268e-07  2.6212416e-11  3.8780647e-07  2.9264631e+09
   4361000   37379.415      3.878327e-07   7.0363379e-12  3.8782566e-07  2.9263355e+09
   4362000   37378.81       3.878327e-07   1.3315504e-11  3.8781938e-07  2.9263747e+09
   4363000   37378.812      3.878327e-07   1.3297866e-11  3.878194e-07   2.9264073e+09
   4364000   37379          3.878327e-07   1.1342059e-11  3.8782136e-07  2.9263811e+09
   4365000   37378.399      3.878327e-07   1.7576251e-11  3.8781512e-07  2.9264248e+09
   4366000   37379.215      3.878327e-07   9.1176998e-12  3.8782358e-07  2.9263532e+09
   4367000   37379.304      3.878327e-07   8.1932154e-12  3.8782451e-07  2.9263526e+09
   4368000   37379.23       3.878327e-07   8.9606746e-12  3.8782374e-07  2.9263673e+09
   4369000   37378.907      3.878327e-07   1.2306784e-11  3.8782039e-07  2.9263969e+09
   4370000   37379.427      3.878327e-07   6.9150018e-12  3.8782578e-07  2.9263406e+09
   4371000   37378.373      3.878327e-07   1.7853368e-11  3.8781485e-07  2.9264434e+09
   4372000   37378.117      3.8783271e-07  2.0512664e-11  3.8781219e-07  2.9263925e+09
   4373000   37377.684      3.8783271e-07  2.5005951e-11  3.878077e-07   2.9264244e+09
   4374000   37379.212      3.878327e-07   9.1490261e-12  3.8782355e-07  2.926356e+09 
   4375000   37378.775      3.878327e-07   1.3675551e-11  3.8781902e-07  2.926386e+09 
   4376000   37378.78       3.878327e-07   1.3626842e-11  3.8781907e-07  2.9263747e+09
   4377000   37378.618      3.878327e-07   1.5313701e-11  3.8781739e-07  2.9264106e+09
   4378000   37379.258      3.878327e-07   8.671069e-12   3.8782403e-07  2.9263568e+09
   4379000   37379.514      3.878327e-07   6.0115292e-12  3.8782669e-07  2.9263265e+09
   4380000   37378.871      3.878327e-07   1.2684578e-11  3.8782001e-07  2.9263931e+09
   4381000   37377.835      3.878327e-07   2.3435067e-11  3.8780926e-07  2.9264942e+09
   4382000   37379.077      3.878327e-07   1.0546844e-11  3.8782215e-07  2.9263793e+09
   4383000   37378.057      3.878327e-07   2.112836e-11   3.8781157e-07  2.9264424e+09
   4384000   37379.145      3.878327e-07   9.8381342e-12  3.8782286e-07  2.9263742e+09
   4385000   37378.526      3.878327e-07   1.6269356e-11  3.8781643e-07  2.9264159e+09
   4386000   37377.175      3.878327e-07   3.0280916e-11  3.8780242e-07  2.9265071e+09
   4387000   37376.88       3.8783271e-07  3.3348155e-11  3.8779936e-07  2.9264912e+09
   4388000   37379.066      3.878327e-07   1.0664516e-11  3.8782203e-07  2.9263765e+09
   4389000   37378.228      3.878327e-07   1.9359599e-11  3.8781334e-07  2.9264509e+09
   4390000   37377.49       3.878327e-07   2.7013263e-11  3.8780569e-07  2.9264492e+09
   4391000   37378.663      3.878327e-07   1.4838268e-11  3.8781786e-07  2.9263974e+09
   4392000   37378.751      3.878327e-07   1.393254e-11   3.8781877e-07  2.9264026e+09
   4393000   37378.884      3.878327e-07   1.2544367e-11  3.8782016e-07  2.9263998e+09
   4394000   37378.283      3.878327e-07   1.8787988e-11  3.8781391e-07  2.9264268e+09
   4395000   37378.725      3.878327e-07   1.4200448e-11  3.878185e-07   2.9264144e+09
   4396000   37379.24       3.878327e-07   8.8575877e-12  3.8782384e-07  2.9263605e+09
   4397000   37378.821      3.878327e-07   1.3203691e-11  3.878195e-07   2.9264047e+09
   4398000   37379.453      3.878327e-07   6.6464963e-12  3.8782605e-07  2.9263357e+09
   4399000   37378.764      3.878327e-07   1.3798277e-11  3.878189e-07   2.926416e+09 
   4400000   37378.06       3.878327e-07   2.1095658e-11  3.878116e-07   2.9264419e+09
   4401000   37378.567      3.878327e-07   1.5835652e-11  3.8781686e-07  2.9264177e+09
   4402000   37378.385      3.878327e-07   1.7726213e-11  3.8781497e-07  2.9264402e+09
   4403000   37378.673      3.878327e-07   1.4737163e-11  3.8781796e-07  2.9264066e+09
   4404000   37378.057      3.878327e-07   2.113764e-11   3.8781157e-07  2.9264256e+09
   4405000   37378.906      3.878327e-07   1.2316043e-11  3.8782038e-07  2.926382e+09 
   4406000   37379.006      3.878327e-07   1.1284196e-11  3.8782142e-07  2.9263686e+09
   4407000   37379.251      3.878327e-07   8.7371467e-12  3.8782396e-07  2.9263433e+09
   4408000   37378.979      3.878327e-07   1.1559981e-11  3.8782114e-07  2.9263817e+09
   4409000   37379.234      3.878327e-07   8.9184176e-12  3.8782378e-07  2.926353e+09 
   4410000   37378.581      3.878327e-07   1.569885e-11   3.87817e-07    2.9264464e+09
   4411000   37378.914      3.8783269e-07  1.2229556e-11  3.8782046e-07  2.9263955e+09
   4412000   37379.141      3.878327e-07   9.8866198e-12  3.8782281e-07  2.9263567e+09
   4413000   37379.319      3.878327e-07   8.0335268e-12  3.8782467e-07  2.9263518e+09
   4414000   37378.947      3.878327e-07   1.1897048e-11  3.878208e-07   2.9263938e+09
   4415000   37378.652      3.878327e-07   1.4960178e-11  3.8781774e-07  2.9264253e+09
   4416000   37379.193      3.878327e-07   9.3384383e-12  3.8782336e-07  2.9263674e+09
   4417000   37379.07       3.878327e-07   1.0620076e-11  3.8782208e-07  2.9263851e+09
   4418000   37377.209      3.878327e-07   2.9927326e-11  3.8780277e-07  2.9265554e+09
   4419000   37378.981      3.878327e-07   1.1548441e-11  3.8782115e-07  2.9263877e+09
   4420000   37378.032      3.878327e-07   2.1392577e-11  3.8781131e-07  2.9264148e+09
   4421000   37379.082      3.878327e-07   1.0491837e-11  3.8782221e-07  2.9263672e+09
   4422000   37378.612      3.878327e-07   1.536723e-11   3.8781733e-07  2.9264041e+09
   4423000   37378.678      3.878327e-07   1.4688063e-11  3.8781801e-07  2.9264138e+09
   4424000   37378.525      3.878327e-07   1.6277503e-11  3.8781642e-07  2.9264141e+09
   4425000   37379.122      3.878327e-07   1.0081341e-11  3.8782262e-07  2.9263498e+09
   4426000   37377.342      3.8783269e-07  2.8541281e-11  3.8780415e-07  2.9264553e+09
   4427000   37378.659      3.878327e-07   1.4879983e-11  3.8781782e-07  2.9264124e+09
   4428000   37378.717      3.878327e-07   1.4281736e-11  3.8781842e-07  2.9264118e+09
   4429000   37378.829      3.878327e-07   1.3120723e-11  3.8781958e-07  2.926378e+09 
   4430000   37377.364      3.8783271e-07  2.8325571e-11  3.8780438e-07  2.9264321e+09
   4431000   37378.653      3.878327e-07   1.4945069e-11  3.8781776e-07  2.9263819e+09
   4432000   37379.43       3.878327e-07   6.8828827e-12  3.8782582e-07  2.9263325e+09
   4433000   37379.212      3.878327e-07   9.1408446e-12  3.8782356e-07  2.9263601e+09
   4434000   37378.517      3.878327e-07   1.6355531e-11  3.8781634e-07  2.9264225e+09
   4435000   37378.633      3.878327e-07   1.5154333e-11  3.8781754e-07  2.9264054e+09
   4436000   37378.132      3.8783269e-07  2.0344155e-11  3.8781235e-07  2.9264539e+09
   4437000   37378.459      3.878327e-07   1.6953671e-11  3.8781574e-07  2.9264389e+09
   4438000   37378.335      3.878327e-07   1.824949e-11   3.8781445e-07  2.9264392e+09
   4439000   37379.073      3.878327e-07   1.0584582e-11  3.8782212e-07  2.9263637e+09
   4440000   37378.375      3.878327e-07   1.782638e-11   3.8781487e-07  2.9264273e+09
   4441000   37379.022      3.878327e-07   1.1113166e-11  3.8782159e-07  2.9263831e+09
   4442000   37379.382      3.878327e-07   7.3863273e-12  3.8782531e-07  2.9263597e+09
   4443000   37378.666      3.878327e-07   1.4810903e-11  3.8781789e-07  2.9264224e+09
   4444000   37379.171      3.878327e-07   9.5685127e-12  3.8782313e-07  2.9263558e+09
   4445000   37377.265      3.8783269e-07  2.9332882e-11  3.8780336e-07  2.9265172e+09
   4446000   37379.086      3.878327e-07   1.0455299e-11  3.8782224e-07  2.9263722e+09
   4447000   37379.379      3.878327e-07   7.4133233e-12  3.8782529e-07  2.9263483e+09
   4448000   37379.142      3.878327e-07   9.8737031e-12  3.8782283e-07  2.926365e+09 
   4449000   37378.145      3.878327e-07   2.021361e-11   3.8781249e-07  2.926443e+09 
   4450000   37378.649      3.878327e-07   1.4990539e-11  3.8781771e-07  2.9263902e+09
   4451000   37378.994      3.878327e-07   1.1405214e-11  3.878213e-07   2.9263817e+09
   4452000   37378.416      3.878327e-07   1.7399786e-11  3.878153e-07   2.926416e+09 
   4453000   37378.707      3.878327e-07   1.4381e-11     3.8781832e-07  2.9264071e+09
   4454000   37378.376      3.878327e-07   1.781967e-11   3.8781488e-07  2.92641e+09  
   4455000   37378.055      3.878327e-07   2.1148783e-11  3.8781155e-07  2.9264557e+09
   4456000   37378.864      3.878327e-07   1.2757832e-11  3.8781994e-07  2.9263955e+09
   4457000   37379.266      3.878327e-07   8.5871682e-12  3.8782411e-07  2.9263473e+09
   4458000   37377.345      3.878327e-07   2.8520136e-11  3.8780418e-07  2.9264833e+09
   4459000   37378.789      3.878327e-07   1.3535041e-11  3.8781916e-07  2.9263909e+09
   4460000   37378.487      3.878327e-07   1.6665336e-11  3.8781604e-07  2.9264042e+09
   4461000   37379.572      3.878327e-07   5.4076703e-12  3.8782729e-07  2.9263123e+09
   4462000   37379.276      3.878327e-07   8.4816537e-12  3.8782422e-07  2.9263526e+09
   4463000   37378.75       3.878327e-07   1.3933881e-11  3.8781876e-07  2.9264098e+09
   4464000   37378.339      3.878327e-07   1.8207183e-11  3.8781449e-07  2.9264178e+09
   4465000   37377.329      3.878327e-07   2.8680229e-11  3.8780402e-07  2.9265335e+09
   4466000   37378.981      3.878327e-07   1.1538788e-11  3.8782116e-07  2.9263857e+09
   4467000   37379.006      3.878327e-07   1.128771e-11   3.8782141e-07  2.9263977e+09
   4468000   37377.967      3.878327e-07   2.2059095e-11  3.8781064e-07  2.9264662e+09
   4469000   37377.412      3.878327e-07   2.782341e-11   3.8780488e-07  2.9264856e+09
   4470000   37378.943      3.878327e-07   1.1936411e-11  3.8782076e-07  2.926377e+09 
   4471000   37379.45       3.878327e-07   6.6762225e-12  3.8782602e-07  2.9263392e+09
   4472000   37378.646      3.878327e-07   1.5014198e-11  3.8781768e-07  2.9264008e+09
   4473000   37378.724      3.878327e-07   1.4211127e-11  3.8781849e-07  2.9263971e+09
   4474000   37378.586      3.878327e-07   1.5643136e-11  3.8781706e-07  2.9263929e+09
   4475000   37379.023      3.878327e-07   1.110359e-11   3.878216e-07   2.9263703e+09
   4476000   37378.475      3.878327e-07   1.6788811e-11  3.8781591e-07  2.9264239e+09
   4477000   37378.803      3.878327e-07   1.3390396e-11  3.8781931e-07  2.9264003e+09
   4478000   37378.107      3.878327e-07   2.0610909e-11  3.8781209e-07  2.9264443e+09
   4479000   37378.694      3.878327e-07   1.4524537e-11  3.8781817e-07  2.9264019e+09
   4480000   37378.246      3.878327e-07   1.917297e-11   3.8781353e-07  2.926439e+09 
   4481000   37379.012      3.878327e-07   1.1215204e-11  3.8782148e-07  2.9263784e+09
   4482000   37378.975      3.878327e-07   1.1607668e-11  3.8782109e-07  2.9263756e+09
   4483000   37379.314      3.878327e-07   8.0905034e-12  3.8782461e-07  2.9263508e+09
   4484000   37378.612      3.878327e-07   1.5373767e-11  3.8781732e-07  2.9263955e+09
   4485000   37379.295      3.878327e-07   8.2880079e-12  3.8782441e-07  2.9263544e+09
   4486000   37378.512      3.878327e-07   1.6402247e-11  3.878163e-07   2.9264273e+09
   4487000   37379.415      3.878327e-07   7.0392521e-12  3.8782566e-07  2.9263334e+09
   4488000   37378.443      3.8783269e-07  1.7118768e-11  3.8781558e-07  2.926432e+09 
   4489000   37378.261      3.878327e-07   1.900758e-11   3.8781369e-07  2.9264274e+09
   4490000   37379.241      3.878327e-07   8.8462986e-12  3.8782385e-07  2.9263596e+09
   4491000   37378.836      3.8783269e-07  1.3034846e-11  3.8781965e-07  2.926377e+09 
   4492000   37379.018      3.878327e-07   1.115584e-11   3.8782154e-07  2.9263827e+09
   4493000   37378.3        3.878327e-07   1.860476e-11   3.878141e-07   2.9264352e+09
   4494000   37377.526      3.878327e-07   2.6641319e-11  3.8780606e-07  2.9265085e+09
   4495000   37377.517      3.878327e-07   2.6723559e-11  3.8780597e-07  2.9265132e+09
   4496000   37378.604      3.878327e-07   1.5450779e-11  3.8781725e-07  2.9263955e+09
   4497000   37378.642      3.878327e-07   1.5061607e-11  3.8781764e-07  2.9263935e+09
   4498000   37379.222      3.878327e-07   9.0385412e-12  3.8782366e-07  2.9263478e+09
   4499000   37379.55       3.878327e-07   5.6444146e-12  3.8782706e-07  2.9263224e+09
   4500000   37378.716      3.878327e-07   1.4285955e-11  3.8781841e-07  2.9263987e+09
   4501000   37378.57       3.878327e-07   1.5803316e-11  3.878169e-07   2.9264257e+09
   4502000   37378.87       3.878327e-07   1.269192e-11   3.8782001e-07  2.9263829e+09
   4503000   37379.043      3.878327e-07   1.0900905e-11  3.878218e-07   2.9263754e+09
   4504000   37379.372      3.878327e-07   7.4904285e-12  3.8782521e-07  2.9263367e+09
   4505000   37379.011      3.878327e-07   1.1232137e-11  3.8782147e-07  2.9263538e+09
   4506000   37379.139      3.878327e-07   9.8987938e-12  3.878228e-07   2.9263633e+09
   4507000   37378.815      3.878327e-07   1.3263859e-11  3.8781944e-07  2.9264008e+09
   4508000   37379.055      3.878327e-07   1.0778261e-11  3.8782192e-07  2.9263786e+09
   4509000   37379.018      3.878327e-07   1.1160846e-11  3.8782154e-07  2.9263717e+09
   4510000   37379.347      3.878327e-07   7.7495888e-12  3.8782495e-07  2.9263515e+09
   4511000   37378.991      3.878327e-07   1.14403e-11    3.8782126e-07  2.9263853e+09
   4512000   37379.014      3.878327e-07   1.1200402e-11  3.878215e-07   2.9263704e+09
   4513000   37377.071      3.878327e-07   3.1363736e-11  3.8780134e-07  2.9265359e+09
   4514000   37378.699      3.878327e-07   1.4470676e-11  3.8781823e-07  2.9264114e+09
   4515000   37379.024      3.878327e-07   1.1092535e-11  3.8782161e-07  2.9263832e+09
   4516000   37377.825      3.8783269e-07  2.3520466e-11  3.8780917e-07  2.9264575e+09
   4517000   37378.697      3.878327e-07   1.4486508e-11  3.8781821e-07  2.9264203e+09
   4518000   37379.323      3.878327e-07   7.9947684e-12  3.8782471e-07  2.9263458e+09
   4519000   37378.353      3.878327e-07   1.8055922e-11  3.8781464e-07  2.9264281e+09
   4520000   37378.483      3.8783269e-07  1.6704314e-11  3.8781599e-07  2.9264298e+09
   4521000   37378.921      3.878327e-07   1.2170323e-11  3.8782053e-07  2.9263947e+09
   4522000   37378.467      3.878327e-07   1.687579e-11   3.8781582e-07  2.9264495e+09
   4523000   37379.521      3.878327e-07   5.9389051e-12  3.8782676e-07  2.9263328e+09
   4524000   37378.413      3.878327e-07   1.7436857e-11  3.8781526e-07  2.9264188e+09
   4525000   37379.613      3.878327e-07   4.9862631e-12  3.8782771e-07  2.9263162e+09
   4526000   37379.64       3.878327e-07   4.7109732e-12  3.8782799e-07  2.926312e+09 
   4527000   37378.954      3.878327e-07   1.1818206e-11  3.8782088e-07  2.9263698e+09
   4528000   37378.445      3.878327e-07   1.7101887e-11  3.8781559e-07  2.926464e+09 
   4529000   37378.957      3.878327e-07   1.1797873e-11  3.878209e-07   2.9263852e+09
   4530000   37378.302      3.878327e-07   1.8587541e-11  3.8781411e-07  2.9264349e+09
   4531000   37378.886      3.878327e-07   1.2526313e-11  3.8782017e-07  2.9263856e+09
   4532000   37378.934      3.878327e-07   1.2026102e-11  3.8782067e-07  2.9263992e+09
   4533000   37378.842      3.878327e-07   1.2990027e-11  3.8781971e-07  2.9263955e+09
   4534000   37379.38       3.878327e-07   7.4008659e-12  3.878253e-07   2.9263343e+09
   4535000   37379.368      3.878327e-07   7.5292379e-12  3.8782517e-07  2.9263321e+09
   4536000   37378.971      3.878327e-07   1.1642153e-11  3.8782106e-07  2.9263844e+09
   4537000   37378.994      3.8783269e-07  1.1401127e-11  3.8782129e-07  2.9263776e+09
   4538000   37378.512      3.878327e-07   1.6413518e-11  3.8781629e-07  2.9264207e+09
   4539000   37376.308      3.8783268e-07  3.9259271e-11  3.8779342e-07  2.9264881e+09
   4540000   37379.213      3.878327e-07   9.1304801e-12  3.8782357e-07  2.9263588e+09
   4541000   37379.178      3.878327e-07   9.5013431e-12  3.878232e-07   2.9263655e+09
   4542000   37378.349      3.878327e-07   1.8104573e-11  3.878146e-07   2.9264136e+09
   4543000   37379.106      3.878327e-07   1.0243192e-11  3.8782246e-07  2.9263733e+09
   4544000   37378.076      3.878327e-07   2.0935263e-11  3.8781176e-07  2.9264645e+09
   4545000   37379.293      3.878327e-07   8.3020763e-12  3.878244e-07   2.926358e+09 
   4546000   37379.056      3.878327e-07   1.0768223e-11  3.8782193e-07  2.9263761e+09
   4547000   37377.668      3.878327e-07   2.5159418e-11  3.8780754e-07  2.9265075e+09
   4548000   37378.53       3.878327e-07   1.6218793e-11  3.8781648e-07  2.926426e+09 
   4549000   37378.379      3.878327e-07   1.7784706e-11  3.8781491e-07  2.9264368e+09
   4550000   37378.504      3.878327e-07   1.6491811e-11  3.8781621e-07  2.9264057e+09
   4551000   37379.394      3.878327e-07   7.2585483e-12  3.8782544e-07  2.9263411e+09
   4552000   37378.486      3.878327e-07   1.6683096e-11  3.8781602e-07  2.9264251e+09
   4553000   37379.065      3.878327e-07   1.067531e-11   3.8782202e-07  2.9263659e+09
   4554000   37379.175      3.878327e-07   9.535577e-12   3.8782316e-07  2.9263614e+09
   4555000   37379.059      3.878327e-07   1.0736433e-11  3.8782196e-07  2.9263643e+09
   4556000   37378.44       3.878327e-07   1.7152562e-11  3.8781555e-07  2.926424e+09 
   4557000   37377.613      3.878327e-07   2.573634e-11   3.8780697e-07  2.9264759e+09
   4558000   37379.062      3.878327e-07   1.070315e-11   3.87822e-07    2.9263754e+09
   4559000   37379.146      3.878327e-07   9.8278094e-12  3.8782287e-07  2.9263544e+09
   4560000   37378.442      3.878327e-07   1.7134173e-11  3.8781557e-07  2.9264188e+09
   4561000   37378.418      3.878327e-07   1.7390533e-11  3.8781531e-07  2.9263953e+09
   4562000   37378.167      3.878327e-07   1.998763e-11   3.8781271e-07  2.9264629e+09
   4563000   37378.605      3.878327e-07   1.5440439e-11  3.8781726e-07  2.9263794e+09
   4564000   37379.216      3.878327e-07   9.1071963e-12  3.8782359e-07  2.9263662e+09
   4565000   37378.488      3.878327e-07   1.6657938e-11  3.8781604e-07  2.926401e+09 
   4566000   37378.616      3.878327e-07   1.532376e-11   3.8781737e-07  2.9264246e+09
   4567000   37378.357      3.878327e-07   1.8015077e-11  3.8781469e-07  2.926437e+09 
   4568000   37379.309      3.878327e-07   8.1432784e-12  3.8782456e-07  2.926349e+09 
   4569000   37378.963      3.878327e-07   1.1724168e-11  3.8782097e-07  2.9263857e+09
   4570000   37379.18       3.878327e-07   9.4792667e-12  3.8782322e-07  2.9263592e+09
   4571000   37378.082      3.878327e-07   2.0864203e-11  3.8781183e-07  2.9264398e+09
   4572000   37377.916      3.8783271e-07  2.2605204e-11  3.878101e-07   2.9264662e+09
   4573000   37379.117      3.878327e-07   1.0132511e-11  3.8782257e-07  2.9263792e+09
   4574000   37378.849      3.878327e-07   1.2909828e-11  3.8781979e-07  2.9263916e+09
   4575000   37377.65       3.878327e-07   2.5354144e-11  3.8780735e-07  2.9264691e+09
   4576000   37379.074      3.878327e-07   1.0579312e-11  3.8782212e-07  2.9263476e+09
   4577000   37378.567      3.878327e-07   1.5840215e-11  3.8781686e-07  2.9264134e+09
   4578000   37378.071      3.878327e-07   2.0983267e-11  3.8781172e-07  2.9264792e+09
   4579000   37378.602      3.878327e-07   1.5472799e-11  3.8781723e-07  2.926399e+09 
   4580000   37378.63       3.878327e-07   1.5190045e-11  3.8781751e-07  2.9263742e+09
   4581000   37379.378      3.878327e-07   7.4233762e-12  3.8782528e-07  2.9263368e+09
   4582000   37378.721      3.878327e-07   1.423992e-11   3.8781846e-07  2.9263983e+09
   4583000   37379.077      3.878327e-07   1.0545432e-11  3.8782215e-07  2.9263642e+09
   4584000   37378.975      3.878327e-07   1.1598394e-11  3.878211e-07   2.9263719e+09
   4585000   37378.16       3.878327e-07   2.0057912e-11  3.8781264e-07  2.9264665e+09
   4586000   37379.199      3.878327e-07   9.27762e-12    3.8782342e-07  2.9263821e+09
   4587000   37378.76       3.878327e-07   1.3832312e-11  3.8781887e-07  2.926399e+09 
   4588000   37378.942      3.878327e-07   1.1944939e-11  3.8782075e-07  2.9263851e+09
   4589000   37379.289      3.878327e-07   8.3451763e-12  3.8782435e-07  2.9263459e+09
   4590000   37378.99       3.878327e-07   1.1452707e-11  3.8782125e-07  2.9263658e+09
   4591000   37378.503      3.8783269e-07  1.6500572e-11  3.8781619e-07  2.9263834e+09
   4592000   37378.745      3.878327e-07   1.398763e-11   3.8781871e-07  2.9263793e+09
   4593000   37379.207      3.878327e-07   9.1962852e-12  3.878235e-07   2.92635e+09  
   4594000   37378.047      3.878327e-07   2.1231885e-11  3.8781147e-07  2.9264221e+09
   4595000   37378.616      3.878327e-07   1.5330323e-11  3.8781737e-07  2.9264133e+09
   4596000   37378.643      3.878327e-07   1.5043914e-11  3.8781765e-07  2.9264049e+09
   4597000   37379.197      3.878327e-07   9.3009814e-12  3.878234e-07   2.926363e+09 
   4598000   37378.301      3.878327e-07   1.8597967e-11  3.878141e-07   2.926412e+09 
   4599000   37378.99       3.878327e-07   1.1454988e-11  3.8782125e-07  2.9263585e+09
   4600000   37379.217      3.878327e-07   9.092781e-12   3.8782361e-07  2.926359e+09 
   4601000   37378.772      3.878327e-07   1.3708752e-11  3.8781899e-07  2.9263946e+09
   4602000   37378.705      3.878327e-07   1.4410409e-11  3.8781829e-07  2.9264142e+09
   4603000   37378.148      3.878327e-07   2.0180798e-11  3.8781252e-07  2.9264594e+09
   4604000   37379.159      3.878327e-07   9.6988209e-12  3.87823e-07    2.9263697e+09
   4605000   37378.763      3.878327e-07   1.3801629e-11  3.878189e-07   2.9264095e+09
   4606000   37378.31       3.8783271e-07  1.8512968e-11  3.8781419e-07  2.9264142e+09
   4607000   37378.706      3.878327e-07   1.4395891e-11  3.878183e-07   2.9264058e+09
   4608000   37378.859      3.8783269e-07  1.2806913e-11  3.8781989e-07  2.9263943e+09
   4609000   37379.16       3.878327e-07   9.6899681e-12  3.8782301e-07  2.9263666e+09
   4610000   37378.666      3.878327e-07   1.4811952e-11  3.8781789e-07  2.9264027e+09
   4611000   37378.615      3.878327e-07   1.5336434e-11  3.8781736e-07  2.9263836e+09
   4612000   37377.802      3.8783271e-07  2.3784673e-11  3.8780892e-07  2.9264398e+09
   4613000   37378.549      3.8783269e-07  1.6016796e-11  3.8781668e-07  2.9264085e+09
   4614000   37379.471      3.878327e-07   6.4616011e-12  3.8782624e-07  2.9263273e+09
   4615000   37378.675      3.878327e-07   1.4718758e-11  3.8781798e-07  2.9264071e+09
   4616000   37379.139      3.878327e-07   9.9022999e-12  3.878228e-07   2.9263635e+09
   4617000   37379.705      3.878327e-07   4.0294154e-12  3.8782867e-07  2.9263051e+09
   4618000   37378.818      3.878327e-07   1.3234779e-11  3.8781947e-07  2.9264001e+09
   4619000   37379.105      3.878327e-07   1.0260612e-11  3.8782244e-07  2.9263705e+09
   4620000   37378.935      3.878327e-07   1.2013477e-11  3.8782068e-07  2.9263884e+09
   4621000   37379.078      3.878327e-07   1.0531874e-11  3.8782217e-07  2.926375e+09 
   4622000   37378.432      3.878327e-07   1.7232075e-11  3.8781547e-07  2.9264109e+09
   4623000   37378.99       3.878327e-07   1.1452058e-11  3.8782125e-07  2.9263846e+09
   4624000   37379.085      3.878327e-07   1.0459835e-11  3.8782224e-07  2.9263841e+09
   4625000   37377.567      3.878327e-07   2.6213021e-11  3.8780649e-07  2.9264536e+09
   4626000   37378.977      3.878327e-07   1.1578732e-11  3.8782112e-07  2.9263788e+09
   4627000   37378.981      3.878327e-07   1.1541043e-11  3.8782116e-07  2.9263927e+09
   4628000   37378.534      3.878327e-07   1.6179999e-11  3.8781652e-07  2.9263771e+09
   4629000   37377.233      3.878327e-07   2.9684491e-11  3.8780302e-07  2.9265016e+09
   4630000   37378.394      3.878327e-07   1.763541e-11   3.8781506e-07  2.9264107e+09
   4631000   37378.982      3.878327e-07   1.1530684e-11  3.8782117e-07  2.9263509e+09
   4632000   37378.593      3.8783268e-07  1.5557283e-11  3.8781713e-07  2.9263964e+09
   4633000   37378.599      3.878327e-07   1.5501606e-11  3.878172e-07   2.9264133e+09
   4634000   37378.439      3.878327e-07   1.7168809e-11  3.8781553e-07  2.9264169e+09
   4635000   37378.871      3.878327e-07   1.2687312e-11  3.8782001e-07  2.92637e+09  
   4636000   37379.073      3.878327e-07   1.0590298e-11  3.8782211e-07  2.9263871e+09
   4637000   37378.344      3.878327e-07   1.815566e-11   3.8781455e-07  2.9264382e+09
   4638000   37378.772      3.878327e-07   1.3715306e-11  3.8781899e-07  2.9264029e+09
   4639000   37378.555      3.878327e-07   1.5962486e-11  3.8781674e-07  2.9264092e+09
   4640000   37378.452      3.878327e-07   1.7026979e-11  3.8781567e-07  2.9263927e+09
   4641000   37378.894      3.878327e-07   1.2443451e-11  3.8782026e-07  2.9263859e+09
   4642000   37379.037      3.878327e-07   1.0957897e-11  3.8782174e-07  2.9263695e+09
   4643000   37378.202      3.878327e-07   1.9621387e-11  3.8781308e-07  2.9264319e+09
   4644000   37378.566      3.878327e-07   1.5847635e-11  3.8781685e-07  2.9264204e+09
   4645000   37378.763      3.878327e-07   1.3802707e-11  3.878189e-07   2.9263869e+09
   4646000   37378.493      3.878327e-07   1.6606708e-11  3.8781609e-07  2.9264415e+09
   4647000   37379.028      3.878327e-07   1.1050599e-11  3.8782165e-07  2.9263781e+09
   4648000   37379.261      3.878327e-07   8.6347128e-12  3.8782406e-07  2.9263624e+09
   4649000   37378.698      3.878327e-07   1.4478527e-11  3.8781822e-07  2.9263998e+09
   4650000   37379.02       3.878327e-07   1.1142436e-11  3.8782156e-07  2.9263786e+09
   4651000   37379.197      3.878327e-07   9.3025962e-12  3.878234e-07   2.9263684e+09
   4652000   37378.591      3.878327e-07   1.559292e-11   3.8781711e-07  2.9264039e+09
   4653000   37378.544      3.878327e-07   1.6078271e-11  3.8781662e-07  2.9264266e+09
   4654000   37378.338      3.878327e-07   1.8209419e-11  3.8781449e-07  2.9264366e+09
   4655000   37378.593      3.878327e-07   1.5567242e-11  3.8781713e-07  2.9263846e+09
   4656000   37378.933      3.878327e-07   1.2042232e-11  3.8782066e-07  2.9263887e+09
   4657000   37379.559      3.878327e-07   5.5416317e-12  3.8782716e-07  2.9263168e+09
   4658000   37377.851      3.878327e-07   2.326363e-11   3.8780943e-07  2.9264705e+09
   4659000   37379.318      3.878327e-07   8.0471405e-12  3.8782465e-07  2.9263503e+09
   4660000   37378.467      3.878327e-07   1.6873082e-11  3.8781583e-07  2.9264316e+09
   4661000   37378.894      3.878327e-07   1.2444195e-11  3.8782026e-07  2.9263839e+09
   4662000   37379.172      3.878327e-07   9.5607842e-12  3.8782314e-07  2.9263672e+09
   4663000   37376.614      3.878327e-07   3.6103628e-11  3.877966e-07   2.92655e+09  
   4664000   37378.722      3.878327e-07   1.4228742e-11  3.8781847e-07  2.9263992e+09
   4665000   37379.011      3.878327e-07   1.1231229e-11  3.8782147e-07  2.9263701e+09
   4666000   37379.042      3.878327e-07   1.0913751e-11  3.8782178e-07  2.926369e+09 
   4667000   37378.831      3.878327e-07   1.3095149e-11  3.878196e-07   2.9263967e+09
   4668000   37379.05       3.8783269e-07  1.0818839e-11  3.8782187e-07  2.9263304e+09
   4669000   37378.332      3.878327e-07   1.8273907e-11  3.8781443e-07  2.926401e+09 
   4670000   37379.324      3.878327e-07   7.9863646e-12  3.8782471e-07  2.9263458e+09
   4671000   37379.144      3.878327e-07   9.8482943e-12  3.8782285e-07  2.9263795e+09
   4672000   37378.666      3.878327e-07   1.4813681e-11  3.8781788e-07  2.9263894e+09
   4673000   37378.023      3.878327e-07   2.149024e-11   3.8781121e-07  2.9264012e+09
   4674000   37377.42       3.878327e-07   2.7740754e-11  3.8780496e-07  2.9264948e+09
   4675000   37378.157      3.878327e-07   2.0090952e-11  3.8781261e-07  2.9264311e+09
   4676000   37378.081      3.878327e-07   2.0880091e-11  3.8781182e-07  2.9264502e+09
   4677000   37378.276      3.878327e-07   1.8854601e-11  3.8781385e-07  2.9264402e+09
   4678000   37378.276      3.878327e-07   1.8862805e-11  3.8781384e-07  2.926439e+09 
   4679000   37378.864      3.878327e-07   1.275973e-11   3.8781994e-07  2.9264018e+09
   4680000   37379.003      3.8783269e-07  1.1304976e-11  3.8782139e-07  2.9264156e+09
   4681000   37379.507      3.878327e-07   6.0872849e-12  3.8782661e-07  2.9263227e+09
   4682000   37378.338      3.878327e-07   1.8210154e-11  3.8781449e-07  2.9264425e+09
   4683000   37379.501      3.878327e-07   6.1450273e-12  3.8782655e-07  2.9263254e+09
   4684000   37379.291      3.878327e-07   8.3243474e-12  3.8782438e-07  2.9263554e+09
   4685000   37379.404      3.878327e-07   7.1524094e-12  3.8782555e-07  2.9263368e+09
   4686000   37378.476      3.878327e-07   1.6784383e-11  3.8781591e-07  2.9264393e+09
   4687000   37378.78       3.878327e-07   1.3630067e-11  3.8781907e-07  2.9264123e+09
   4688000   37378.798      3.878327e-07   1.3439502e-11  3.8781926e-07  2.9263505e+09
   4689000   37378.84       3.878327e-07   1.3009673e-11  3.8781969e-07  2.9263796e+09
   4690000   37379.039      3.878327e-07   1.0932399e-11  3.8782176e-07  2.926366e+09 
   4691000   37378.761      3.878327e-07   1.3823052e-11  3.8781888e-07  2.9263893e+09
   4692000   37378.418      3.878327e-07   1.7380808e-11  3.8781532e-07  2.9264076e+09
   4693000   37379.019      3.878327e-07   1.1150753e-11  3.8782155e-07  2.9263691e+09
   4694000   37378.957      3.878327e-07   1.1796047e-11  3.878209e-07   2.9263895e+09
   4695000   37379.279      3.878327e-07   8.4507344e-12  3.8782425e-07  2.9263497e+09
   4696000   37378.664      3.878327e-07   1.4829569e-11  3.8781787e-07  2.9264066e+09
   4697000   37378.358      3.878327e-07   1.8007013e-11  3.8781469e-07  2.9264514e+09
   4698000   37377.858      3.878327e-07   2.3198098e-11  3.878095e-07   2.9264781e+09
   4699000   37378.279      3.878327e-07   1.8827738e-11  3.8781387e-07  2.9264212e+09
   4700000   37378.713      3.878327e-07   1.4319341e-11  3.8781838e-07  2.9264171e+09
   4701000   37378.284      3.8783269e-07  1.8767802e-11  3.8781392e-07  2.9264243e+09
   4702000   37378.361      3.878327e-07   1.7973558e-11  3.8781473e-07  2.9264519e+09
   4703000   37379.617      3.878327e-07   4.9486206e-12  3.8782775e-07  2.9263078e+09
   4704000   37379.058      3.878327e-07   1.0740132e-11  3.8782196e-07  2.9263589e+09
   4705000   37379.109      3.878327e-07   1.0210306e-11  3.8782249e-07  2.9263703e+09
   4706000   37378.298      3.878327e-07   1.8630022e-11  3.8781407e-07  2.9264484e+09
   4707000   37378.395      3.878327e-07   1.7625759e-11  3.8781507e-07  2.9264533e+09
   4708000   37379.381      3.878327e-07   7.3947272e-12  3.878253e-07   2.9263443e+09
   4709000   37376.984      3.878327e-07   3.2263841e-11  3.8780044e-07  2.9264596e+09
   4710000   37377.659      3.878327e-07   2.5257975e-11  3.8780744e-07  2.926514e+09 
   4711000   37379.371      3.878327e-07   7.4969036e-12  3.878252e-07   2.9263311e+09
   4712000   37378.866      3.878327e-07   1.2739199e-11  3.8781996e-07  2.926393e+09 
   4713000   37378.826      3.878327e-07   1.3155586e-11  3.8781954e-07  2.9263948e+09
   4714000   37377.658      3.8783271e-07  2.5273979e-11  3.8780743e-07  2.9264178e+09
   4715000   37378.932      3.878327e-07   1.20544e-11    3.8782065e-07  2.9263902e+09
   4716000   37378.186      3.878327e-07   1.9787789e-11  3.8781291e-07  2.9264413e+09
   4717000   37379.237      3.878327e-07   8.8850499e-12  3.8782381e-07  2.9263532e+09
   4718000   37378.729      3.8783269e-07  1.4154661e-11  3.8781854e-07  2.9263996e+09
   4719000   37378.881      3.878327e-07   1.2580987e-11  3.8782012e-07  2.9263988e+09
   4720000   37379.406      3.878327e-07   7.1314881e-12  3.8782557e-07  2.9263279e+09
   4721000   37379.232      3.878327e-07   8.9353927e-12  3.8782376e-07  2.9263537e+09
   4722000   37379.155      3.878327e-07   9.7331606e-12  3.8782297e-07  2.9263623e+09
   4723000   37379.026      3.878327e-07   1.1071752e-11  3.8782163e-07  2.9263882e+09
   4724000   37379.314      3.878327e-07   8.0906754e-12  3.8782461e-07  2.926352e+09 
   4725000   37379.109      3.878327e-07   1.0215391e-11  3.8782248e-07  2.9263845e+09
   4726000   37379.24       3.878327e-07   8.8569675e-12  3.8782384e-07  2.9263706e+09
   4727000   37379.087      3.878327e-07   1.0443509e-11  3.8782225e-07  2.9263615e+09
   4728000   37379.302      3.878327e-07   8.2138309e-12  3.8782449e-07  2.9263471e+09
   4729000   37378.879      3.878327e-07   1.2601707e-11  3.878201e-07   2.9263843e+09
   4730000   37377.867      3.878327e-07   2.3102165e-11  3.878096e-07   2.9264874e+09
   4731000   37379.252      3.878327e-07   8.7264508e-12  3.8782397e-07  2.9263522e+09
   4732000   37378.745      3.878327e-07   1.3990094e-11  3.8781871e-07  2.9264222e+09
   4733000   37378.309      3.8783269e-07  1.8506484e-11  3.8781418e-07  2.9264174e+09
   4734000   37379.412      3.878327e-07   7.0708889e-12  3.8782563e-07  2.9263368e+09
   4735000   37379.129      3.878327e-07   1.0011761e-11  3.8782269e-07  2.926368e+09 
   4736000   37379.276      3.878327e-07   8.4864577e-12  3.8782421e-07  2.9263435e+09
   4737000   37378.728      3.878327e-07   1.4171678e-11  3.8781853e-07  2.9263884e+09
   4738000   37379.283      3.878327e-07   8.407998e-12   3.8782429e-07  2.9263635e+09
   4739000   37379.702      3.878327e-07   4.0626913e-12  3.8782864e-07  2.9263023e+09
   4740000   37378.912      3.878327e-07   1.2256476e-11  3.8782044e-07  2.9263858e+09
   4741000   37379.263      3.878327e-07   8.6175182e-12  3.8782408e-07  2.9263431e+09
   4742000   37378.439      3.878327e-07   1.7164654e-11  3.8781553e-07  2.9264307e+09
   4743000   37378.395      3.878327e-07   1.7623634e-11  3.8781508e-07  2.9264363e+09
   4744000   37379.115      3.878327e-07   1.0155708e-11  3.8782254e-07  2.9263606e+09
   4745000   37378.432      3.878327e-07   1.7240769e-11  3.8781546e-07  2.9264132e+09
   4746000   37378.35       3.878327e-07   1.8092356e-11  3.8781461e-07  2.9264221e+09
   4747000   37378.731      3.878327e-07   1.4135004e-11  3.8781857e-07  2.9263909e+09
   4748000   37378.887      3.878327e-07   1.2521683e-11  3.8782018e-07  2.9263673e+09
   4749000   37378.748      3.878327e-07   1.3961354e-11  3.8781874e-07  2.9263823e+09
   4750000   37378.374      3.878327e-07   1.784581e-11   3.8781486e-07  2.9264102e+09
   4751000   37378.904      3.878327e-07   1.2343612e-11  3.8782035e-07  2.9263821e+09
   4752000   37378.912      3.878327e-07   1.2261087e-11  3.8782044e-07  2.9263908e+09
   4753000   37379.101      3.878327e-07   1.0294347e-11  3.8782241e-07  2.9263637e+09
   4754000   37379.212      3.878327e-07   9.145126e-12   3.8782355e-07  2.9263529e+09
   4755000   37379.048      3.878327e-07   1.0852142e-11  3.8782185e-07  2.9263627e+09
   4756000   37379.381      3.878327e-07   7.3900343e-12  3.8782531e-07  2.9263404e+09
   4757000   37378.846      3.878327e-07   1.2947919e-11  3.8781975e-07  2.9263931e+09
   4758000   37378.58       3.8783269e-07  1.5702143e-11  3.8781699e-07  2.9264123e+09
   4759000   37378.371      3.8783269e-07  1.786632e-11   3.8781483e-07  2.9264188e+09
   4760000   37379.201      3.878327e-07   9.2583612e-12  3.8782344e-07  2.9263523e+09
   4761000   37378.122      3.8783269e-07  2.0448287e-11  3.8781225e-07  2.9264585e+09
   4762000   37378.748      3.878327e-07   1.3960949e-11  3.8781874e-07  2.9263813e+09
   4763000   37379.18       3.878327e-07   9.4835873e-12  3.8782322e-07  2.9263521e+09
   4764000   37379.143      3.878327e-07   9.8621532e-12  3.8782284e-07  2.9263582e+09
   4765000   37379.161      3.878327e-07   9.6700725e-12  3.8782303e-07  2.9263683e+09
   4766000   37378.958      3.878327e-07   1.177608e-11   3.8782092e-07  2.9263832e+09
   4767000   37379.198      3.878327e-07   9.2898799e-12  3.8782341e-07  2.9263721e+09
   4768000   37378.07       3.878327e-07   2.0990282e-11  3.8781171e-07  2.9264305e+09
   4769000   37378.674      3.878327e-07   1.4726092e-11  3.8781797e-07  2.9263875e+09
   4770000   37379.003      3.878327e-07   1.1308724e-11  3.8782139e-07  2.9263755e+09
   4771000   37378.768      3.878327e-07   1.3752097e-11  3.8781895e-07  2.9264015e+09
   4772000   37378.398      3.878327e-07   1.758807e-11   3.8781511e-07  2.9264613e+09
   4773000   37378.739      3.878327e-07   1.405572e-11   3.8781864e-07  2.9264e+09   
   4774000   37378.721      3.878327e-07   1.4236533e-11  3.8781846e-07  2.9264159e+09
   4775000   37379.198      3.878327e-07   9.2913278e-12  3.8782341e-07  2.9263596e+09
   4776000   37379.296      3.878327e-07   8.2712294e-12  3.8782443e-07  2.9263512e+09
   4777000   37378.506      3.878327e-07   1.6469065e-11  3.8781623e-07  2.9264108e+09
   4778000   37378.798      3.878327e-07   1.3437975e-11  3.8781926e-07  2.9263911e+09
   4779000   37378.675      3.878327e-07   1.4717284e-11  3.8781798e-07  2.9264015e+09
   4780000   37378.742      3.878327e-07   1.401869e-11   3.8781868e-07  2.9263996e+09
   4781000   37378.601      3.878327e-07   1.5483616e-11  3.8781722e-07  2.9264237e+09
   4782000   37377.692      3.878327e-07   2.4914837e-11  3.8780779e-07  2.9264695e+09
   4783000   37379.277      3.878327e-07   8.4692157e-12  3.8782423e-07  2.9263519e+09
   4784000   37378.774      3.878327e-07   1.3688392e-11  3.8781901e-07  2.9263982e+09
   4785000   37379.309      3.878327e-07   8.1412122e-12  3.8782456e-07  2.926344e+09 
   4786000   37378.974      3.878327e-07   1.1614493e-11  3.8782108e-07  2.9263818e+09
   4787000   37378.963      3.878327e-07   1.1733149e-11  3.8782097e-07  2.9263918e+09
   4788000   37378.519      3.878327e-07   1.6333561e-11  3.8781637e-07  2.9264202e+09
   4789000   37379.055      3.878327e-07   1.0779136e-11  3.8782192e-07  2.9263702e+09
   4790000   37378.388      3.878327e-07   1.7700564e-11  3.87815e-07    2.9264315e+09
   4791000   37378.863      3.878327e-07   1.2764071e-11  3.8781993e-07  2.9263865e+09
   4792000   37377.918      3.878327e-07   2.256984e-11   3.8781013e-07  2.9264671e+09
   4793000   37378.522      3.878327e-07   1.6302264e-11  3.8781639e-07  2.9264002e+09
   4794000   37379.209      3.878327e-07   9.1759602e-12  3.8782352e-07  2.9263745e+09
   4795000   37378.932      3.878327e-07   1.2048916e-11  3.8782065e-07  2.9263775e+09
   4796000   37379.232      3.878327e-07   8.9419919e-12  3.8782376e-07  2.9263558e+09
   4797000   37378.011      3.878327e-07   2.1611271e-11  3.8781109e-07  2.9264508e+09
   4798000   37378.904      3.878327e-07   1.2341821e-11  3.8782036e-07  2.9263715e+09
   4799000   37379.169      3.878327e-07   9.5965435e-12  3.878231e-07   2.9263461e+09
   4800000   37378.777      3.878327e-07   1.3661655e-11  3.8781904e-07  2.9263908e+09
   4801000   37377.829      3.878327e-07   2.3498339e-11  3.878092e-07   2.9264543e+09
   4802000   37378.536      3.878327e-07   1.616255e-11   3.8781654e-07  2.9264189e+09
   4803000   37377.892      3.878327e-07   2.284318e-11   3.8780985e-07  2.9264566e+09
   4804000   37378.919      3.878327e-07   1.2185936e-11  3.8782051e-07  2.9263939e+09
   4805000   37378.878      3.878327e-07   1.2606594e-11  3.8782009e-07  2.9263756e+09
   4806000   37378.134      3.878327e-07   2.0332084e-11  3.8781237e-07  2.9264231e+09
   4807000   37378.526      3.878327e-07   1.6267032e-11  3.8781643e-07  2.9264163e+09
   4808000   37378.67       3.878327e-07   1.4765307e-11  3.8781793e-07  2.9264184e+09
   4809000   37378.15       3.878327e-07   2.0166737e-11  3.8781253e-07  2.9264255e+09
   4810000   37378.567      3.878327e-07   1.5841054e-11  3.8781686e-07  2.9263943e+09
   4811000   37378.959      3.878327e-07   1.1771788e-11  3.8782093e-07  2.9263903e+09
   4812000   37378.827      3.878327e-07   1.3143457e-11  3.8781955e-07  2.9263897e+09
   4813000   37379.373      3.878327e-07   7.4784866e-12  3.8782522e-07  2.9263462e+09
   4814000   37378.734      3.878327e-07   1.4103401e-11  3.8781859e-07  2.9264066e+09
   4815000   37379.145      3.878327e-07   9.8366734e-12  3.8782286e-07  2.9263684e+09
   4816000   37378.551      3.878327e-07   1.6004678e-11  3.8781669e-07  2.9264139e+09
   4817000   37378.779      3.878327e-07   1.3638538e-11  3.8781906e-07  2.9264013e+09
   4818000   37378.459      3.878327e-07   1.6957312e-11  3.8781574e-07  2.9264172e+09
   4819000   37378.174      3.878327e-07   1.9918368e-11  3.8781278e-07  2.9264413e+09
   4820000   37379.467      3.878327e-07   6.4954138e-12  3.878262e-07   2.9263303e+09
   4821000   37378.869      3.878327e-07   1.2708868e-11  3.8781999e-07  2.9264016e+09
   4822000   37378.819      3.878327e-07   1.3225937e-11  3.8781947e-07  2.9263973e+09
   4823000   37379.223      3.878327e-07   9.0313193e-12  3.8782367e-07  2.9263606e+09
   4824000   37379.122      3.8783269e-07  1.0078706e-11  3.8782262e-07  2.9263791e+09
   4825000   37378.819      3.8783268e-07  1.3202848e-11  3.8781947e-07  2.9263758e+09
   4826000   37379.447      3.878327e-07   6.7117063e-12  3.8782599e-07  2.9263284e+09
   4827000   37378.322      3.878327e-07   1.8381006e-11  3.8781432e-07  2.9264613e+09
   4828000   37379.417      3.878327e-07   7.0151153e-12  3.8782568e-07  2.9263365e+09
   4829000   37379.107      3.878327e-07   1.0235554e-11  3.8782246e-07  2.9263716e+09
   4830000   37379.516      3.878327e-07   5.9915878e-12  3.8782671e-07  2.9263302e+09
   4831000   37378.3        3.8783269e-07  1.8599608e-11  3.8781409e-07  2.9264208e+09
   4832000   37378.714      3.878327e-07   1.4316833e-11  3.8781838e-07  2.9264062e+09
   4833000   37379.376      3.878327e-07   7.4482305e-12  3.8782525e-07  2.9263381e+09
   4834000   37379.437      3.878327e-07   6.8134478e-12  3.8782589e-07  2.9263296e+09
   4835000   37379.248      3.878327e-07   8.7684002e-12  3.8782393e-07  2.926351e+09 
   4836000   37378.585      3.878327e-07   1.5645252e-11  3.8781705e-07  2.9264249e+09
   4837000   37379.362      3.878327e-07   7.5903425e-12  3.8782511e-07  2.9263406e+09
   4838000   37378.428      3.878327e-07   1.7283239e-11  3.8781542e-07  2.9264254e+09
   4839000   37378.338      3.878327e-07   1.8205675e-11  3.8781449e-07  2.9264298e+09
   4840000   37377.788      3.8783269e-07  2.390867e-11   3.8780878e-07  2.9264212e+09
   4841000   37378.739      3.878327e-07   1.4052748e-11  3.8781865e-07  2.9264048e+09
   4842000   37379.649      3.878327e-07   4.6154182e-12  3.8782808e-07  2.92631e+09  
   4843000   37378.922      3.878327e-07   1.2158612e-11  3.8782054e-07  2.9263945e+09
   4844000   37379.242      3.878327e-07   8.8339979e-12  3.8782387e-07  2.926357e+09 
   4845000   37378.771      3.878327e-07   1.3719026e-11  3.8781898e-07  2.9263758e+09
   4846000   37379.116      3.878327e-07   1.0141285e-11  3.8782256e-07  2.9263668e+09
   4847000   37377.458      3.878327e-07   2.7345332e-11  3.8780535e-07  2.9264987e+09
   4848000   37378.979      3.878327e-07   1.1558513e-11  3.8782114e-07  2.9263616e+09
   4849000   37378.992      3.878327e-07   1.1433183e-11  3.8782127e-07  2.9263853e+09
   4850000   37378.784      3.878327e-07   1.3583024e-11  3.8781912e-07  2.9263966e+09
   4851000   37377.4        3.8783271e-07  2.7957328e-11  3.8780475e-07  2.9265539e+09
   4852000   37377.99       3.878327e-07   2.1831123e-11  3.8781087e-07  2.9264446e+09
   4853000   37378.893      3.878327e-07   1.2457269e-11  3.8782024e-07  2.9263766e+09
   4854000   37379.19       3.878327e-07   9.3780439e-12  3.8782332e-07  2.9263663e+09
   4855000   37379.619      3.878327e-07   4.9270002e-12  3.8782777e-07  2.926322e+09 
   4856000   37378.694      3.878327e-07   1.4519373e-11  3.8781818e-07  2.9263922e+09
   4857000   37377.814      3.878327e-07   2.3649155e-11  3.8780905e-07  2.9265007e+09
   4858000   37379.144      3.878327e-07   9.8469518e-12  3.8782285e-07  2.9263707e+09
   4859000   37378.494      3.878327e-07   1.6595407e-11  3.878161e-07   2.926416e+09 
   4860000   37378.967      3.878327e-07   1.1688697e-11  3.8782101e-07  2.9263913e+09
   4861000   37379.484      3.878327e-07   6.3245644e-12  3.8782638e-07  2.9263251e+09
   4862000   37378.203      3.878327e-07   1.9610462e-11  3.8781309e-07  2.9264448e+09
   4863000   37377.112      3.8783271e-07  3.093796e-11   3.8780177e-07  2.9264845e+09
   4864000   37378.606      3.878327e-07   1.5428205e-11  3.8781727e-07  2.9264228e+09
   4865000   37378.023      3.878327e-07   2.1479642e-11  3.8781122e-07  2.9264661e+09
   4866000   37378.227      3.878327e-07   1.9359799e-11  3.8781334e-07  2.9264476e+09
   4867000   37378.676      3.878327e-07   1.4708804e-11  3.8781799e-07  2.9263845e+09
   4868000   37379.21       3.878327e-07   9.1671886e-12  3.8782353e-07  2.9263498e+09
   4869000   37378.487      3.878327e-07   1.666341e-11   3.8781604e-07  2.9264153e+09
   4870000   37378.593      3.878327e-07   1.5571702e-11  3.8781713e-07  2.9264156e+09
   4871000   37378.916      3.878327e-07   1.2221845e-11  3.8782048e-07  2.9263943e+09
   4872000   37378.061      3.8783271e-07  2.1095776e-11  3.8781161e-07  2.926368e+09 
   4873000   37378.991      3.878327e-07   1.1445002e-11  3.8782126e-07  2.92637e+09  
   4874000   37379.143      3.878327e-07   9.8577254e-12  3.8782284e-07  2.9263713e+09
   4875000   37378.992      3.878327e-07   1.1431848e-11  3.8782127e-07  2.926361e+09 
   4876000   37377.982      3.878327e-07   2.1907407e-11  3.8781079e-07  2.9264466e+09
   4877000   37378.175      3.878327e-07   1.9911339e-11  3.8781279e-07  2.9264202e+09
   4878000   37377.959      3.878327e-07   2.2148698e-11  3.8781055e-07  2.9264652e+09
   4879000   37379.302      3.878327e-07   8.2115144e-12  3.8782449e-07  2.9263547e+09
   4880000   37378.533      3.878327e-07   1.6191909e-11  3.8781651e-07  2.9264496e+09
   4881000   37378.422      3.878327e-07   1.7344685e-11  3.8781536e-07  2.926448e+09 
   4882000   37377.939      3.878327e-07   2.2355436e-11  3.8781035e-07  2.9264404e+09
   4883000   37378.663      3.878327e-07   1.4842943e-11  3.8781785e-07  2.9264274e+09
   4884000   37379.257      3.878327e-07   8.6739123e-12  3.8782403e-07  2.9263488e+09
   4885000   37378.788      3.878327e-07   1.3549169e-11  3.8781915e-07  2.9264019e+09
   4886000   37378.728      3.878327e-07   1.4168133e-11  3.8781853e-07  2.9264057e+09
   4887000   37379.072      3.878327e-07   1.0599946e-11  3.878221e-07   2.9263866e+09
   4888000   37379.335      3.878327e-07   7.8705458e-12  3.8782483e-07  2.9263566e+09
   4889000   37378.87       3.878327e-07   1.2698745e-11  3.8782e-07     2.9263806e+09
   4890000   37378.604      3.878327e-07   1.545369e-11   3.8781725e-07  2.9264424e+09
   4891000   37379.003      3.878327e-07   1.1313153e-11  3.8782138e-07  2.9263826e+09
   4892000   37379.192      3.878327e-07   9.3530159e-12  3.8782335e-07  2.9263666e+09
   4893000   37377.658      3.878327e-07   2.5271667e-11  3.8780743e-07  2.9264769e+09
   4894000   37379.663      3.878327e-07   4.4693775e-12  3.8782823e-07  2.9263067e+09
   4895000   37379.56       3.878327e-07   5.5332971e-12  3.8782717e-07  2.9263171e+09
   4896000   37378.597      3.878327e-07   1.5526541e-11  3.8781717e-07  2.9264047e+09
   4897000   37378.291      3.878327e-07   1.8701441e-11  3.87814e-07    2.9264478e+09
   4898000   37378.576      3.878327e-07   1.5746027e-11  3.8781695e-07  2.9264107e+09
   4899000   37378.733      3.878327e-07   1.4119105e-11  3.8781858e-07  2.9263784e+09
   4900000   37378.063      3.878327e-07   2.106918e-11   3.8781163e-07  2.9264403e+09
   4901000   37378.42       3.878327e-07   1.7365099e-11  3.8781533e-07  2.9264272e+09
   4902000   37379.272      3.878327e-07   8.5201961e-12  3.8782418e-07  2.9263517e+09
   4903000   37379.079      3.878327e-07   1.0520586e-11  3.8782218e-07  2.9263629e+09
   4904000   37378.746      3.878327e-07   1.3975025e-11  3.8781872e-07  2.9264026e+09
   4905000   37379.021      3.878327e-07   1.1131687e-11  3.8782157e-07  2.9263701e+09
   4906000   37378.381      3.878327e-07   1.776564e-11   3.8781493e-07  2.9264164e+09
   4907000   37378.771      3.878327e-07   1.3724564e-11  3.8781897e-07  2.9263617e+09
   4908000   37378.735      3.878327e-07   1.4097298e-11  3.878186e-07   2.9264024e+09
   4909000   37378.876      3.878327e-07   1.2632728e-11  3.8782007e-07  2.926393e+09 
   4910000   37379.392      3.878327e-07   7.2775107e-12  3.8782542e-07  2.9263449e+09
   4911000   37377.894      3.878327e-07   2.282719e-11   3.8780988e-07  2.9264479e+09
   4912000   37379.154      3.878327e-07   9.7502985e-12  3.8782295e-07  2.9263566e+09
   4913000   37378.943      3.878327e-07   1.1932557e-11  3.8782077e-07  2.926379e+09 
   4914000   37377.876      3.878327e-07   2.3011206e-11  3.8780969e-07  2.9264737e+09
   4915000   37378.944      3.878327e-07   1.193007e-11   3.8782077e-07  2.9263842e+09
   4916000   37377.563      3.8783268e-07  2.6233779e-11  3.8780644e-07  2.9264406e+09
   4917000   37379.138      3.878327e-07   9.910914e-12   3.8782279e-07  2.926355e+09 
   4918000   37379.356      3.878327e-07   7.6568358e-12  3.8782504e-07  2.9263425e+09
   4919000   37378.175      3.878327e-07   1.9908971e-11  3.8781279e-07  2.9264472e+09
   4920000   37377.38       3.8783269e-07  2.8148239e-11  3.8780455e-07  2.9264784e+09
   4921000   37378.425      3.878327e-07   1.7313532e-11  3.8781538e-07  2.9264025e+09
   4922000   37378.65       3.878327e-07   1.4978893e-11  3.8781772e-07  2.9263835e+09
   4923000   37379.182      3.878327e-07   9.4563167e-12  3.8782324e-07  2.9263643e+09
   4924000   37378.642      3.878327e-07   1.5061806e-11  3.8781764e-07  2.9263871e+09
   4925000   37379.242      3.878327e-07   8.8384604e-12  3.8782386e-07  2.9263575e+09
   4926000   37379.065      3.878327e-07   1.0674316e-11  3.8782202e-07  2.9263762e+09
   4927000   37378.655      3.878327e-07   1.4928267e-11  3.8781777e-07  2.9263937e+09
   4928000   37378.072      3.878327e-07   2.0973045e-11  3.8781173e-07  2.9264727e+09
   4929000   37378.588      3.878327e-07   1.5622273e-11  3.8781707e-07  2.9263888e+09
   4930000   37378.523      3.878327e-07   1.6294633e-11  3.878164e-07   2.9264216e+09
   4931000   37378.691      3.878327e-07   1.4548673e-11  3.8781815e-07  2.9264037e+09
   4932000   37378.564      3.878327e-07   1.5862387e-11  3.8781683e-07  2.9264104e+09
   4933000   37379.461      3.878327e-07   6.558299e-12   3.8782614e-07  2.9263292e+09
   4934000   37378.548      3.878327e-07   1.6036595e-11  3.8781666e-07  2.9264172e+09
   4935000   37378.294      3.878327e-07   1.8674223e-11  3.8781402e-07  2.9264276e+09
   4936000   37378.923      3.878327e-07   1.2142957e-11  3.8782056e-07  2.9263787e+09
   4937000   37378.454      3.878327e-07   1.7010422e-11  3.8781569e-07  2.9263944e+09
   4938000   37379.109      3.878327e-07   1.0212229e-11  3.8782249e-07  2.9263802e+09
   4939000   37378.92       3.878327e-07   1.217121e-11   3.8782053e-07  2.9263937e+09
   4940000   37377.691      3.878327e-07   2.4926255e-11  3.8780778e-07  2.9264382e+09
   4941000   37377.237      3.878327e-07   2.9642064e-11  3.8780306e-07  2.9264809e+09
   4942000   37377.407      3.878327e-07   2.7871131e-11  3.8780483e-07  2.9264857e+09
   4943000   37378.701      3.878327e-07   1.4447216e-11  3.8781825e-07  2.9264002e+09
   4944000   37378.827      3.878327e-07   1.3141363e-11  3.8781956e-07  2.926386e+09 
   4945000   37378.731      3.878327e-07   1.4133497e-11  3.8781857e-07  2.9263774e+09
   4946000   37378.981      3.878327e-07   1.1542796e-11  3.8782116e-07  2.9263724e+09
   4947000   37378.104      3.878327e-07   2.0639561e-11  3.8781206e-07  2.9264652e+09
   4948000   37378.411      3.878327e-07   1.7456724e-11  3.8781524e-07  2.9264276e+09
   4949000   37377.937      3.878327e-07   2.2371155e-11  3.8781033e-07  2.9264559e+09
   4950000   37378.911      3.878327e-07   1.226955e-11   3.8782043e-07  2.926393e+09 
   4951000   37378.604      3.878327e-07   1.5458665e-11  3.8781724e-07  2.9263831e+09
   4952000   37377.125      3.8783269e-07  3.0794157e-11  3.878019e-07   2.9265116e+09
   4953000   37378.821      3.878327e-07   1.3199271e-11  3.878195e-07   2.9263846e+09
   4954000   37379.01       3.878327e-07   1.1238981e-11  3.8782146e-07  2.9263806e+09
   4955000   37377.817      3.878327e-07   2.3623441e-11  3.8780908e-07  2.9264766e+09
   4956000   37379.291      3.878327e-07   8.3316355e-12  3.8782437e-07  2.9263548e+09
   4957000   37379.233      3.878327e-07   8.9285753e-12  3.8782377e-07  2.9263564e+09
   4958000   37378.888      3.878327e-07   1.250621e-11   3.8782019e-07  2.9263722e+09
   4959000   37379.181      3.878327e-07   9.4642397e-12  3.8782324e-07  2.9263451e+09
   4960000   37378.483      3.878327e-07   1.6710323e-11  3.8781599e-07  2.9264269e+09
   4961000   37379.028      3.878327e-07   1.1050104e-11  3.8782165e-07  2.926386e+09 
   4962000   37379.194      3.878327e-07   9.3272135e-12  3.8782337e-07  2.9263627e+09
   4963000   37378.921      3.878327e-07   1.2161039e-11  3.8782054e-07  2.9263772e+09
   4964000   37378.92       3.878327e-07   1.2171674e-11  3.8782053e-07  2.9263816e+09
   4965000   37378.538      3.878327e-07   1.6140517e-11  3.8781656e-07  2.9264095e+09
   4966000   37378.38       3.878327e-07   1.7781266e-11  3.8781492e-07  2.92642e+09  
   4967000   37378.958      3.878327e-07   1.1783815e-11  3.8782091e-07  2.9263719e+09
   4968000   37378.147      3.878327e-07   2.0193339e-11  3.878125e-07   2.9264516e+09
   4969000   37378.736      3.878327e-07   1.4087593e-11  3.8781861e-07  2.9263788e+09
   4970000   37379.007      3.878327e-07   1.1269153e-11  3.8782143e-07  2.9263703e+09
   4971000   37378.927      3.878327e-07   1.2107663e-11  3.8782059e-07  2.9263796e+09
   4972000   37378.125      3.878327e-07   2.0426185e-11  3.8781227e-07  2.9264458e+09
   4973000   37378.998      3.878327e-07   1.1365878e-11  3.8782133e-07  2.9263815e+09
   4974000   37379.115      3.878327e-07   1.0153679e-11  3.8782255e-07  2.9263667e+09
   4975000   37377.881      3.8783271e-07  2.2969648e-11  3.8780974e-07  2.9264333e+09
   4976000   37379.306      3.878327e-07   8.1721712e-12  3.8782452e-07  2.926341e+09 
   4977000   37377.888      3.878327e-07   2.2886892e-11  3.8780981e-07  2.9264742e+09
   4978000   37377.977      3.878327e-07   2.1958181e-11  3.8781074e-07  2.9264762e+09
   4979000   37378.557      3.878327e-07   1.594001e-11   3.8781676e-07  2.9263936e+09
   4980000   37378.674      3.878327e-07   1.4724932e-11  3.8781797e-07  2.9264035e+09
   4981000   37379.03       3.878327e-07   1.1034553e-11  3.8782166e-07  2.9263621e+09
   4982000   37378.044      3.878327e-07   2.1263055e-11  3.8781144e-07  2.92644e+09  
   4983000   37379.114      3.878327e-07   1.0162465e-11  3.8782254e-07  2.9263702e+09
   4984000   37378.186      3.8783269e-07  1.9787355e-11  3.8781291e-07  2.9264706e+09
   4985000   37379.103      3.878327e-07   1.0280221e-11  3.8782242e-07  2.9263746e+09
   4986000   37378.63       3.878327e-07   1.5186995e-11  3.8781751e-07  2.926407e+09 
   4987000   37378.741      3.878327e-07   1.4032272e-11  3.8781866e-07  2.9263964e+09
   4988000   37379.177      3.878327e-07   9.5085091e-12  3.8782319e-07  2.9263704e+09
   4989000   37378.612      3.878327e-07   1.5365439e-11  3.8781733e-07  2.9264166e+09
   4990000   37379.511      3.878327e-07   6.0490417e-12  3.8782665e-07  2.9263282e+09
   4991000   37378.452      3.878327e-07   1.7026452e-11  3.8781567e-07  2.9264316e+09
   4992000   37378.751      3.878327e-07   1.3928618e-11  3.8781877e-07  2.9263941e+09
   4993000   37378.627      3.878327e-07   1.5215918e-11  3.8781748e-07  2.926398e+09 
   4994000   37377.782      3.878327e-07   2.3983321e-11  3.8780872e-07  2.926448e+09 
   4995000   37379.514      3.878327e-07   6.0112689e-12  3.8782669e-07  2.9263164e+09
   4996000   37378.69       3.878327e-07   1.4565185e-11  3.8781813e-07  2.9264026e+09
   4997000   37378.829      3.878327e-07   1.3116377e-11  3.8781958e-07  2.9263854e+09
   4998000   37377.773      3.878327e-07   2.4082184e-11  3.8780862e-07  2.9264655e+09
   4999000   37378.382      3.878327e-07   1.7749309e-11  3.8781495e-07  2.9264249e+09
   5000000   37379.027      3.878327e-07   1.106539e-11   3.8782163e-07  2.9263705e+09
   5001000   37379.499      3.878327e-07   6.1730894e-12  3.8782653e-07  2.926327e+09 
   5002000   37378.971      3.878327e-07   1.1651044e-11  3.8782105e-07  2.9263847e+09
   5003000   37378.553      3.878327e-07   1.5982347e-11  3.8781672e-07  2.9264166e+09
   5004000   37377.87       3.878327e-07   2.3072759e-11  3.8780963e-07  2.9264587e+09
   5005000   37379.199      3.878327e-07   9.2760548e-12  3.8782342e-07  2.926359e+09 
   5006000   37378.731      3.878327e-07   1.4132859e-11  3.8781857e-07  2.9263935e+09
   5007000   37379.065      3.878327e-07   1.0668552e-11  3.8782203e-07  2.9263798e+09
   5008000   37378.99       3.878327e-07   1.1448284e-11  3.8782125e-07  2.926378e+09 
   5009000   37378.374      3.878327e-07   1.7846317e-11  3.8781485e-07  2.9264133e+09
   5010000   37379.235      3.878327e-07   8.9090345e-12  3.8782379e-07  2.9263593e+09
   5011000   37378.838      3.878327e-07   1.3024573e-11  3.8781967e-07  2.926389e+09 
   5012000   37379.362      3.878327e-07   7.5913034e-12  3.8782511e-07  2.9263366e+09
   5013000   37379.222      3.878327e-07   9.0446327e-12  3.8782365e-07  2.9263602e+09
   5014000   37378.296      3.878327e-07   1.8651121e-11  3.8781405e-07  2.9264464e+09
   5015000   37378.826      3.878327e-07   1.3151961e-11  3.8781955e-07  2.9263858e+09
   5016000   37378.661      3.878327e-07   1.4864586e-11  3.8781784e-07  2.9263953e+09
   5017000   37378.202      3.878327e-07   1.9625691e-11  3.8781307e-07  2.9264429e+09
   5018000   37378.249      3.878327e-07   1.9137456e-11  3.8781356e-07  2.9264345e+09
   5019000   37378.325      3.878327e-07   1.8350889e-11  3.8781435e-07  2.9264474e+09
   5020000   37378.58       3.878327e-07   1.5699763e-11  3.87817e-07    2.9264315e+09
   5021000   37378.67       3.878327e-07   1.4771577e-11  3.8781793e-07  2.9263929e+09
   5022000   37378.702      3.878327e-07   1.4439368e-11  3.8781826e-07  2.926419e+09 
   5023000   37379.045      3.878327e-07   1.0882344e-11  3.8782182e-07  2.9263734e+09
   5024000   37379.429      3.878327e-07   6.8988377e-12  3.878258e-07   2.9263359e+09
   5025000   37378.708      3.878327e-07   1.4378981e-11  3.8781832e-07  2.9263976e+09
   5026000   37378.925      3.878327e-07   1.2127925e-11  3.8782057e-07  2.9263723e+09
   5027000   37378.397      3.878327e-07   1.7602718e-11  3.878151e-07   2.9264371e+09
   5028000   37378.123      3.878327e-07   2.0446107e-11  3.8781225e-07  2.9264315e+09
   5029000   37378.296      3.878327e-07   1.8650505e-11  3.8781405e-07  2.9264093e+09
   5030000   37377.85       3.878327e-07   2.3283308e-11  3.8780942e-07  2.9264538e+09
   5031000   37378.695      3.878327e-07   1.4514514e-11  3.8781818e-07  2.9264132e+09
   5032000   37377.696      3.878327e-07   2.4869671e-11  3.8780783e-07  2.926467e+09 
   5033000   37379.11       3.878327e-07   1.0201504e-11  3.878225e-07   2.9263661e+09
   5034000   37378.611      3.878327e-07   1.5379281e-11  3.8781732e-07  2.9264143e+09
   5035000   37379.745      3.878327e-07   3.6119947e-12  3.8782909e-07  2.9262864e+09
   5036000   37379.086      3.878327e-07   1.0447673e-11  3.8782225e-07  2.9263666e+09
   5037000   37378.969      3.878327e-07   1.1665082e-11  3.8782103e-07  2.9263724e+09
   5038000   37379.066      3.878327e-07   1.0662925e-11  3.8782204e-07  2.9263699e+09
   5039000   37379.091      3.878327e-07   1.0396955e-11  3.878223e-07   2.9263641e+09
   5040000   37379.266      3.878327e-07   8.5864681e-12  3.8782411e-07  2.9263566e+09
   5041000   37377.725      3.878327e-07   2.4571639e-11  3.8780813e-07  2.9264406e+09
   5042000   37377.739      3.878327e-07   2.4426501e-11  3.8780827e-07  2.9264713e+09
   5043000   37377.867      3.878327e-07   2.3107984e-11  3.8780959e-07  2.9264567e+09
   5044000   37378.839      3.878327e-07   1.3015388e-11  3.8781968e-07  2.926372e+09 
   5045000   37379.169      3.878327e-07   9.5885144e-12  3.8782311e-07  2.9263683e+09
   5046000   37378.61       3.8783268e-07  1.5376824e-11  3.8781731e-07  2.9263982e+09
   5047000   37378.388      3.878327e-07   1.7700495e-11  3.87815e-07    2.9264387e+09
   5048000   37379.075      3.878327e-07   1.0565416e-11  3.8782213e-07  2.9263798e+09
   5049000   37379.249      3.878327e-07   8.7583032e-12  3.8782394e-07  2.9263594e+09
   5050000   37377.76       3.878327e-07   2.4212497e-11  3.8780849e-07  2.9265192e+09
   5051000   37378.956      3.878327e-07   1.1793612e-11  3.878209e-07   2.9263817e+09
   5052000   37379.03       3.878327e-07   1.1036907e-11  3.8782166e-07  2.9263726e+09
   5053000   37379.006      3.878327e-07   1.1281211e-11  3.8782142e-07  2.9263804e+09
   5054000   37378.954      3.878327e-07   1.1823709e-11  3.8782088e-07  2.9263655e+09
   5055000   37378.029      3.878327e-07   2.1423253e-11  3.8781128e-07  2.9264594e+09
   5056000   37379.225      3.878327e-07   9.0084977e-12  3.8782369e-07  2.9263675e+09
   5057000   37379.495      3.878327e-07   6.2124953e-12  3.8782649e-07  2.9263286e+09
   5058000   37378.132      3.878327e-07   2.0351978e-11  3.8781235e-07  2.9264294e+09
   5059000   37379.035      3.878327e-07   1.0979382e-11  3.8782172e-07  2.926359e+09 
   5060000   37378.419      3.878327e-07   1.737086e-11   3.8781533e-07  2.9264097e+09
   5061000   37378.478      3.878327e-07   1.6761936e-11  3.8781594e-07  2.92639e+09  
   5062000   37378.597      3.8783269e-07  1.5525482e-11  3.8781717e-07  2.926427e+09 
   5063000   37378.94       3.878327e-07   1.1973112e-11  3.8782073e-07  2.926381e+09 
   5064000   37377.695      3.878327e-07   2.4890424e-11  3.8780781e-07  2.9264479e+09
   5065000   37378.407      3.878327e-07   1.7501166e-11  3.878152e-07   2.9264147e+09
   5066000   37378.163      3.878327e-07   2.0024233e-11  3.8781267e-07  2.9264443e+09
   5067000   37379.44       3.878327e-07   6.7807261e-12  3.8782592e-07  2.9263367e+09
   5068000   37378.616      3.8783269e-07  1.5320349e-11  3.8781737e-07  2.9264038e+09
   5069000   37378.685      3.878327e-07   1.4615531e-11  3.8781808e-07  2.9264225e+09
   5070000   37378.725      3.878327e-07   1.4191626e-11  3.8781851e-07  2.9263993e+09
   5071000   37378.825      3.878327e-07   1.3160648e-11  3.8781954e-07  2.9263959e+09
   5072000   37378.306      3.878327e-07   1.8551509e-11  3.8781415e-07  2.9264352e+09
   5073000   37377.262      3.878327e-07   2.9376364e-11  3.8780332e-07  2.9264994e+09
   5074000   37378.683      3.878327e-07   1.4637168e-11  3.8781806e-07  2.9263859e+09
   5075000   37379.328      3.878327e-07   7.9445144e-12  3.8782476e-07  2.9263494e+09
   5076000   37378.005      3.878327e-07   2.167114e-11   3.8781103e-07  2.9264147e+09
   5077000   37379.047      3.878327e-07   1.0859047e-11  3.8782184e-07  2.9263756e+09
   5078000   37378.634      3.878327e-07   1.5141237e-11  3.8781756e-07  2.9264078e+09
   5079000   37379.238      3.878327e-07   8.8762291e-12  3.8782382e-07  2.9263622e+09
   5080000   37378.439      3.878327e-07   1.7166411e-11  3.8781553e-07  2.9264028e+09
   5081000   37378.627      3.878327e-07   1.5214795e-11  3.8781748e-07  2.9264112e+09
   5082000   37379.643      3.878327e-07   4.674958e-12   3.8782802e-07  2.9263096e+09
   5083000   37378.355      3.878327e-07   1.8036549e-11  3.8781466e-07  2.9264213e+09
   5084000   37379.082      3.878327e-07   1.0492702e-11  3.8782221e-07  2.9263761e+09
   5085000   37379.082      3.878327e-07   1.0495265e-11  3.8782221e-07  2.9263633e+09
   5086000   37378.951      3.878327e-07   1.1852667e-11  3.8782085e-07  2.9263907e+09
   5087000   37378.641      3.878327e-07   1.5073975e-11  3.8781763e-07  2.9263967e+09
   5088000   37379.464      3.878327e-07   6.5331812e-12  3.8782617e-07  2.9263354e+09
   5089000   37379.053      3.878327e-07   1.0797655e-11  3.878219e-07   2.9263697e+09
   5090000   37378.865      3.878327e-07   1.2751637e-11  3.8781995e-07  2.9264021e+09
   5091000   37378.726      3.878327e-07   1.4188576e-11  3.8781851e-07  2.9264069e+09
   5092000   37379.154      3.878327e-07   9.7453592e-12  3.8782295e-07  2.9263685e+09
   5093000   37379.352      3.878327e-07   7.696743e-12   3.87825e-07    2.9263474e+09
   5094000   37379.368      3.878327e-07   7.532005e-12   3.8782517e-07  2.926337e+09 
   5095000   37377.111      3.8783271e-07  3.0956272e-11  3.8780175e-07  2.9264287e+09
   5096000   37378.686      3.878327e-07   1.460658e-11   3.8781809e-07  2.9264124e+09
   5097000   37378.715      3.878327e-07   1.4298247e-11  3.878184e-07   2.9263997e+09
   5098000   37379.249      3.878327e-07   8.7597639e-12  3.8782394e-07  2.9263579e+09
   5099000   37378.766      3.878327e-07   1.3773283e-11  3.8781893e-07  2.9264105e+09
   5100000   37377.469      3.878327e-07   2.7234186e-11  3.8780547e-07  2.9264892e+09
   5101000   37378.263      3.878327e-07   1.8994345e-11  3.8781371e-07  2.9264338e+09
   5102000   37377.726      3.878327e-07   2.4567375e-11  3.8780813e-07  2.9264688e+09
   5103000   37378.572      3.878327e-07   1.578659e-11   3.8781691e-07  2.9264127e+09
   5104000   37378.026      3.878327e-07   2.145511e-11   3.8781124e-07  2.9264396e+09
   5105000   37377.273      3.8783271e-07  2.9267413e-11  3.8780344e-07  2.9264698e+09
   5106000   37378.275      3.878327e-07   1.8866779e-11  3.8781383e-07  2.9264362e+09
   5107000   37378.827      3.878327e-07   1.3145024e-11  3.8781955e-07  2.9263972e+09
   5108000   37378.667      3.878327e-07   1.4797922e-11  3.878179e-07   2.9264127e+09
   5109000   37378.936      3.878327e-07   1.2005013e-11  3.8782069e-07  2.9263728e+09
   5110000   37379.341      3.878327e-07   7.8094877e-12  3.8782489e-07  2.9263481e+09
   5111000   37377.653      3.8783269e-07  2.5317881e-11  3.8780737e-07  2.9264546e+09
   5112000   37378.37       3.878327e-07   1.7883972e-11  3.8781481e-07  2.9264399e+09
   5113000   37378.577      3.878327e-07   1.5735617e-11  3.8781696e-07  2.9264243e+09
   5114000   37378.184      3.878327e-07   1.9818452e-11  3.8781288e-07  2.9264226e+09
   5115000   37378.058      3.878327e-07   2.112366e-11   3.8781158e-07  2.9264394e+09
   5116000   37379.122      3.878327e-07   1.0080763e-11  3.8782262e-07  2.9263699e+09
   5117000   37377.88       3.878327e-07   2.2967386e-11  3.8780973e-07  2.9264696e+09
   5118000   37375.206      3.878327e-07   5.0709926e-11  3.8778199e-07  2.9266898e+09
   5119000   37378.362      3.878327e-07   1.7962749e-11  3.8781473e-07  2.926403e+09 
   5120000   37378.185      3.878327e-07   1.979539e-11   3.878129e-07   2.9264779e+09
   5121000   37379.235      3.878327e-07   8.904141e-12   3.8782379e-07  2.9263631e+09
   5122000   37378.719      3.878327e-07   1.4254937e-11  3.8781844e-07  2.9263874e+09
   5123000   37377.748      3.878327e-07   2.4338163e-11  3.8780836e-07  2.9264769e+09
   5124000   37378.915      3.878327e-07   1.2231354e-11  3.8782047e-07  2.9263892e+09
   5125000   37377.197      3.8783271e-07  3.0062376e-11  3.8780265e-07  2.9264348e+09
   5126000   37378.918      3.878327e-07   1.2192024e-11  3.8782051e-07  2.9263819e+09
   5127000   37378.953      3.878327e-07   1.1832272e-11  3.8782087e-07  2.9263857e+09
   5128000   37379.235      3.878327e-07   8.9117153e-12  3.8782379e-07  2.9263526e+09
   5129000   37377.316      3.878327e-07   2.8820256e-11  3.8780388e-07  2.9265015e+09
   5130000   37378.928      3.878327e-07   1.2097756e-11  3.878206e-07   2.9263883e+09
   5131000   37379.013      3.878327e-07   1.1211725e-11  3.8782149e-07  2.9263728e+09
   5132000   37378.985      3.878327e-07   1.1500122e-11  3.878212e-07   2.9263719e+09
   5133000   37379.196      3.878327e-07   9.3068758e-12  3.8782339e-07  2.9263625e+09
   5134000   37379.311      3.878327e-07   8.1155649e-12  3.8782458e-07  2.926349e+09 
   5135000   37379.002      3.878327e-07   1.1325007e-11  3.8782137e-07  2.9263651e+09
   5136000   37378.276      3.878327e-07   1.885625e-11   3.8781384e-07  2.9264403e+09
   5137000   37378.14       3.878327e-07   2.0265094e-11  3.8781243e-07  2.9264428e+09
   5138000   37379.288      3.878327e-07   8.354745e-12   3.8782434e-07  2.9263549e+09
   5139000   37379.25       3.878327e-07   8.7511868e-12  3.8782395e-07  2.9263568e+09
   5140000   37378.938      3.878327e-07   1.1989651e-11  3.8782071e-07  2.9263763e+09
   5141000   37378.873      3.878327e-07   1.2667611e-11  3.8782003e-07  2.9263973e+09
   5142000   37377.936      3.878327e-07   2.2381662e-11  3.8781032e-07  2.9264507e+09
   5143000   37378.813      3.878327e-07   1.3283802e-11  3.8781942e-07  2.9263966e+09
   5144000   37379.078      3.878327e-07   1.0533347e-11  3.8782216e-07  2.9263676e+09
   5145000   37379.4        3.878327e-07   7.1905868e-12  3.8782551e-07  2.9263365e+09
   5146000   37378.43       3.878327e-07   1.7263051e-11  3.8781544e-07  2.9264173e+09
   5147000   37378.747      3.878327e-07   1.39712e-11    3.8781873e-07  2.9264048e+09
   5148000   37379.166      3.878327e-07   9.6218353e-12  3.8782308e-07  2.9263546e+09
   5149000   37379.326      3.878327e-07   7.9595308e-12  3.8782474e-07  2.9263478e+09
   5150000   37377.762      3.878327e-07   2.4185573e-11  3.8780851e-07  2.9265089e+09
   5151000   37378.204      3.878327e-07   1.9604717e-11  3.8781309e-07  2.9264344e+09
   5152000   37379.157      3.878327e-07   9.7141435e-12  3.8782299e-07  2.9263471e+09
   5153000   37379          3.8783269e-07  1.13438e-11    3.8782135e-07  2.9263661e+09
   5154000   37379.49       3.878327e-07   6.2602643e-12  3.8782644e-07  2.9263266e+09
   5155000   37377.261      3.878327e-07   2.9393203e-11  3.8780331e-07  2.9265172e+09
   5156000   37378.881      3.878327e-07   1.2584025e-11  3.8782011e-07  2.9264037e+09
   5157000   37379.295      3.878327e-07   8.2858857e-12  3.8782441e-07  2.9263456e+09
   5158000   37377.562      3.878327e-07   2.6262601e-11  3.8780643e-07  2.9264776e+09
   5159000   37378.395      3.878327e-07   1.762702e-11   3.8781507e-07  2.9264274e+09
   5160000   37378.815      3.878327e-07   1.326737e-11   3.8781943e-07  2.9263997e+09
   5161000   37377.735      3.878327e-07   2.4470028e-11  3.8780823e-07  2.9264534e+09
   5162000   37378.844      3.878327e-07   1.2967558e-11  3.8781973e-07  2.9263983e+09
   5163000   37378.707      3.878327e-07   1.4388753e-11  3.8781831e-07  2.9263897e+09
   5164000   37377.79       3.878327e-07   2.3897414e-11  3.878088e-07   2.9264826e+09
   5165000   37379.294      3.878327e-07   8.2916617e-12  3.8782441e-07  2.9263434e+09
   5166000   37377.277      3.878327e-07   2.9228708e-11  3.8780347e-07  2.9263873e+09
   5167000   37378.026      3.8783269e-07  2.1450715e-11  3.8781124e-07  2.9265003e+09
   5168000   37379.425      3.878327e-07   6.9324972e-12  3.8782577e-07  2.926336e+09 
   5169000   37379.341      3.878327e-07   7.8083026e-12  3.8782489e-07  2.9263473e+09
   5170000   37378.771      3.878327e-07   1.3722242e-11  3.8781898e-07  2.9263966e+09
   5171000   37378.047      3.878327e-07   2.1236144e-11  3.8781146e-07  2.9264389e+09
   5172000   37378.996      3.878327e-07   1.1391301e-11  3.8782131e-07  2.9263847e+09
   5173000   37377.99       3.878327e-07   2.1826269e-11  3.8781087e-07  2.9264754e+09
   5174000   37379.104      3.878327e-07   1.0271648e-11  3.8782243e-07  2.9263572e+09
   5175000   37379.51       3.878327e-07   6.0551163e-12  3.8782664e-07  2.9263167e+09
   5176000   37379.166      3.878327e-07   9.6214533e-12  3.8782308e-07  2.926373e+09 
   5177000   37378.617      3.878327e-07   1.5322818e-11  3.8781738e-07  2.9264077e+09
   5178000   37379.215      3.878327e-07   9.1109486e-12  3.8782359e-07  2.9263727e+09
   5179000   37378.661      3.878327e-07   1.4866198e-11  3.8781783e-07  2.9263971e+09
   5180000   37379.115      3.878327e-07   1.0152805e-11  3.8782255e-07  2.9263693e+09
   5181000   37378.598      3.878327e-07   1.5518322e-11  3.8781718e-07  2.9264186e+09
   5182000   37378.983      3.878327e-07   1.152835e-11   3.8782117e-07  2.9263816e+09
   5183000   37378.653      3.878327e-07   1.4951394e-11  3.8781775e-07  2.926415e+09 
   5184000   37378.67       3.878327e-07   1.4765515e-11  3.8781793e-07  2.926409e+09 
   5185000   37378.854      3.878327e-07   1.2858714e-11  3.8781984e-07  2.9263928e+09
   5186000   37379.126      3.878327e-07   1.0037274e-11  3.8782266e-07  2.9263773e+09
   5187000   37379.368      3.878327e-07   7.5269414e-12  3.8782517e-07  2.9263429e+09
   5188000   37379.102      3.878327e-07   1.0290532e-11  3.8782241e-07  2.9263667e+09
   5189000   37378.739      3.878327e-07   1.4054562e-11  3.8781865e-07  2.9263729e+09
   5190000   37378.498      3.878327e-07   1.6555124e-11  3.8781614e-07  2.9264413e+09
   5191000   37378.521      3.878327e-07   1.6317268e-11  3.8781638e-07  2.9264105e+09
   5192000   37378.944      3.878327e-07   1.1921485e-11  3.8782078e-07  2.9263825e+09
   5193000   37378.86       3.878327e-07   1.2795973e-11  3.878199e-07   2.9263874e+09
   5194000   37377.986      3.878327e-07   2.1873457e-11  3.8781083e-07  2.9264504e+09
   5195000   37378.736      3.878327e-07   1.4088717e-11  3.8781861e-07  2.9264069e+09
   5196000   37378.353      3.878327e-07   1.8063124e-11  3.8781464e-07  2.9264278e+09
   5197000   37379.211      3.878327e-07   9.1513178e-12  3.8782355e-07  2.9263602e+09
   5198000   37378.853      3.878327e-07   1.2864717e-11  3.8781983e-07  2.9263961e+09
   5199000   37378.218      3.878327e-07   1.9458494e-11  3.8781324e-07  2.9264212e+09
   5200000   37378.407      3.878327e-07   1.7495125e-11  3.878152e-07   2.9264262e+09
   5201000   37378.798      3.878327e-07   1.3437821e-11  3.8781926e-07  2.9263989e+09
   5202000   37377.957      3.878327e-07   2.2170546e-11  3.8781053e-07  2.926452e+09 
   5203000   37378.052      3.878327e-07   2.118062e-11   3.8781151e-07  2.9264553e+09
   5204000   37378.781      3.878327e-07   1.3619398e-11  3.8781908e-07  2.9263876e+09
   5205000   37379.235      3.878327e-07   8.9069588e-12  3.8782379e-07  2.9263491e+09
   5206000   37378.719      3.878327e-07   1.4262494e-11  3.8781844e-07  2.9263958e+09
   5207000   37379.122      3.878327e-07   1.0075274e-11  3.8782262e-07  2.9263655e+09
   5208000   37378.73       3.878327e-07   1.4142651e-11  3.8781856e-07  2.9264278e+09
   5209000   37378.974      3.878327e-07   1.1617352e-11  3.8782108e-07  2.926387e+09 
   5210000   37379.049      3.878327e-07   1.0839956e-11  3.8782186e-07  2.9263825e+09
   5211000   37377.813      3.878327e-07   2.3666939e-11  3.8780904e-07  2.9264427e+09
   5212000   37378.324      3.878327e-07   1.8360495e-11  3.8781434e-07  2.9264452e+09
   5213000   37378.86       3.878327e-07   1.2792888e-11  3.878199e-07   2.926409e+09 
   5214000   37379.167      3.878327e-07   9.6082554e-12  3.8782309e-07  2.9263602e+09
   5215000   37378.516      3.878327e-07   1.6359734e-11  3.8781634e-07  2.926418e+09 
   5216000   37378.28       3.878327e-07   1.8816216e-11  3.8781388e-07  2.9264551e+09
   5217000   37377.921      3.8783271e-07  2.2555905e-11  3.8781016e-07  2.9263862e+09
   5218000   37379.056      3.878327e-07   1.0762885e-11  3.8782194e-07  2.926373e+09 
   5219000   37379.11       3.878327e-07   1.0207545e-11  3.8782249e-07  2.9263649e+09
   5220000   37378.546      3.878327e-07   1.6054178e-11  3.8781664e-07  2.9264206e+09
   5221000   37377.389      3.8783269e-07  2.8055312e-11  3.8780464e-07  2.9264845e+09
   5222000   37378.107      3.878327e-07   2.0607165e-11  3.8781209e-07  2.926465e+09 
   5223000   37379.423      3.878327e-07   6.9520064e-12  3.8782575e-07  2.9263376e+09
   5224000   37378.558      3.878327e-07   1.593502e-11   3.8781676e-07  2.9264388e+09
   5225000   37379.195      3.878327e-07   9.327476e-12   3.8782337e-07  2.9263481e+09
   5226000   37378.98       3.878327e-07   1.1554836e-11  3.8782114e-07  2.9263858e+09
   5227000   37379.376      3.878327e-07   7.4394443e-12  3.8782526e-07  2.9263385e+09
   5228000   37378.264      3.878327e-07   1.8985161e-11  3.8781371e-07  2.926427e+09 
   5229000   37378.856      3.878327e-07   1.2843474e-11  3.8781986e-07  2.9263947e+09
   5230000   37378.87       3.878327e-07   1.2688666e-11  3.8782001e-07  2.9264021e+09
   5231000   37378.301      3.878327e-07   1.8602033e-11  3.878141e-07   2.926433e+09 
   5232000   37377.701      3.878327e-07   2.4828466e-11  3.8780788e-07  2.9264494e+09
   5233000   37376.377      3.878327e-07   3.8560423e-11  3.8779414e-07  2.9266421e+09
   5234000   37379.177      3.878327e-07   9.5091766e-12  3.8782319e-07  2.9263558e+09
   5235000   37379.001      3.878327e-07   1.1333719e-11  3.8782137e-07  2.9263638e+09
   5236000   37379.379      3.878327e-07   7.4090697e-12  3.8782529e-07  2.9263417e+09
   5237000   37378.953      3.878327e-07   1.1832415e-11  3.8782087e-07  2.926378e+09 
   5238000   37379.092      3.878327e-07   1.0386895e-11  3.8782231e-07  2.9263769e+09
   5239000   37379.184      3.878327e-07   9.433463e-12   3.8782326e-07  2.9263429e+09
   5240000   37377.897      3.878327e-07   2.2788146e-11  3.8780991e-07  2.9264487e+09
   5241000   37378.891      3.878327e-07   1.2471813e-11  3.8782023e-07  2.9264071e+09
   5242000   37378.941      3.878327e-07   1.1956061e-11  3.8782074e-07  2.9263921e+09
   5243000   37378.693      3.878327e-07   1.4530173e-11  3.8781817e-07  2.9264047e+09
   5244000   37379.527      3.878327e-07   5.8771089e-12  3.8782682e-07  2.9263273e+09
   5245000   37378.48       3.878327e-07   1.6744976e-11  3.8781595e-07  2.9264062e+09
   5246000   37377.651      3.8783271e-07  2.535069e-11   3.8780736e-07  2.92641e+09  
   5247000   37379.034      3.878327e-07   1.0989413e-11  3.8782171e-07  2.9263655e+09
   5248000   37379.093      3.878327e-07   1.0384016e-11  3.8782231e-07  2.9263672e+09
   5249000   37378.51       3.878327e-07   1.6432726e-11  3.8781627e-07  2.9263973e+09
   5250000   37378.992      3.878327e-07   1.1431286e-11  3.8782127e-07  2.9264062e+09
   5251000   37379.292      3.878327e-07   8.3152315e-12  3.8782438e-07  2.9263464e+09
   5252000   37378.415      3.878327e-07   1.7413026e-11  3.8781528e-07  2.9264375e+09
   5253000   37378.04       3.878327e-07   2.1303409e-11  3.878114e-07   2.9264485e+09
   5254000   37377.262      3.878327e-07   2.9378088e-11  3.8780332e-07  2.9264789e+09
   5255000   37378.65       3.878327e-07   1.4974814e-11  3.8781772e-07  2.9264078e+09
   5256000   37378.884      3.878327e-07   1.2551705e-11  3.8782015e-07  2.926393e+09 
   5257000   37378.605      3.878327e-07   1.54474e-11    3.8781725e-07  2.9264034e+09
   5258000   37378.597      3.878327e-07   1.5526032e-11  3.8781717e-07  2.9264223e+09
   5259000   37378.969      3.878327e-07   1.1671498e-11  3.8782103e-07  2.9263734e+09
   5260000   37378.304      3.878327e-07   1.8569206e-11  3.8781413e-07  2.9264368e+09
   5261000   37378.937      3.878327e-07   1.1997503e-11  3.878207e-07   2.9263885e+09
   5262000   37377.245      3.8783272e-07  2.9567401e-11  3.8780315e-07  2.9264473e+09
   5263000   37379.173      3.878327e-07   9.5488564e-12  3.8782315e-07  2.9263747e+09
   5264000   37379.3        3.878327e-07   8.2288964e-12  3.8782447e-07  2.926342e+09 
   5265000   37378.59       3.878327e-07   1.5596435e-11  3.878171e-07   2.9264184e+09
   5266000   37377.679      3.878327e-07   2.5053041e-11  3.8780765e-07  2.926467e+09 
   5267000   37377.446      3.8783271e-07  2.7472377e-11  3.8780523e-07  2.9264381e+09
   5268000   37379.268      3.878327e-07   8.563953e-12   3.8782413e-07  2.9263575e+09
   5269000   37379.067      3.878327e-07   1.065575e-11   3.8782204e-07  2.9263605e+09
   5270000   37379.291      3.878327e-07   8.3232411e-12  3.8782438e-07  2.9263461e+09
   5271000   37377.423      3.8783271e-07  2.7713056e-11  3.87805e-07    2.9264446e+09
   5272000   37378.98       3.878327e-07   1.1553397e-11  3.8782114e-07  2.926383e+09 
   5273000   37377.891      3.878327e-07   2.2850487e-11  3.8780985e-07  2.9264336e+09
   5274000   37378.792      3.878327e-07   1.3498102e-11  3.878192e-07   2.9264289e+09
   5275000   37378.207      3.8783268e-07  1.9550276e-11  3.8781313e-07  2.9263738e+09
   5276000   37378.532      3.878327e-07   1.6195574e-11  3.878165e-07   2.9264067e+09
   5277000   37378.777      3.878327e-07   1.3655774e-11  3.8781904e-07  2.9263877e+09
   5278000   37379.197      3.878327e-07   9.3054767e-12  3.8782339e-07  2.9263562e+09
   5279000   37379.253      3.878327e-07   8.7234773e-12  3.8782398e-07  2.926359e+09 
   5280000   37378.99       3.878327e-07   1.1446774e-11  3.8782125e-07  2.9263868e+09
   5281000   37378.061      3.878327e-07   2.1094717e-11  3.8781161e-07  2.926435e+09 
   5282000   37379.297      3.878327e-07   8.2663518e-12  3.8782443e-07  2.9263492e+09
   5283000   37378.547      3.878327e-07   1.6040171e-11  3.8781666e-07  2.9264005e+09
   5284000   37378.619      3.878327e-07   1.5302484e-11  3.878174e-07   2.9264304e+09
   5285000   37379.435      3.878327e-07   6.8288291e-12  3.8782587e-07  2.9263404e+09
   5286000   37378.907      3.878327e-07   1.2308068e-11  3.8782039e-07  2.92638e+09  
   5287000   37378.828      3.878327e-07   1.3133162e-11  3.8781957e-07  2.9263834e+09
   5288000   37378.637      3.878327e-07   1.5119048e-11  3.8781758e-07  2.9263962e+09
   5289000   37378.798      3.878327e-07   1.3443476e-11  3.8781926e-07  2.9263884e+09
   5290000   37379.491      3.878327e-07   6.255246e-12   3.8782644e-07  2.9263295e+09
   5291000   37377.773      3.878327e-07   2.4072841e-11  3.8780862e-07  2.9264352e+09
   5292000   37379.162      3.878327e-07   9.6679814e-12  3.8782303e-07  2.926369e+09 
   5293000   37378.861      3.878327e-07   1.2791509e-11  3.8781991e-07  2.9263627e+09
   5294000   37378.565      3.878327e-07   1.5864875e-11  3.8781684e-07  2.9264113e+09
   5295000   37378.43       3.878327e-07   1.7257923e-11  3.8781544e-07  2.9264254e+09
   5296000   37378.322      3.878327e-07   1.8384392e-11  3.8781432e-07  2.9264132e+09
   5297000   37378.858      3.878327e-07   1.2813329e-11  3.8781988e-07  2.9263872e+09
   5298000   37377.104      3.8783271e-07  3.1029538e-11  3.8780168e-07  2.9264891e+09
   5299000   37378.415      3.878327e-07   1.7420326e-11  3.8781528e-07  2.9264305e+09
   5300000   37378.324      3.878327e-07   1.8363062e-11  3.8781434e-07  2.9264167e+09
   5301000   37378.676      3.878327e-07   1.4710049e-11  3.8781799e-07  2.9264118e+09
   5302000   37377.776      3.878327e-07   2.4046502e-11  3.8780865e-07  2.9264393e+09
   5303000   37378.762      3.878327e-07   1.3813955e-11  3.8781888e-07  2.9264061e+09
   5304000   37378.98       3.8783269e-07  1.1549809e-11  3.8782114e-07  2.9263548e+09
   5305000   37379.243      3.878327e-07   8.8286242e-12  3.8782387e-07  2.9263619e+09
   5306000   37379.081      3.878327e-07   1.0505672e-11  3.8782219e-07  2.9263713e+09
   5307000   37379.289      3.878327e-07   8.3505954e-12  3.8782435e-07  2.9263628e+09
   5308000   37378.695      3.878327e-07   1.4506537e-11  3.8781819e-07  2.9263951e+09
   5309000   37377.701      3.878327e-07   2.4818181e-11  3.8780788e-07  2.9264544e+09
   5310000   37377.17       3.8783271e-07  3.0338871e-11  3.8780237e-07  2.926462e+09 
   5311000   37378.492      3.878327e-07   1.6610848e-11  3.8781609e-07  2.9264133e+09
   5312000   37378.339      3.878327e-07   1.8201358e-11  3.878145e-07   2.9264283e+09
   5313000   37378.411      3.878327e-07   1.7460705e-11  3.8781524e-07  2.9264166e+09
   5314000   37378.006      3.878327e-07   2.1658375e-11  3.8781104e-07  2.9264235e+09
   5315000   37378.385      3.878327e-07   1.7730094e-11  3.8781497e-07  2.9263679e+09
   5316000   37379.375      3.878327e-07   7.4601855e-12  3.8782524e-07  2.9263349e+09
   5317000   37378.966      3.878327e-07   1.1696325e-11  3.87821e-07    2.9263745e+09
   5318000   37379.279      3.878327e-07   8.4510959e-12  3.8782425e-07  2.9263494e+09
   5319000   37379.45       3.878327e-07   6.6796306e-12  3.8782602e-07  2.926335e+09 
   5320000   37379.4        3.878327e-07   7.1935962e-12  3.8782551e-07  2.9263387e+09
   5321000   37378.377      3.878327e-07   1.7815559e-11  3.8781489e-07  2.9264034e+09
   5322000   37378.853      3.878327e-07   1.2866887e-11  3.8781983e-07  2.9263795e+09
   5323000   37379.154      3.878327e-07   9.7507443e-12  3.8782295e-07  2.9263729e+09
   5324000   37378.641      3.878327e-07   1.5075441e-11  3.8781763e-07  2.9263981e+09
   5325000   37378.459      3.878327e-07   1.695481e-11   3.8781574e-07  2.9264461e+09
   5326000   37379.241      3.878327e-07   8.8419419e-12  3.8782386e-07  2.9263602e+09
   5327000   37379.297      3.878327e-07   8.2583748e-12  3.8782444e-07  2.9263445e+09
   5328000   37378.689      3.878327e-07   1.4570794e-11  3.8781813e-07  2.926399e+09 
   5329000   37379.034      3.878327e-07   1.0994826e-11  3.878217e-07   2.9263804e+09
   5330000   37379.02       3.878327e-07   1.1134673e-11  3.8782156e-07  2.9263736e+09
   5331000   37379.256      3.878327e-07   8.6851662e-12  3.8782401e-07  2.9263444e+09
   5332000   37378.723      3.878327e-07   1.4221871e-11  3.8781848e-07  2.9263962e+09
   5333000   37377.84       3.878327e-07   2.337717e-11   3.8780932e-07  2.9264712e+09
   5334000   37378.89       3.878327e-07   1.2485388e-11  3.8782021e-07  2.9264179e+09
   5335000   37378.9        3.878327e-07   1.2380717e-11  3.8782032e-07  2.9263845e+09
   5336000   37378.006      3.878327e-07   2.1659104e-11  3.8781104e-07  2.9264533e+09
   5337000   37378.738      3.8783269e-07  1.406242e-11   3.8781863e-07  2.9263968e+09
   5338000   37379.238      3.878327e-07   8.8740082e-12  3.8782383e-07  2.9263505e+09
   5339000   37378.732      3.878327e-07   1.4123456e-11  3.8781857e-07  2.9263977e+09
   5340000   37378.791      3.878327e-07   1.3519959e-11  3.8781918e-07  2.9263976e+09
   5341000   37379.095      3.878327e-07   1.0360581e-11  3.8782234e-07  2.9263683e+09
   5342000   37378.187      3.878327e-07   1.9783491e-11  3.8781292e-07  2.9264289e+09
   5343000   37378.778      3.878327e-07   1.3652518e-11  3.8781905e-07  2.9264135e+09
   5344000   37379.311      3.878327e-07   8.1141352e-12  3.8782459e-07  2.9263351e+09
   5345000   37378.587      3.878327e-07   1.5630575e-11  3.8781707e-07  2.9264164e+09
   5346000   37378.917      3.878327e-07   1.2200229e-11  3.878205e-07   2.9263963e+09
   5347000   37379.264      3.878327e-07   8.610206e-12   3.8782409e-07  2.9263536e+09
   5348000   37379.056      3.878327e-07   1.076133e-11   3.8782194e-07  2.92637e+09  
   5349000   37379.526      3.878327e-07   5.8894361e-12  3.8782681e-07  2.9263264e+09
   5350000   37377.053      3.878327e-07   3.1550519e-11  3.8780115e-07  2.9264676e+09
   5351000   37379.063      3.878327e-07   1.0692297e-11  3.8782201e-07  2.9263567e+09
   5352000   37376.768      3.8783269e-07  3.4493538e-11  3.877982e-07   2.9265809e+09
   5353000   37379.687      3.878327e-07   4.2232473e-12  3.8782848e-07  2.9263082e+09
   5354000   37378.651      3.878327e-07   1.496555e-11   3.8781773e-07  2.9264095e+09
   5355000   37379.228      3.878327e-07   8.9761022e-12  3.8782372e-07  2.9263641e+09
   5356000   37379.319      3.878327e-07   8.0377167e-12  3.8782466e-07  2.9263425e+09
   5357000   37378.799      3.878327e-07   1.3425677e-11  3.8781927e-07  2.9264137e+09
   5358000   37379.013      3.878327e-07   1.1213003e-11  3.8782149e-07  2.9263748e+09
   5359000   37379.099      3.878327e-07   1.0320891e-11  3.8782238e-07  2.9263757e+09
   5360000   37378.812      3.878327e-07   1.3299033e-11  3.878194e-07   2.9263951e+09
   5361000   37378.812      3.878327e-07   1.3293451e-11  3.878194e-07   2.9263728e+09
   5362000   37378.566      3.878327e-07   1.5844455e-11  3.8781686e-07  2.9264198e+09
   5363000   37378.497      3.878327e-07   1.6568344e-11  3.8781613e-07  2.9264212e+09
   5364000   37378.652      3.878327e-07   1.4956137e-11  3.8781774e-07  2.9264238e+09
   5365000   37379.23       3.878327e-07   8.9643663e-12  3.8782374e-07  2.9263536e+09
   5366000   37378.568      3.878327e-07   1.582377e-11   3.8781687e-07  2.9264083e+09
   5367000   37379.257      3.878327e-07   8.675419e-12   3.8782402e-07  2.9263503e+09
   5368000   37379.17       3.878327e-07   9.5803423e-12  3.8782312e-07  2.9263616e+09
   5369000   37378.615      3.878327e-07   1.5340819e-11  3.8781736e-07  2.9264175e+09
   5370000   37377.971      3.878327e-07   2.2021513e-11  3.8781068e-07  2.9264508e+09
   5371000   37379.203      3.878327e-07   9.242219e-12   3.8782346e-07  2.9263582e+09
   5372000   37379.295      3.878327e-07   8.2799384e-12  3.8782442e-07  2.926354e+09 
   5373000   37378.601      3.878327e-07   1.5485328e-11  3.8781721e-07  2.9264183e+09
   5374000   37378.901      3.878327e-07   1.2372884e-11  3.8782033e-07  2.9263716e+09
   5375000   37377.899      3.878327e-07   2.277115e-11   3.8780993e-07  2.9264793e+09
   5376000   37377.675      3.878327e-07   2.5098287e-11  3.878076e-07   2.9264749e+09
   5377000   37378.888      3.878327e-07   1.2510793e-11  3.8782019e-07  2.9263849e+09
   5378000   37378.944      3.878327e-07   1.1932528e-11  3.8782077e-07  2.9263753e+09
   5379000   37377.873      3.878327e-07   2.3044276e-11  3.8780966e-07  2.9264499e+09
   5380000   37378.96       3.878327e-07   1.1758424e-11  3.8782094e-07  2.9263976e+09
   5381000   37378.832      3.878327e-07   1.3084395e-11  3.8781961e-07  2.9263904e+09
   5382000   37378.831      3.878327e-07   1.3094728e-11  3.878196e-07   2.9263964e+09
   5383000   37376.8        3.878327e-07   3.4175654e-11  3.8779853e-07  2.9264948e+09
   5384000   37378.01       3.878327e-07   2.1625644e-11  3.8781108e-07  2.926415e+09 
   5385000   37377.696      3.878327e-07   2.4869635e-11  3.8780783e-07  2.9264843e+09
   5386000   37377.75       3.8783269e-07  2.4304362e-11  3.8780839e-07  2.9264254e+09
   5387000   37378.435      3.878327e-07   1.7210893e-11  3.8781549e-07  2.9264123e+09
   5388000   37378.366      3.878327e-07   1.7925816e-11  3.8781477e-07  2.9264339e+09
   5389000   37377.71       3.878327e-07   2.4730667e-11  3.8780797e-07  2.926486e+09 
   5390000   37378.331      3.878327e-07   1.8283836e-11  3.8781442e-07  2.926436e+09 
   5391000   37379.084      3.878327e-07   1.04721e-11    3.8782223e-07  2.9263672e+09
   5392000   37376.95       3.878327e-07   3.2611474e-11  3.8780009e-07  2.9266019e+09
   5393000   37379.077      3.878327e-07   1.0544302e-11  3.8782216e-07  2.9263488e+09
   5394000   37378.076      3.878327e-07   2.092907e-11   3.8781177e-07  2.9264715e+09
   5395000   37378.437      3.878327e-07   1.7189403e-11  3.8781551e-07  2.9264078e+09
   5396000   37378.548      3.878327e-07   1.6033563e-11  3.8781667e-07  2.926423e+09 
   5397000   37378.942      3.8783269e-07  1.194373e-11   3.8782075e-07  2.9263806e+09
   5398000   37379.522      3.878327e-07   5.9246926e-12  3.8782677e-07  2.9263297e+09
   5399000   37378.727      3.878327e-07   1.4180502e-11  3.8781852e-07  2.9263766e+09
   5400000   37379.162      3.878327e-07   9.66531e-12    3.8782303e-07  2.9263649e+09
   5401000   37378.183      3.878327e-07   1.9820841e-11  3.8781287e-07  2.9264293e+09
   5402000   37378.869      3.878327e-07   1.2703435e-11  3.8782e-07     2.926394e+09 
   5403000   37379.109      3.878327e-07   1.0209975e-11  3.8782249e-07  2.9263706e+09
   5404000   37378.925      3.878327e-07   1.2119384e-11  3.8782058e-07  2.926394e+09 
   5405000   37378.505      3.878327e-07   1.6484749e-11  3.8781621e-07  2.9264424e+09
   5406000   37378.664      3.8783269e-07  1.4824727e-11  3.8781787e-07  2.9264034e+09
   5407000   37378.735      3.878327e-07   1.409998e-11   3.878186e-07   2.9264181e+09
   5408000   37379.028      3.878327e-07   1.1052361e-11  3.8782165e-07  2.9263758e+09
   5409000   37378.957      3.878327e-07   1.1788881e-11  3.8782091e-07  2.9263844e+09
   5410000   37378.659      3.878327e-07   1.4883419e-11  3.8781781e-07  2.9264182e+09
   5411000   37378.484      3.878327e-07   1.6695935e-11  3.87816e-07    2.9264367e+09
   5412000   37378.995      3.878327e-07   1.1397397e-11  3.878213e-07   2.9263747e+09
   5413000   37378.883      3.878327e-07   1.2556442e-11  3.8782014e-07  2.926387e+09 
   5414000   37379.055      3.878327e-07   1.0775953e-11  3.8782192e-07  2.9263515e+09
   5415000   37379.113      3.878327e-07   1.0173069e-11  3.8782253e-07  2.9263483e+09
   5416000   37379.042      3.878327e-07   1.0909121e-11  3.8782179e-07  2.9263739e+09
   5417000   37378.397      3.878327e-07   1.7603712e-11  3.878151e-07   2.9264464e+09
   5418000   37379.19       3.878327e-07   9.3722648e-12  3.8782333e-07  2.9263563e+09
   5419000   37377.712      3.878327e-07   2.470792e-11   3.8780799e-07  2.926454e+09 
   5420000   37379.056      3.878327e-07   1.0761247e-11  3.8782194e-07  2.9263767e+09
   5421000   37378.28       3.878327e-07   1.881385e-11   3.8781389e-07  2.9264167e+09
   5422000   37379.026      3.878327e-07   1.1074928e-11  3.8782162e-07  2.9263797e+09
   5423000   37378.414      3.878327e-07   1.7421199e-11  3.8781528e-07  2.926418e+09 
   5424000   37378.269      3.878327e-07   1.8931349e-11  3.8781377e-07  2.9264471e+09
   5425000   37378.622      3.878327e-07   1.5264191e-11  3.8781744e-07  2.9264169e+09
   5426000   37378.049      3.878327e-07   2.1212186e-11  3.8781149e-07  2.9264554e+09
   5427000   37379.328      3.878327e-07   7.9444688e-12  3.8782476e-07  2.9263468e+09
   5428000   37379.25       3.878327e-07   8.7508874e-12  3.8782395e-07  2.9263436e+09
   5429000   37378.822      3.8783269e-07  1.3185023e-11  3.878195e-07   2.9263867e+09
   5430000   37378.854      3.878327e-07   1.285909e-11   3.8781984e-07  2.9263805e+09
   5431000   37379.029      3.878327e-07   1.1046919e-11  3.8782165e-07  2.9263791e+09
   5432000   37378.434      3.878327e-07   1.7221555e-11  3.8781548e-07  2.9264479e+09
   5433000   37379.301      3.878327e-07   8.2192344e-12  3.8782448e-07  2.9263517e+09
   5434000   37379.345      3.878327e-07   7.7647583e-12  3.8782494e-07  2.9263393e+09
   5435000   37377.14       3.878327e-07   3.064538e-11   3.8780205e-07  2.9265173e+09
   5436000   37379.279      3.878327e-07   8.4547971e-12  3.8782425e-07  2.9263356e+09
   5437000   37379.135      3.878327e-07   9.9436864e-12  3.8782276e-07  2.9263641e+09
   5438000   37379.211      3.878327e-07   9.154227e-12   3.8782355e-07  2.9263619e+09
   5439000   37379.054      3.878327e-07   1.0781944e-11  3.8782192e-07  2.9263902e+09
   5440000   37378.892      3.878327e-07   1.2468436e-11  3.8782023e-07  2.9263727e+09
   5441000   37379.156      3.878327e-07   9.7290996e-12  3.8782297e-07  2.9263572e+09
   5442000   37378.334      3.878327e-07   1.8256255e-11  3.8781444e-07  2.9264089e+09
   5443000   37378.618      3.878327e-07   1.5310173e-11  3.8781739e-07  2.9264063e+09
   5444000   37379.435      3.878327e-07   6.8348093e-12  3.8782586e-07  2.9263364e+09
   5445000   37379.187      3.878327e-07   9.4046693e-12  3.8782329e-07  2.926361e+09 
   5446000   37377.247      3.878327e-07   2.9530347e-11  3.8780317e-07  2.9264929e+09
   5447000   37377.474      3.878327e-07   2.7184804e-11  3.8780552e-07  2.9264497e+09
   5448000   37378.422      3.878327e-07   1.7337622e-11  3.8781536e-07  2.9264266e+09
   5449000   37377.995      3.878327e-07   2.1767784e-11  3.8781093e-07  2.9264329e+09
   5450000   37378.522      3.878327e-07   1.6305011e-11  3.8781639e-07  2.9264223e+09
   5451000   37379.435      3.878327e-07   6.8369627e-12  3.8782586e-07  2.926342e+09 
   5452000   37379.481      3.878327e-07   6.3553573e-12  3.8782634e-07  2.9263322e+09
   5453000   37378.63       3.878327e-07   1.5187584e-11  3.8781751e-07  2.9264199e+09
   5454000   37378.862      3.878327e-07   1.2772682e-11  3.8781992e-07  2.9263705e+09
   5455000   37379.374      3.878327e-07   7.4700216e-12  3.8782523e-07  2.9263439e+09
   5456000   37378.512      3.878327e-07   1.6411562e-11  3.8781629e-07  2.9264152e+09
   5457000   37378.652      3.878327e-07   1.4955548e-11  3.8781774e-07  2.9264036e+09
   5458000   37378.5        3.878327e-07   1.6526166e-11  3.8781617e-07  2.9264133e+09
   5459000   37377.799      3.878327e-07   2.3802475e-11  3.878089e-07   2.9264308e+09
   5460000   37378.814      3.878327e-07   1.3275742e-11  3.8781942e-07  2.9264043e+09
   5461000   37378.089      3.878327e-07   2.0798261e-11  3.878119e-07   2.9264708e+09
   5462000   37378.452      3.878327e-07   1.7032528e-11  3.8781567e-07  2.9264266e+09
   5463000   37378.147      3.878327e-07   2.0193849e-11  3.8781251e-07  2.9264212e+09
   5464000   37377.213      3.878327e-07   2.9887339e-11  3.8780281e-07  2.9265177e+09
   5465000   37379.026      3.878327e-07   1.1076126e-11  3.8782162e-07  2.9263706e+09
   5466000   37378.809      3.878327e-07   1.3328132e-11  3.8781937e-07  2.9263842e+09
   5467000   37379.281      3.878327e-07   8.4325533e-12  3.8782427e-07  2.9263513e+09
   5468000   37378.631      3.878327e-07   1.5169934e-11  3.8781753e-07  2.9264011e+09
   5469000   37377.831      3.878327e-07   2.3472734e-11  3.8780922e-07  2.9264757e+09
   5470000   37378.649      3.878327e-07   1.4990285e-11  3.8781771e-07  2.9264079e+09
   5471000   37378.715      3.878327e-07   1.4305382e-11  3.8781839e-07  2.9264104e+09
   5472000   37377.573      3.878327e-07   2.6155105e-11  3.8780654e-07  2.9264899e+09
   5473000   37377.676      3.878327e-07   2.5082022e-11  3.8780761e-07  2.9264955e+09
   5474000   37378.387      3.878327e-07   1.7709922e-11  3.8781499e-07  2.9264076e+09
   5475000   37377.895      3.8783271e-07  2.2819622e-11  3.8780989e-07  2.9263807e+09
   5476000   37379.078      3.878327e-07   1.0534234e-11  3.8782216e-07  2.9263606e+09
   5477000   37378.861      3.878327e-07   1.2790515e-11  3.8781991e-07  2.9263912e+09
   5478000   37378.619      3.878327e-07   1.5299497e-11  3.878174e-07   2.9263956e+09
   5479000   37378.325      3.878327e-07   1.8356738e-11  3.8781435e-07  2.9264219e+09
   5480000   37378.407      3.8783269e-07  1.749083e-11   3.878152e-07   2.9264266e+09
   5481000   37379.083      3.878327e-07   1.0482475e-11  3.8782222e-07  2.9263706e+09
   5482000   37378.916      3.878327e-07   1.2215414e-11  3.8782048e-07  2.9263723e+09
   5483000   37378.809      3.878327e-07   1.3325129e-11  3.8781937e-07  2.9264006e+09
   5484000   37379.441      3.878327e-07   6.7711689e-12  3.8782593e-07  2.926338e+09 
   5485000   37378.967      3.878327e-07   1.1691145e-11  3.8782101e-07  2.9263831e+09
   5486000   37378.284      3.878327e-07   1.877644e-11   3.8781392e-07  2.9264466e+09
   5487000   37379.249      3.878327e-07   8.7626108e-12  3.8782394e-07  2.9263589e+09
   5488000   37378.729      3.878327e-07   1.4158672e-11  3.8781854e-07  2.9264088e+09
   5489000   37378.144      3.878327e-07   2.0228061e-11  3.8781247e-07  2.9264325e+09
   5490000   37378.103      3.878327e-07   2.0656468e-11  3.8781204e-07  2.9264258e+09
   5491000   37379.608      3.878327e-07   5.0369568e-12  3.8782766e-07  2.9263148e+09
   5492000   37378.353      3.878327e-07   1.8056596e-11  3.8781464e-07  2.9264289e+09
   5493000   37378.987      3.878327e-07   1.1479889e-11  3.8782122e-07  2.9263877e+09
   5494000   37379.124      3.878327e-07   1.0062461e-11  3.8782264e-07  2.9263537e+09
   5495000   37379.175      3.878327e-07   9.5281809e-12  3.8782317e-07  2.9263586e+09
   5496000   37379.039      3.878327e-07   1.0941557e-11  3.8782176e-07  2.9263839e+09
   5497000   37378.081      3.878327e-07   2.0881339e-11  3.8781182e-07  2.9264427e+09
   5498000   37379.712      3.878327e-07   3.9564204e-12  3.8782874e-07  2.9263007e+09
   5499000   37379.045      3.878327e-07   1.0875275e-11  3.8782182e-07  2.9263895e+09
   5500000   37377.663      3.878327e-07   2.5218363e-11  3.8780748e-07  2.9264297e+09
   5501000   37378.525      3.878327e-07   1.6268642e-11  3.8781643e-07  2.9264357e+09
   5502000   37378.96       3.878327e-07   1.1763589e-11  3.8782094e-07  2.9263754e+09
   5503000   37378.94       3.878327e-07   1.1965061e-11  3.8782073e-07  2.9263687e+09
   5504000   37378.316      3.878327e-07   1.8447462e-11  3.8781425e-07  2.926422e+09 
   5505000   37379.361      3.878327e-07   7.5961243e-12  3.878251e-07   2.9263465e+09
   5506000   37379.13       3.878327e-07   9.999866e-12   3.878227e-07   2.9263623e+09
   5507000   37378.414      3.878327e-07   1.7426493e-11  3.8781527e-07  2.9263995e+09
   5508000   37378.146      3.878327e-07   2.0207677e-11  3.8781249e-07  2.9264497e+09
   5509000   37378.863      3.878327e-07   1.2764104e-11  3.8781993e-07  2.9263976e+09
   5510000   37379.311      3.878327e-07   8.1223702e-12  3.8782458e-07  2.9263539e+09
   5511000   37378.832      3.878327e-07   1.3092775e-11  3.8781961e-07  2.9263791e+09
   5512000   37378.66       3.878327e-07   1.4875183e-11  3.8781782e-07  2.9264018e+09
   5513000   37379.307      3.878327e-07   8.1652589e-12  3.8782453e-07  2.9263469e+09
   5514000   37377.933      3.878327e-07   2.2422458e-11  3.8781028e-07  2.9264683e+09
   5515000   37377.659      3.878327e-07   2.5259503e-11  3.8780744e-07  2.926464e+09 
   5516000   37377.471      3.878327e-07   2.7210256e-11  3.8780549e-07  2.9264917e+09
   5517000   37378.276      3.878327e-07   1.8856114e-11  3.8781384e-07  2.9264324e+09
   5518000   37378.5        3.878327e-07   1.6534063e-11  3.8781616e-07  2.9264348e+09
   5519000   37378.45       3.878327e-07   1.7054695e-11  3.8781564e-07  2.9264253e+09
   5520000   37378.026      3.878327e-07   2.1456331e-11  3.8781124e-07  2.9264245e+09
   5521000   37378.672      3.878327e-07   1.4749475e-11  3.8781795e-07  2.9264341e+09
   5522000   37378.951      3.878327e-07   1.18514e-11    3.8782084e-07  2.9263749e+09
   5523000   37379.305      3.878327e-07   8.1773121e-12  3.8782452e-07  2.9263475e+09
   5524000   37378.598      3.878327e-07   1.5512506e-11  3.8781719e-07  2.9264093e+09
   5525000   37378.588      3.878327e-07   1.5622512e-11  3.8781707e-07  2.9264253e+09
   5526000   37379.486      3.878327e-07   6.303132e-12   3.878264e-07   2.9263218e+09
   5527000   37378.351      3.878327e-07   1.8081524e-11  3.8781462e-07  2.9264101e+09
   5528000   37379.09       3.878327e-07   1.0412761e-11  3.8782228e-07  2.9263665e+09
   5529000   37378.062      3.878327e-07   2.1074083e-11  3.8781162e-07  2.9264532e+09
   5530000   37378.496      3.878327e-07   1.6576412e-11  3.8781612e-07  2.9264014e+09
   5531000   37378.303      3.878327e-07   1.8572402e-11  3.8781413e-07  2.9264498e+09
   5532000   37379.075      3.878327e-07   1.0565858e-11  3.8782213e-07  2.926357e+09 
   5533000   37377.399      3.878327e-07   2.795524e-11   3.8780474e-07  2.926497e+09 
   5534000   37378.987      3.878327e-07   1.1481144e-11  3.8782122e-07  2.926372e+09 
   5535000   37377.972      3.878327e-07   2.2010147e-11  3.8781069e-07  2.926461e+09 
   5536000   37379.006      3.878327e-07   1.1286651e-11  3.8782141e-07  2.9263878e+09
   5537000   37378.812      3.878327e-07   1.3298018e-11  3.878194e-07   2.9264168e+09
   5538000   37378.74       3.878327e-07   1.4040579e-11  3.8781866e-07  2.9264007e+09
   5539000   37378.168      3.878327e-07   1.9984871e-11  3.8781272e-07  2.9264286e+09
   5540000   37379.334      3.878327e-07   7.8814308e-12  3.8782482e-07  2.9263482e+09
   5541000   37379.152      3.878327e-07   9.764902e-12   3.8782293e-07  2.9263573e+09
   5542000   37379.126      3.878327e-07   1.0042324e-11  3.8782266e-07  2.9263782e+09
   5543000   37378.819      3.878327e-07   1.3223232e-11  3.8781948e-07  2.9263877e+09
   5544000   37378.256      3.878327e-07   1.9065037e-11  3.8781363e-07  2.9264355e+09
   5545000   37378.246      3.878327e-07   1.9175708e-11  3.8781353e-07  2.9264037e+09
   5546000   37379.184      3.878327e-07   9.4327112e-12  3.8782327e-07  2.926366e+09 
   5547000   37379.359      3.878327e-07   7.6250088e-12  3.8782507e-07  2.9263465e+09
   5548000   37377.172      3.878327e-07   3.0314661e-11  3.8780239e-07  2.9264994e+09
   5549000   37378.254      3.878327e-07   1.9087176e-11  3.8781361e-07  2.9264388e+09
   5550000   37378.842      3.878327e-07   1.2986246e-11  3.8781971e-07  2.92641e+09  
   5551000   37377.78       3.878327e-07   2.4004792e-11  3.878087e-07   2.9264289e+09
   5552000   37379.228      3.878327e-07   8.9810817e-12  3.8782372e-07  2.9263455e+09
   5553000   37378.005      3.878327e-07   2.1663796e-11  3.8781103e-07  2.9264799e+09
   5554000   37379.069      3.878327e-07   1.0627818e-11  3.8782207e-07  2.9263838e+09
   5555000   37378.98       3.8783269e-07  1.1547975e-11  3.8782114e-07  2.9263571e+09
   5556000   37377.609      3.8783269e-07  2.5770784e-11  3.8780692e-07  2.9264894e+09
   5557000   37378.167      3.878327e-07   1.9993732e-11  3.8781271e-07  2.9264483e+09
   5558000   37378.892      3.878327e-07   1.247085e-11   3.8782023e-07  2.9263912e+09
   5559000   37379.432      3.878327e-07   6.8583029e-12  3.8782584e-07  2.9263414e+09
   5560000   37378.833      3.878327e-07   1.3073609e-11  3.8781963e-07  2.9263719e+09
   5561000   37378.808      3.878327e-07   1.3335942e-11  3.8781936e-07  2.9263979e+09
   5562000   37378.871      3.878327e-07   1.2684081e-11  3.8782002e-07  2.9263832e+09
   5563000   37378.62       3.878327e-07   1.52939e-11    3.8781741e-07  2.9264377e+09
   5564000   37379.423      3.878327e-07   6.9622792e-12  3.8782574e-07  2.9263211e+09
   5565000   37379.119      3.878327e-07   1.0108784e-11  3.8782259e-07  2.9263783e+09
   5566000   37378.624      3.878327e-07   1.5244662e-11  3.8781745e-07  2.9264075e+09
   5567000   37378.988      3.878327e-07   1.1473223e-11  3.8782123e-07  2.9263852e+09
   5568000   37378.194      3.8783269e-07  1.9708241e-11  3.8781299e-07  2.9264268e+09
   5569000   37379.413      3.878327e-07   7.0658157e-12  3.8782563e-07  2.9263376e+09
   5570000   37377.521      3.878327e-07   2.6691662e-11  3.8780601e-07  2.9264967e+09
   5571000   37378.916      3.878327e-07   1.2211446e-11  3.8782049e-07  2.926385e+09 
   5572000   37378.407      3.878327e-07   1.7501836e-11  3.878152e-07   2.9264462e+09
   5573000   37379.158      3.878327e-07   9.7064541e-12  3.8782299e-07  2.9263619e+09
   5574000   37376.894      3.8783271e-07  3.3206419e-11  3.8779951e-07  2.9264689e+09
   5575000   37378.255      3.8783268e-07  1.9056712e-11  3.8781362e-07  2.9263956e+09
   5576000   37377.432      3.878327e-07   2.7613919e-11  3.8780508e-07  2.9264985e+09
   5577000   37378.45       3.878327e-07   1.7053594e-11  3.8781565e-07  2.926433e+09 
   5578000   37378.226      3.878327e-07   1.9377425e-11  3.8781332e-07  2.9264412e+09
   5579000   37378.959      3.878327e-07   1.1768489e-11  3.8782093e-07  2.9263843e+09
   5580000   37377.771      3.878327e-07   2.4102518e-11  3.878086e-07   2.926439e+09 
   5581000   37377.188      3.8783268e-07  3.0130054e-11  3.8780255e-07  2.9265064e+09
   5582000   37379.309      3.878327e-07   8.1448002e-12  3.8782455e-07  2.926352e+09 
   5583000   37378.508      3.878327e-07   1.6446361e-11  3.8781625e-07  2.9264301e+09
   5584000   37378.908      3.878327e-07   1.2299038e-11  3.878204e-07   2.9263976e+09
   5585000   37378.775      3.878327e-07   1.3681394e-11  3.8781902e-07  2.9264209e+09
   5586000   37378.745      3.878327e-07   1.3994302e-11  3.878187e-07   2.9263963e+09
   5587000   37379.268      3.8783269e-07  8.5571861e-12  3.8782414e-07  2.9263455e+09
   5588000   37378.443      3.878327e-07   1.7120415e-11  3.8781558e-07  2.9264137e+09
   5589000   37378.708      3.878327e-07   1.4377468e-11  3.8781832e-07  2.9264073e+09
   5590000   37379.054      3.878327e-07   1.0787986e-11  3.8782191e-07  2.9263776e+09
   5591000   37378.094      3.878327e-07   2.0746541e-11  3.8781195e-07  2.9264019e+09
   5592000   37378.651      3.878327e-07   1.4969951e-11  3.8781773e-07  2.9264067e+09
   5593000   37377.509      3.878327e-07   2.6820842e-11  3.8780588e-07  2.9264597e+09
   5594000   37379.352      3.878327e-07   7.6910438e-12  3.8782501e-07  2.9263441e+09
   5595000   37378.255      3.878327e-07   1.9074801e-11  3.8781363e-07  2.9264387e+09
   5596000   37377.864      3.878327e-07   2.3132478e-11  3.8780957e-07  2.9264162e+09
   5597000   37379.068      3.878327e-07   1.063961e-11   3.8782206e-07  2.9263576e+09
   5598000   37378.829      3.878327e-07   1.3116643e-11  3.8781958e-07  2.9263902e+09
   5599000   37378.174      3.878327e-07   1.9912049e-11  3.8781279e-07  2.9264619e+09
   5600000   37379.009      3.878327e-07   1.1252015e-11  3.8782145e-07  2.9263919e+09
   5601000   37378.515      3.878327e-07   1.6376729e-11  3.8781632e-07  2.9264313e+09
   5602000   37378.763      3.878327e-07   1.3808405e-11  3.8781889e-07  2.9264106e+09
   5603000   37377.127      3.878327e-07   3.077879e-11   3.8780192e-07  2.9264995e+09
   5604000   37377.609      3.878327e-07   2.5782293e-11  3.8780692e-07  2.926491e+09 
   5605000   37377.979      3.878327e-07   2.1935926e-11  3.8781076e-07  2.9264596e+09
   5606000   37378.671      3.878327e-07   1.4763076e-11  3.8781794e-07  2.9264268e+09
   5607000   37378.916      3.878327e-07   1.2212056e-11  3.8782049e-07  2.9264015e+09
   5608000   37378.904      3.878327e-07   1.2342754e-11  3.8782036e-07  2.9263858e+09
   5609000   37379.072      3.878327e-07   1.0599081e-11  3.878221e-07   2.9263722e+09
   5610000   37379.143      3.878327e-07   9.8650465e-12  3.8782283e-07  2.926376e+09 
   5611000   37379.338      3.878327e-07   7.842208e-12   3.8782486e-07  2.9263452e+09
   5612000   37378.655      3.878327e-07   1.4927964e-11  3.8781777e-07  2.9264042e+09
   5613000   37379.644      3.878327e-07   4.6656287e-12  3.8782803e-07  2.926313e+09 
   5614000   37378.271      3.8783269e-07  1.8902956e-11  3.8781379e-07  2.9264072e+09
   5615000   37378.449      3.878327e-07   1.7062022e-11  3.8781564e-07  2.926406e+09 
   5616000   37378.034      3.878327e-07   2.1369571e-11  3.8781133e-07  2.9264308e+09
   5617000   37379.324      3.878327e-07   7.9852466e-12  3.8782471e-07  2.926348e+09 
   5618000   37378.111      3.878327e-07   2.0572583e-11  3.8781213e-07  2.9264187e+09
   5619000   37377.899      3.878327e-07   2.277147e-11   3.8780993e-07  2.9264671e+09
   5620000   37379.232      3.878327e-07   8.9370743e-12  3.8782376e-07  2.9263508e+09
   5621000   37378.319      3.878327e-07   1.841617e-11   3.8781429e-07  2.926374e+09 
   5622000   37379.225      3.878327e-07   9.0103622e-12  3.8782369e-07  2.9263636e+09
   5623000   37378.179      3.8783271e-07  1.9870187e-11  3.8781283e-07  2.9264007e+09
   5624000   37378.862      3.878327e-07   1.2773452e-11  3.8781992e-07  2.9263877e+09
   5625000   37378.026      3.8783269e-07  2.144524e-11   3.8781125e-07  2.9264968e+09
   5626000   37378.766      3.878327e-07   1.3772234e-11  3.8781893e-07  2.9263686e+09
   5627000   37379.14       3.878327e-07   9.8884922e-12  3.8782281e-07  2.9263614e+09
   5628000   37378.34       3.878327e-07   1.8190058e-11  3.8781451e-07  2.9264347e+09
   5629000   37378.592      3.878327e-07   1.5585131e-11  3.8781712e-07  2.9264116e+09
   5630000   37378.596      3.878327e-07   1.5543787e-11  3.8781716e-07  2.9263878e+09
   5631000   37378.799      3.878327e-07   1.3427904e-11  3.8781927e-07  2.9263944e+09
   5632000   37379.15       3.878327e-07   9.7927396e-12  3.8782291e-07  2.9263754e+09
   5633000   37378.595      3.878327e-07   1.5546713e-11  3.8781715e-07  2.9264337e+09
   5634000   37378.941      3.878327e-07   1.195595e-11   3.8782074e-07  2.9263772e+09
   5635000   37378.715      3.878327e-07   1.4298411e-11  3.878184e-07   2.9264058e+09
   5636000   37378.574      3.878327e-07   1.5765362e-11  3.8781693e-07  2.9264134e+09
   5637000   37378.798      3.878327e-07   1.3436899e-11  3.8781926e-07  2.926395e+09 
   5638000   37379.514      3.878327e-07   6.0082008e-12  3.8782669e-07  2.9263221e+09
   5639000   37379.674      3.878327e-07   4.3485409e-12  3.8782835e-07  2.9263085e+09
   5640000   37378.121      3.878327e-07   2.0460944e-11  3.8781223e-07  2.9264403e+09
   5641000   37378.572      3.878327e-07   1.5788946e-11  3.8781691e-07  2.9264113e+09
   5642000   37378.246      3.878327e-07   1.9163827e-11  3.8781353e-07  2.9264567e+09
   5643000   37378.382      3.878327e-07   1.7760377e-11  3.8781494e-07  2.9264087e+09
   5644000   37378.791      3.878327e-07   1.3518491e-11  3.8781918e-07  2.9263956e+09
   5645000   37378.435      3.8783269e-07  1.720263e-11   3.8781549e-07  2.9264149e+09
   5646000   37378.11       3.8783269e-07  2.0575933e-11  3.8781212e-07  2.92642e+09  
   5647000   37378.979      3.878327e-07   1.1567819e-11  3.8782113e-07  2.9263827e+09
   5648000   37379.271      3.878327e-07   8.5259359e-12  3.8782417e-07  2.9263363e+09
   5649000   37378.774      3.878327e-07   1.3688653e-11  3.8781901e-07  2.9263897e+09
   5650000   37378.067      3.878327e-07   2.1032675e-11  3.8781167e-07  2.9264264e+09
   5651000   37379.126      3.878327e-07   1.0042618e-11  3.8782266e-07  2.9263588e+09
   5652000   37378.961      3.878327e-07   1.1742851e-11  3.8782095e-07  2.9263746e+09
   5653000   37377.88       3.878327e-07   2.2965517e-11  3.8780973e-07  2.9264524e+09
   5654000   37378.11       3.878327e-07   2.0583259e-11  3.8781212e-07  2.926442e+09 
   5655000   37379.326      3.878327e-07   7.9601869e-12  3.8782474e-07  2.9263385e+09
   5656000   37378.964      3.878327e-07   1.1718554e-11  3.8782098e-07  2.9263948e+09
   5657000   37378.531      3.878327e-07   1.6215892e-11  3.8781649e-07  2.9264014e+09
   5658000   37379.059      3.878327e-07   1.0732988e-11  3.8782197e-07  2.9263801e+09
   5659000   37377.254      3.878327e-07   2.9460004e-11  3.8780324e-07  2.92648e+09  
   5660000   37378.692      3.878327e-07   1.4545055e-11  3.8781816e-07  2.9264001e+09
   5661000   37378.812      3.878327e-07   1.3295344e-11  3.878194e-07   2.9264001e+09
   5662000   37378.824      3.878327e-07   1.3168901e-11  3.8781953e-07  2.9263968e+09
   5663000   37378.813      3.878327e-07   1.3288681e-11  3.8781941e-07  2.9264053e+09
   5664000   37379.621      3.878327e-07   4.9016574e-12  3.878278e-07   2.9263094e+09
   5665000   37378.612      3.878327e-07   1.5372041e-11  3.8781733e-07  2.9264064e+09
   5666000   37379.373      3.878327e-07   7.4746037e-12  3.8782522e-07  2.9263383e+09
   5667000   37376.937      3.8783271e-07  3.2762543e-11  3.8779995e-07  2.9265101e+09
   5668000   37377.599      3.878327e-07   2.5886026e-11  3.8780681e-07  2.9264674e+09
   5669000   37378.5        3.878327e-07   1.6538176e-11  3.8781616e-07  2.9264245e+09
   5670000   37378.742      3.878327e-07   1.4022415e-11  3.8781868e-07  2.9263894e+09
   5671000   37378.771      3.878327e-07   1.372219e-11   3.8781898e-07  2.9264162e+09
   5672000   37379.103      3.878327e-07   1.0274285e-11  3.8782242e-07  2.926372e+09 
   5673000   37378.997      3.878327e-07   1.1381755e-11  3.8782132e-07  2.9263891e+09
   5674000   37379.055      3.878327e-07   1.0778631e-11  3.8782192e-07  2.9263587e+09
   5675000   37378.978      3.878327e-07   1.1570329e-11  3.8782113e-07  2.9263892e+09
   5676000   37377.687      3.8783269e-07  2.4960282e-11  3.8780773e-07  2.9264914e+09
   5677000   37379.005      3.878327e-07   1.1290597e-11  3.8782141e-07  2.9263772e+09
   5678000   37379.64       3.878327e-07   4.7045388e-12  3.87828e-07    2.9263079e+09
   5679000   37378.71       3.878327e-07   1.4354443e-11  3.8781834e-07  2.9264193e+09
   5680000   37378.799      3.878327e-07   1.3436254e-11  3.8781926e-07  2.9263994e+09
   5681000   37377.921      3.8783271e-07  2.255022e-11   3.8781016e-07  2.9264413e+09
   5682000   37378.798      3.878327e-07   1.3437085e-11  3.8781926e-07  2.9263722e+09
   5683000   37378.785      3.878327e-07   1.3578521e-11  3.8781912e-07  2.9263954e+09
   5684000   37378.684      3.878327e-07   1.4626649e-11  3.8781807e-07  2.92641e+09  
   5685000   37378.363      3.878327e-07   1.7950684e-11  3.8781475e-07  2.9264171e+09
   5686000   37378.072      3.878327e-07   2.0976635e-11  3.8781172e-07  2.9264286e+09
   5687000   37377.949      3.878327e-07   2.2247131e-11  3.8781045e-07  2.9264443e+09
   5688000   37378.12       3.878327e-07   2.047675e-11   3.8781222e-07  2.926473e+09 
   5689000   37379.349      3.878327e-07   7.7260147e-12  3.8782497e-07  2.9263423e+09
   5690000   37379.007      3.878327e-07   1.12698e-11    3.8782143e-07  2.926377e+09 
   5691000   37378.184      3.878327e-07   1.9810013e-11  3.8781289e-07  2.9264611e+09
   5692000   37377.897      3.878327e-07   2.278756e-11   3.8780991e-07  2.92644e+09  
   5693000   37377.935      3.8783271e-07  2.240478e-11   3.878103e-07   2.9264266e+09
   5694000   37378.072      3.878327e-07   2.0974269e-11  3.8781172e-07  2.92645e+09  
   5695000   37379.21       3.878327e-07   9.1649331e-12  3.8782353e-07  2.9263567e+09
   5696000   37378.29       3.878327e-07   1.8708097e-11  3.8781399e-07  2.9264364e+09
   5697000   37378.919      3.878327e-07   1.2189281e-11  3.8782051e-07  2.9263938e+09
   5698000   37378.724      3.878327e-07   1.4212493e-11  3.8781849e-07  2.9263936e+09
   5699000   37379.211      3.878327e-07   9.1597513e-12  3.8782354e-07  2.9263612e+09
   5700000   37377.329      3.878327e-07   2.8682953e-11  3.8780402e-07  2.9265458e+09
   5701000   37378.522      3.878327e-07   1.6305968e-11  3.8781639e-07  2.9263987e+09
   5702000   37378.798      3.878327e-07   1.3447783e-11  3.8781925e-07  2.9263722e+09
   5703000   37378.332      3.878327e-07   1.8272247e-11  3.8781443e-07  2.9264291e+09
   5704000   37378.396      3.878327e-07   1.7607746e-11  3.8781509e-07  2.9264203e+09
   5705000   37378.677      3.878327e-07   1.4696284e-11  3.87818e-07    2.9264074e+09
   5706000   37378.593      3.878327e-07   1.556973e-11   3.8781713e-07  2.9264294e+09
   5707000   37377.641      3.8783269e-07  2.5437152e-11  3.8780725e-07  2.9264486e+09
   5708000   37379.03       3.878327e-07   1.103345e-11   3.8782167e-07  2.9263678e+09
   5709000   37377.122      3.878327e-07   3.0834706e-11  3.8780186e-07  2.9264839e+09
   5710000   37378.76       3.878327e-07   1.383882e-11   3.8781886e-07  2.9263881e+09
   5711000   37379.271      3.878327e-07   8.5282709e-12  3.8782417e-07  2.9263432e+09
   5712000   37378.315      3.878327e-07   1.845282e-11   3.8781424e-07  2.9264358e+09
   5713000   37378.645      3.878327e-07   1.5024264e-11  3.8781767e-07  2.9264043e+09
   5714000   37378.545      3.878327e-07   1.6063604e-11  3.8781664e-07  2.9264237e+09
   5715000   37378.177      3.878327e-07   1.9889189e-11  3.8781281e-07  2.9264067e+09
   5716000   37379.228      3.878327e-07   8.9808035e-12  3.8782372e-07  2.9263543e+09
   5717000   37378.838      3.878327e-07   1.3030244e-11  3.8781967e-07  2.9263915e+09
   5718000   37378.79       3.878327e-07   1.3529312e-11  3.8781917e-07  2.9263926e+09
   5719000   37378.944      3.878327e-07   1.1929044e-11  3.8782077e-07  2.9263867e+09
   5720000   37379.396      3.878327e-07   7.239923e-12   3.8782546e-07  2.9263223e+09
   5721000   37377.58       3.878327e-07   2.6075042e-11  3.8780662e-07  2.926541e+09 
   5722000   37378.647      3.878327e-07   1.5005748e-11  3.8781769e-07  2.9264511e+09
   5723000   37378.671      3.878327e-07   1.4761155e-11  3.8781794e-07  2.9264143e+09
   5724000   37379.256      3.878327e-07   8.6903676e-12  3.8782401e-07  2.9263589e+09
   5725000   37379.094      3.878327e-07   1.0369175e-11  3.8782233e-07  2.9263683e+09
   5726000   37378.89       3.878327e-07   1.2482412e-11  3.8782022e-07  2.9263925e+09
   5727000   37378.973      3.878327e-07   1.1630713e-11  3.8782107e-07  2.9263818e+09
   5728000   37378.914      3.878327e-07   1.2242197e-11  3.8782046e-07  2.9263978e+09
   5729000   37378.911      3.878327e-07   1.2269188e-11  3.8782043e-07  2.9264075e+09
   5730000   37378.104      3.878327e-07   2.0641029e-11  3.8781206e-07  2.926451e+09 
   5731000   37379.385      3.878327e-07   7.3489029e-12  3.8782535e-07  2.9263241e+09
   5732000   37377.941      3.8783269e-07  2.2324397e-11  3.8781037e-07  2.9264601e+09
   5733000   37379.286      3.878327e-07   8.3749952e-12  3.8782432e-07  2.9263441e+09
   5734000   37379.578      3.878327e-07   5.3445444e-12  3.8782735e-07  2.9263233e+09
   5735000   37377.674      3.878327e-07   2.510291e-11   3.8780759e-07  2.9264838e+09
   5736000   37379.316      3.878327e-07   8.0625004e-12  3.8782464e-07  2.9263522e+09
   5737000   37378.382      3.878327e-07   1.7756525e-11  3.8781494e-07  2.9264178e+09
   5738000   37378.728      3.878327e-07   1.4168497e-11  3.8781853e-07  2.926391e+09 
   5739000   37378.941      3.878327e-07   1.1957444e-11  3.8782074e-07  2.9264039e+09
   5740000   37379.209      3.878327e-07   9.1745029e-12  3.8782353e-07  2.9263661e+09
   5741000   37378.565      3.878327e-07   1.5859166e-11  3.8781684e-07  2.9263993e+09
   5742000   37379.05       3.878327e-07   1.0830678e-11  3.8782187e-07  2.9263794e+09
   5743000   37378.868      3.878327e-07   1.2718424e-11  3.8781998e-07  2.9263961e+09
   5744000   37379.244      3.878327e-07   8.8163819e-12  3.8782388e-07  2.9263552e+09
   5745000   37379.058      3.878327e-07   1.0741643e-11  3.8782196e-07  2.9263573e+09
   5746000   37377.031      3.8783271e-07  3.1782159e-11  3.8780092e-07  2.9265144e+09
   5747000   37378.726      3.878327e-07   1.4185299e-11  3.8781851e-07  2.9263956e+09
   5748000   37378.866      3.878327e-07   1.2737803e-11  3.8781996e-07  2.9263875e+09
   5749000   37378.595      3.878327e-07   1.5547742e-11  3.8781715e-07  2.9263908e+09
   5750000   37378.742      3.878327e-07   1.4025084e-11  3.8781867e-07  2.926396e+09 
   5751000   37379.116      3.878327e-07   1.0140541e-11  3.8782256e-07  2.9263642e+09
   5752000   37379.205      3.878327e-07   9.2157971e-12  3.8782348e-07  2.926362e+09 
   5753000   37377.829      3.878327e-07   2.3489961e-11  3.8780921e-07  2.9264815e+09
   5754000   37378.738      3.8783269e-07  1.4056286e-11  3.8781864e-07  2.9263924e+09
   5755000   37378.48       3.878327e-07   1.6740468e-11  3.8781596e-07  2.9264483e+09
   5756000   37378.819      3.878327e-07   1.3218539e-11  3.8781948e-07  2.9263861e+09
   5757000   37378.094      3.878327e-07   2.0737702e-11  3.8781196e-07  2.926413e+09 
   5758000   37379.159      3.878327e-07   9.6945669e-12  3.87823e-07    2.9263525e+09
   5759000   37378.992      3.878327e-07   1.1426339e-11  3.8782127e-07  2.9263846e+09
   5760000   37379.374      3.878327e-07   7.4696921e-12  3.8782523e-07  2.9263396e+09
   5761000   37378.502      3.878327e-07   1.6507546e-11  3.8781619e-07  2.9264e+09   
   5762000   37377.182      3.8783269e-07  3.0198249e-11  3.8780249e-07  2.9265039e+09
   5763000   37378.825      3.8783269e-07  1.3146672e-11  3.8781954e-07  2.926377e+09 
   5764000   37378.568      3.878327e-07   1.5827118e-11  3.8781687e-07  2.9264005e+09
   5765000   37378.651      3.878327e-07   1.4961736e-11  3.8781774e-07  2.9264161e+09
   5766000   37378.065      3.878327e-07   2.1038343e-11  3.8781166e-07  2.9264672e+09
   5767000   37379.015      3.878327e-07   1.1193252e-11  3.878215e-07   2.9263787e+09
   5768000   37378.912      3.878327e-07   1.2255947e-11  3.8782044e-07  2.9263852e+09
   5769000   37377.594      3.8783269e-07  2.5926938e-11  3.8780677e-07  2.9264727e+09
   5770000   37379.187      3.878327e-07   9.4014212e-12  3.878233e-07   2.9263675e+09
   5771000   37378.661      3.878327e-07   1.4862124e-11  3.8781784e-07  2.9264115e+09
   5772000   37379.078      3.878327e-07   1.053083e-11   3.8782217e-07  2.9263643e+09
   5773000   37378.064      3.878327e-07   2.1057245e-11  3.8781164e-07  2.9264315e+09
   5774000   37379.525      3.878327e-07   5.9019429e-12  3.878268e-07   2.9263286e+09
   5775000   37378.24       3.878327e-07   1.9231109e-11  3.8781347e-07  2.9264204e+09
   5776000   37377.933      3.878327e-07   2.2417469e-11  3.8781028e-07  2.9264566e+09
   5777000   37378.857      3.878327e-07   1.2828239e-11  3.8781987e-07  2.926394e+09 
   5778000   37378.492      3.878327e-07   1.6621075e-11  3.8781608e-07  2.9264144e+09
   5779000   37379.031      3.878327e-07   1.1025338e-11  3.8782167e-07  2.9263696e+09
   5780000   37378.435      3.878327e-07   1.7208432e-11  3.8781549e-07  2.9264234e+09
   5781000   37378.623      3.878327e-07   1.5260351e-11  3.8781744e-07  2.9264343e+09
   5782000   37378.226      3.878327e-07   1.9380945e-11  3.8781332e-07  2.9264307e+09
   5783000   37378.316      3.878327e-07   1.8447089e-11  3.8781425e-07  2.9264321e+09
   5784000   37378.474      3.878327e-07   1.6803742e-11  3.878159e-07   2.9264187e+09
   5785000   37379.309      3.878327e-07   8.1441098e-12  3.8782456e-07  2.9263504e+09
   5786000   37379.062      3.878327e-07   1.0700499e-11  3.87822e-07    2.9263739e+09
   5787000   37379.104      3.878327e-07   1.0261254e-11  3.8782244e-07  2.9263695e+09
   5788000   37378.732      3.878327e-07   1.4130345e-11  3.8781857e-07  2.9263769e+09
   5789000   37377.671      3.878327e-07   2.5140251e-11  3.8780756e-07  2.9264853e+09
   5790000   37378.215      3.8783269e-07  1.9481361e-11  3.8781321e-07  2.9264306e+09
   5791000   37378.444      3.878327e-07   1.7114618e-11  3.8781559e-07  2.9264181e+09
   5792000   37376.37       3.878327e-07   3.8637357e-11  3.8779407e-07  2.9265251e+09
   5793000   37378.841      3.878327e-07   1.2991979e-11  3.8781971e-07  2.926385e+09 
   5794000   37379.133      3.878327e-07   9.9620653e-12  3.8782274e-07  2.926362e+09 
   5795000   37378.461      3.878327e-07   1.6932527e-11  3.8781576e-07  2.9264223e+09
   5796000   37377.066      3.878327e-07   3.1417339e-11  3.8780128e-07  2.9264787e+09
   5797000   37378.194      3.878327e-07   1.9710193e-11  3.8781299e-07  2.9264316e+09
   5798000   37378.558      3.878327e-07   1.5927633e-11  3.8781677e-07  2.9264251e+09
   5799000   37378.193      3.878327e-07   1.9716607e-11  3.8781298e-07  2.9264463e+09
   5800000   37377.944      3.878327e-07   2.2306352e-11  3.878104e-07   2.9264141e+09
   5801000   37376.825      3.878327e-07   3.391463e-11   3.8779878e-07  2.926542e+09 
   5802000   37378.802      3.878327e-07   1.3393816e-11  3.878193e-07   2.9264007e+09
   5803000   37378.167      3.878327e-07   1.9983066e-11  3.8781272e-07  2.9264189e+09
   5804000   37379.248      3.878327e-07   8.7716878e-12  3.8782393e-07  2.92635e+09  
   5805000   37378.818      3.878327e-07   1.3237963e-11  3.8781946e-07  2.9263892e+09
   5806000   37378.745      3.878327e-07   1.3990652e-11  3.8781871e-07  2.9264018e+09
   5807000   37378.598      3.878327e-07   1.5508887e-11  3.8781719e-07  2.9264037e+09
   5808000   37378.095      3.878327e-07   2.0740102e-11  3.8781196e-07  2.926478e+09 
   5809000   37378.679      3.878327e-07   1.4676371e-11  3.8781802e-07  2.9264e+09   
   5810000   37378.699      3.878327e-07   1.4470337e-11  3.8781823e-07  2.9263941e+09
   5811000   37378.898      3.878327e-07   1.2397439e-11  3.878203e-07   2.9263834e+09
   5812000   37377.614      3.878327e-07   2.5728122e-11  3.8780697e-07  2.9265488e+09
   5813000   37379.02       3.878327e-07   1.1134972e-11  3.8782156e-07  2.9263742e+09
   5814000   37378.977      3.878327e-07   1.157955e-11   3.8782112e-07  2.9263889e+09
   5815000   37378.746      3.878327e-07   1.3983613e-11  3.8781871e-07  2.9264166e+09
   5816000   37379.139      3.878327e-07   9.9019933e-12  3.878228e-07   2.9263694e+09
   5817000   37379.145      3.878327e-07   9.8394775e-12  3.8782286e-07  2.9263572e+09
   5818000   37379.027      3.878327e-07   1.1068985e-11  3.8782163e-07  2.9263766e+09
   5819000   37379.326      3.878327e-07   7.9645232e-12  3.8782474e-07  2.9263354e+09
   5820000   37379.199      3.878327e-07   9.2790239e-12  3.8782342e-07  2.9263618e+09
   5821000   37378.616      3.878327e-07   1.5332548e-11  3.8781737e-07  2.9264175e+09
   5822000   37379.054      3.878327e-07   1.0789226e-11  3.8782191e-07  2.9263857e+09
   5823000   37377.425      3.878327e-07   2.76948e-11    3.8780501e-07  2.9264647e+09
   5824000   37379.093      3.878327e-07   1.0386099e-11  3.8782231e-07  2.9263691e+09
   5825000   37378.877      3.878327e-07   1.262841e-11   3.8782007e-07  2.9263841e+09
   5826000   37378.57       3.878327e-07   1.5803695e-11  3.878169e-07   2.926427e+09 
   5827000   37378.746      3.878327e-07   1.3981709e-11  3.8781872e-07  2.9264239e+09
   5828000   37376.632      3.878327e-07   3.5912969e-11  3.8779679e-07  2.9265151e+09
   5829000   37378.733      3.878327e-07   1.4113943e-11  3.8781859e-07  2.9264066e+09
   5830000   37378.791      3.878327e-07   1.3511575e-11  3.8781919e-07  2.9263845e+09
   5831000   37379.539      3.878327e-07   5.7542436e-12  3.8782695e-07  2.9263157e+09
   5832000   37379.16       3.878327e-07   9.6865198e-12  3.8782301e-07  2.9263704e+09
   5833000   37378.737      3.878327e-07   1.4068934e-11  3.8781863e-07  2.9264008e+09
   5834000   37379.081      3.878327e-07   1.0503481e-11  3.878222e-07   2.9263831e+09
   5835000   37378.338      3.878327e-07   1.8209933e-11  3.8781449e-07  2.9264343e+09
   5836000   37378.025      3.878327e-07   2.14635e-11    3.8781123e-07  2.9264341e+09
   5837000   37378.606      3.878327e-07   1.5433602e-11  3.8781727e-07  2.9264185e+09
   5838000   37379.355      3.878327e-07   7.6613815e-12  3.8782504e-07  2.9263444e+09
   5839000   37379.241      3.878327e-07   8.8447251e-12  3.8782385e-07  2.9263501e+09
   5840000   37377.621      3.878327e-07   2.5651751e-11  3.8780705e-07  2.9265105e+09
   5841000   37379.205      3.878327e-07   9.2200513e-12  3.8782348e-07  2.9263651e+09
   5842000   37379.148      3.878327e-07   9.8063309e-12  3.8782289e-07  2.9263594e+09
   5843000   37379.327      3.878327e-07   7.9544083e-12  3.8782475e-07  2.9263548e+09
   5844000   37379.174      3.878327e-07   9.5370694e-12  3.8782316e-07  2.9263693e+09
   5845000   37378.01       3.8783271e-07  2.1626733e-11  3.8781108e-07  2.9263772e+09
   5846000   37378.682      3.878327e-07   1.4643558e-11  3.8781806e-07  2.9263871e+09
   5847000   37378.709      3.878327e-07   1.436726e-11   3.8781833e-07  2.9264118e+09
   5848000   37378.209      3.878327e-07   1.9554162e-11  3.8781315e-07  2.926449e+09 
   5849000   37379.277      3.878327e-07   8.4697005e-12  3.8782423e-07  2.9263517e+09
   5850000   37378.864      3.878327e-07   1.27521e-11    3.8781995e-07  2.9263892e+09
   5851000   37378.364      3.878327e-07   1.79491e-11    3.8781475e-07  2.9264171e+09
   5852000   37379.21       3.878327e-07   9.1707766e-12  3.8782353e-07  2.9263555e+09
   5853000   37377.014      3.878327e-07   3.1946975e-11  3.8780075e-07  2.9265378e+09
   5854000   37378.622      3.878327e-07   1.5269773e-11  3.8781743e-07  2.9264223e+09
   5855000   37379.126      3.878327e-07   1.0041822e-11  3.8782266e-07  2.9263668e+09
   5856000   37378.253      3.878327e-07   1.9091116e-11  3.8781361e-07  2.9264203e+09
   5857000   37378.694      3.8783269e-07  1.4514064e-11  3.8781818e-07  2.926396e+09 
   5858000   37378.546      3.878327e-07   1.6050807e-11  3.8781665e-07  2.9264166e+09
   5859000   37378.003      3.878327e-07   2.1690678e-11  3.8781101e-07  2.9264305e+09
   5860000   37378.655      3.878327e-07   1.492393e-11   3.8781777e-07  2.9263991e+09
   5861000   37379.203      3.878327e-07   9.2395001e-12  3.8782346e-07  2.9263611e+09
   5862000   37379.54       3.878327e-07   5.7412496e-12  3.8782696e-07  2.9263225e+09
   5863000   37378.826      3.878327e-07   1.3149337e-11  3.8781955e-07  2.9263868e+09
   5864000   37378.834      3.8783269e-07  1.3064268e-11  3.8781963e-07  2.9263984e+09
   5865000   37377.766      3.878327e-07   2.4149531e-11  3.8780855e-07  2.926509e+09 
   5866000   37379.487      3.878327e-07   6.2890364e-12  3.8782641e-07  2.926322e+09 
   5867000   37377.88       3.878327e-07   2.2964235e-11  3.8780974e-07  2.9264578e+09
   5868000   37378.2        3.878327e-07   1.9643206e-11  3.8781305e-07  2.9264348e+09
   5869000   37378.869      3.878327e-07   1.2704144e-11  3.8781999e-07  2.9263885e+09
   5870000   37378.669      3.878327e-07   1.4778643e-11  3.8781792e-07  2.9264031e+09
   5871000   37379.298      3.878327e-07   8.2517454e-12  3.8782445e-07  2.9263513e+09
   5872000   37379.162      3.878327e-07   9.664415e-12   3.8782303e-07  2.9263698e+09
   5873000   37379.196      3.878327e-07   9.307971e-12   3.8782339e-07  2.9263582e+09
   5874000   37378.762      3.878327e-07   1.3811296e-11  3.8781889e-07  2.926379e+09 
   5875000   37378.397      3.878327e-07   1.7605588e-11  3.8781509e-07  2.9264099e+09
   5876000   37377.878      3.878327e-07   2.2989003e-11  3.8780971e-07  2.9264659e+09
   5877000   37379.252      3.878327e-07   8.7319949e-12  3.8782397e-07  2.9263577e+09
   5878000   37378.798      3.878327e-07   1.3436047e-11  3.8781926e-07  2.9263947e+09
   5879000   37378.589      3.878327e-07   1.5610238e-11  3.8781709e-07  2.9264015e+09
   5880000   37378.176      3.878327e-07   1.9898809e-11  3.878128e-07   2.9264191e+09
   5881000   37378.653      3.878327e-07   1.4946027e-11  3.8781775e-07  2.9263704e+09
   5882000   37378.901      3.878327e-07   1.23696e-11    3.8782033e-07  2.9263862e+09
   5883000   37379.141      3.878327e-07   9.8871741e-12  3.8782281e-07  2.9263734e+09
   5884000   37378.935      3.878327e-07   1.2021648e-11  3.8782068e-07  2.9263645e+09
   5885000   37379.257      3.878327e-07   8.6740975e-12  3.8782402e-07  2.926357e+09 
   5886000   37379.2        3.878327e-07   9.2651796e-12  3.8782343e-07  2.9263542e+09
   5887000   37378.382      3.8783269e-07  1.7749501e-11  3.8781494e-07  2.926418e+09 
   5888000   37377.493      3.8783268e-07  2.6962761e-11  3.8780571e-07  2.9264458e+09
   5889000   37379.246      3.878327e-07   8.7938064e-12  3.8782391e-07  2.9263559e+09
   5890000   37379.021      3.878327e-07   1.1125883e-11  3.8782157e-07  2.9263718e+09
   5891000   37377.549      3.878327e-07   2.6401824e-11  3.878063e-07   2.9264654e+09
   5892000   37378.484      3.878327e-07   1.6697909e-11  3.87816e-07    2.9264283e+09
   5893000   37378.44       3.878327e-07   1.7155649e-11  3.8781554e-07  2.9264345e+09
   5894000   37378.408      3.878327e-07   1.7492196e-11  3.8781521e-07  2.9264342e+09
   5895000   37378.926      3.878327e-07   1.2118216e-11  3.8782058e-07  2.9263806e+09
   5896000   37375.796      3.8783272e-07  4.4607324e-11  3.8778811e-07  2.9266455e+09
   5897000   37379.106      3.878327e-07   1.0249464e-11  3.8782245e-07  2.9263713e+09
   5898000   37377.587      3.878327e-07   2.6009064e-11  3.878067e-07   2.9264811e+09
   5899000   37379.033      3.878327e-07   1.1005364e-11  3.8782169e-07  2.9263691e+09
   5900000   37378.409      3.878327e-07   1.7481707e-11  3.8781522e-07  2.9264613e+09
   5901000   37378.827      3.878327e-07   1.3137102e-11  3.8781956e-07  2.9264118e+09
   5902000   37377.999      3.878327e-07   2.172809e-11   3.8781097e-07  2.9264134e+09
   5903000   37379.009      3.878327e-07   1.1251202e-11  3.8782145e-07  2.9263652e+09
   5904000   37378.842      3.878327e-07   1.2983614e-11  3.8781972e-07  2.9263871e+09
   5905000   37378.63       3.878327e-07   1.5182447e-11  3.8781752e-07  2.9264048e+09
   5906000   37378.857      3.878327e-07   1.282535e-11   3.8781987e-07  2.9263737e+09
   5907000   37379.309      3.878327e-07   8.1382208e-12  3.8782456e-07  2.9263525e+09
   5908000   37376.732      3.878327e-07   3.4875991e-11  3.8779782e-07  2.9265553e+09
   5909000   37378.658      3.878327e-07   1.4887309e-11  3.8781781e-07  2.9264092e+09
   5910000   37377.572      3.878327e-07   2.6165248e-11  3.8780654e-07  2.9264851e+09
   5911000   37377.566      3.878327e-07   2.6221988e-11  3.8780648e-07  2.9264493e+09
   5912000   37378.216      3.878327e-07   1.9485221e-11  3.8781322e-07  2.9264034e+09
   5913000   37379.161      3.878327e-07   9.6777802e-12  3.8782302e-07  2.9263591e+09
   5914000   37378.608      3.8783269e-07  1.5403224e-11  3.8781729e-07  2.9264314e+09
   5915000   37378.938      3.878327e-07   1.1990728e-11  3.8782071e-07  2.9263834e+09
   5916000   37378.083      3.8783269e-07  2.0852615e-11  3.8781184e-07  2.9264492e+09
   5917000   37379.018      3.878327e-07   1.1157646e-11  3.8782154e-07  2.9263801e+09
   5918000   37378.535      3.8783269e-07  1.6161254e-11  3.8781653e-07  2.9264132e+09
   5919000   37379.076      3.878327e-07   1.0552526e-11  3.8782215e-07  2.9263796e+09
   5920000   37379.163      3.878327e-07   9.6497243e-12  3.8782305e-07  2.9263676e+09
   5921000   37378.695      3.878327e-07   1.4511203e-11  3.8781819e-07  2.9263961e+09
   5922000   37377.05       3.8783271e-07  3.1589718e-11  3.8780112e-07  2.9264312e+09
   5923000   37378.756      3.878327e-07   1.3879265e-11  3.8781882e-07  2.9263761e+09
   5924000   37379.234      3.878327e-07   8.9203581e-12  3.8782378e-07  2.9263551e+09
   5925000   37378.545      3.878327e-07   1.6068736e-11  3.8781663e-07  2.9263893e+09
   5926000   37379.326      3.878327e-07   7.9662645e-12  3.8782473e-07  2.92635e+09  
   5927000   37378.884      3.878327e-07   1.2551611e-11  3.8782015e-07  2.9263997e+09
   5928000   37378.625      3.878327e-07   1.5235967e-11  3.8781746e-07  2.926404e+09 
   5929000   37378.949      3.878327e-07   1.1873382e-11  3.8782083e-07  2.9263864e+09
   5930000   37377.452      3.878327e-07   2.7411707e-11  3.8780529e-07  2.926489e+09 
   5931000   37378.93       3.878327e-07   1.2071707e-11  3.8782063e-07  2.926378e+09 
   5932000   37378.573      3.878327e-07   1.5770256e-11  3.8781693e-07  2.9264266e+09
   5933000   37379.133      3.878327e-07   9.9673856e-12  3.8782273e-07  2.926363e+09 
   5934000   37379.533      3.878327e-07   5.8204273e-12  3.8782688e-07  2.9263231e+09
   5935000   37379.275      3.878327e-07   8.4909065e-12  3.8782421e-07  2.9263493e+09
   5936000   37378.636      3.878327e-07   1.5126123e-11  3.8781757e-07  2.9264213e+09
   5937000   37378.414      3.878327e-07   1.7420523e-11  3.8781528e-07  2.9264433e+09
   5938000   37379.142      3.878327e-07   9.878289e-12   3.8782282e-07  2.9263547e+09
   5939000   37378.355      3.878327e-07   1.8044502e-11  3.8781466e-07  2.9264401e+09
   5940000   37378.697      3.878327e-07   1.4490627e-11  3.8781821e-07  2.9263963e+09
   5941000   37378.027      3.878327e-07   2.144286e-11   3.8781125e-07  2.9264427e+09
   5942000   37378.996      3.878327e-07   1.1387931e-11  3.8782131e-07  2.926378e+09 
   5943000   37377.707      3.8783271e-07  2.4764862e-11  3.8780794e-07  2.9264213e+09
   5944000   37377.886      3.878327e-07   2.2901114e-11  3.878098e-07   2.9264868e+09
   5945000   37379.453      3.878327e-07   6.6450962e-12  3.8782605e-07  2.9263254e+09
   5946000   37379.39       3.878327e-07   7.2971432e-12  3.878254e-07   2.926339e+09 
   5947000   37378.5        3.878327e-07   1.6529505e-11  3.8781617e-07  2.9264247e+09
   5948000   37379.107      3.878327e-07   1.0238695e-11  3.8782246e-07  2.9263794e+09
   5949000   37379.15       3.878327e-07   9.7887876e-12  3.8782291e-07  2.9263664e+09
   5950000   37379.162      3.878327e-07   9.6627018e-12  3.8782304e-07  2.926355e+09 
   5951000   37378.72       3.878327e-07   1.425155e-11   3.8781845e-07  2.9264088e+09
   5952000   37378.662      3.878327e-07   1.4850051e-11  3.8781785e-07  2.9264115e+09
   5953000   37378.151      3.878327e-07   2.0151625e-11  3.8781255e-07  2.9264689e+09
   5954000   37378.901      3.878327e-07   1.2374953e-11  3.8782032e-07  2.9263871e+09
   5955000   37378.063      3.878327e-07   2.1064647e-11  3.8781163e-07  2.9264506e+09
   5956000   37377.75       3.878327e-07   2.4316842e-11  3.8780839e-07  2.926464e+09 
   5957000   37378.705      3.878327e-07   1.4407868e-11  3.8781829e-07  2.9264085e+09
   5958000   37378.277      3.878327e-07   1.8853078e-11  3.8781385e-07  2.9264258e+09
   5959000   37377.77       3.878327e-07   2.4105085e-11  3.878086e-07   2.9264687e+09
   5960000   37379.023      3.878327e-07   1.1104749e-11  3.878216e-07   2.9263782e+09
   5961000   37378.656      3.878327e-07   1.4911886e-11  3.8781779e-07  2.9264118e+09
   5962000   37378.091      3.878327e-07   2.0778759e-11  3.8781192e-07  2.9264765e+09
   5963000   37377.691      3.878327e-07   2.4923394e-11  3.8780778e-07  2.926465e+09 
   5964000   37378.681      3.878327e-07   1.4657946e-11  3.8781804e-07  2.9263937e+09
   5965000   37379.544      3.878327e-07   5.6989287e-12  3.87827e-07    2.9263202e+09
   5966000   37379.176      3.878327e-07   9.5173456e-12  3.8782318e-07  2.9263581e+09
   5967000   37378.251      3.878327e-07   1.9115658e-11  3.8781358e-07  2.9264633e+09
   5968000   37378.566      3.878327e-07   1.5846298e-11  3.8781685e-07  2.9264122e+09
   5969000   37378.679      3.878327e-07   1.4676505e-11  3.8781802e-07  2.9263942e+09
   5970000   37378.996      3.878327e-07   1.1386824e-11  3.8782131e-07  2.9263706e+09
   5971000   37378.941      3.878327e-07   1.1956423e-11  3.8782074e-07  2.9263858e+09
   5972000   37377.382      3.878327e-07   2.8132438e-11  3.8780457e-07  2.9263817e+09
   5973000   37378.207      3.8783269e-07  1.956104e-11   3.8781313e-07  2.9264254e+09
   5974000   37377.085      3.878327e-07   3.1221755e-11  3.8780148e-07  2.9264723e+09
   5975000   37378.664      3.878327e-07   1.4830475e-11  3.8781787e-07  2.9264053e+09
   5976000   37378.548      3.878327e-07   1.6036211e-11  3.8781666e-07  2.9264176e+09
   5977000   37378.22       3.878327e-07   1.9432454e-11  3.8781327e-07  2.9264296e+09
   5978000   37379.165      3.878327e-07   9.6383379e-12  3.8782306e-07  2.9263658e+09
   5979000   37377.853      3.878327e-07   2.3247834e-11  3.8780945e-07  2.9264705e+09
   5980000   37379.052      3.878327e-07   1.0803003e-11  3.878219e-07   2.9263638e+09
   5981000   37376.788      3.878327e-07   3.4297407e-11  3.877984e-07   2.9265344e+09
   5982000   37378.247      3.878327e-07   1.9155037e-11  3.8781354e-07  2.926438e+09 
   5983000   37379.278      3.878327e-07   8.4585662e-12  3.8782424e-07  2.9263503e+09
   5984000   37378.1        3.878327e-07   2.0689077e-11  3.8781201e-07  2.9264308e+09
   5985000   37378.569      3.878327e-07   1.582207e-11   3.8781688e-07  2.9264056e+09
   5986000   37378.763      3.878327e-07   1.3803196e-11  3.878189e-07   2.9263961e+09
   5987000   37379.023      3.878327e-07   1.1109457e-11  3.8782159e-07  2.9263771e+09
   5988000   37378.916      3.878327e-07   1.2213242e-11  3.8782049e-07  2.9263984e+09
   5989000   37379.188      3.878327e-07   9.3972997e-12  3.878233e-07   2.9263615e+09
   5990000   37379.024      3.878327e-07   1.1092492e-11  3.8782161e-07  2.9263751e+09
   5991000   37378.383      3.878327e-07   1.7751477e-11  3.8781495e-07  2.9263854e+09
   5992000   37379.523      3.878327e-07   5.9215696e-12  3.8782678e-07  2.9263254e+09
   5993000   37378.107      3.8783269e-07  2.0605297e-11  3.8781209e-07  2.9264315e+09
   5994000   37378.582      3.878327e-07   1.5678485e-11  3.8781702e-07  2.9264082e+09
   5995000   37378.217      3.8783269e-07  1.9461206e-11  3.8781323e-07  2.926419e+09 
   5996000   37377.468      3.878327e-07   2.7236083e-11  3.8780546e-07  2.9264611e+09
   5997000   37377.777      3.878327e-07   2.4030491e-11  3.8780867e-07  2.9264672e+09
   5998000   37379.202      3.878327e-07   9.2472303e-12  3.8782345e-07  2.9263271e+09
   5999000   37378.686      3.878327e-07   1.4598721e-11  3.878181e-07   2.9264077e+09
   6000000   37379.067      3.878327e-07   1.0646168e-11  3.8782205e-07  2.9263668e+09
   6001000   37376.214      3.878327e-07   4.0254273e-11  3.8779245e-07  2.9265408e+09
   6002000   37378.683      3.878327e-07   1.4633658e-11  3.8781807e-07  2.9264032e+09
   6003000   37377.888      3.878327e-07   2.2880001e-11  3.8780982e-07  2.9264853e+09
   6004000   37378.124      3.878327e-07   2.0438013e-11  3.8781226e-07  2.9264515e+09
   6005000   37379.348      3.878327e-07   7.7352902e-12  3.8782496e-07  2.9263435e+09
   6006000   37378.379      3.878327e-07   1.7792382e-11  3.8781491e-07  2.926387e+09 
   6007000   37378.684      3.878327e-07   1.4624327e-11  3.8781808e-07  2.9264113e+09
   6008000   37379.339      3.878327e-07   7.8264604e-12  3.8782487e-07  2.9263454e+09
   6009000   37378.309      3.878327e-07   1.8509403e-11  3.8781419e-07  2.9264475e+09
   6010000   37377.858      3.878327e-07   2.3196144e-11  3.878095e-07   2.9264906e+09
   6011000   37377.847      3.878327e-07   2.3315562e-11  3.8780939e-07  2.9264416e+09
   6012000   37378.645      3.878327e-07   1.5030578e-11  3.8781767e-07  2.9263941e+09
   6013000   37379.339      3.878327e-07   7.8252743e-12  3.8782487e-07  2.9263357e+09
   6014000   37378.582      3.878327e-07   1.5682649e-11  3.8781702e-07  2.9264334e+09
   6015000   37379.239      3.878327e-07   8.8641652e-12  3.8782383e-07  2.926346e+09 
   6016000   37378.582      3.878327e-07   1.5682521e-11  3.8781702e-07  2.9264077e+09
   6017000   37378.977      3.878327e-07   1.1583537e-11  3.8782112e-07  2.9263705e+09
   6018000   37378.715      3.878327e-07   1.4301997e-11  3.878184e-07   2.9263583e+09
   6019000   37378.766      3.878327e-07   1.3775451e-11  3.8781892e-07  2.9264084e+09
   6020000   37379.139      3.878327e-07   9.9023745e-12  3.878228e-07   2.9263719e+09
   6021000   37378.377      3.878327e-07   1.7805402e-11  3.8781489e-07  2.9264319e+09
   6022000   37378.047      3.878327e-07   2.1235425e-11  3.8781146e-07  2.9264333e+09
   6023000   37378.038      3.878327e-07   2.1324717e-11  3.8781137e-07  2.9264206e+09
   6024000   37378.901      3.8783269e-07  1.237224e-11   3.8782032e-07  2.9264123e+09
   6025000   37378.426      3.878327e-07   1.7300433e-11  3.878154e-07   2.9264461e+09
   6026000   37378.56       3.878327e-07   1.59073e-11    3.8781679e-07  2.9264226e+09
   6027000   37379.045      3.878327e-07   1.0878271e-11  3.8782182e-07  2.926384e+09 
   6028000   37379.006      3.878327e-07   1.1279376e-11  3.8782142e-07  2.9263725e+09
   6029000   37378.417      3.878327e-07   1.7394616e-11  3.878153e-07   2.9264259e+09
   6030000   37377.342      3.878327e-07   2.8550274e-11  3.8780415e-07  2.9264972e+09
   6031000   37378.1        3.878327e-07   2.0682716e-11  3.8781202e-07  2.926426e+09 
   6032000   37379.092      3.878327e-07   1.0395702e-11  3.878223e-07   2.9263706e+09
   6033000   37378.822      3.878327e-07   1.3197111e-11  3.878195e-07   2.9263781e+09
   6034000   37378.613      3.878327e-07   1.5359509e-11  3.8781734e-07  2.9263879e+09
   6035000   37379.581      3.878327e-07   5.314831e-12   3.8782738e-07  2.9263225e+09
   6036000   37379.672      3.878327e-07   4.3783136e-12  3.8782832e-07  2.926307e+09 
   6037000   37379.381      3.878327e-07   7.3916702e-12  3.8782531e-07  2.9263499e+09
   6038000   37378.67       3.878327e-07   1.477508e-11   3.8781793e-07  2.9263903e+09
   6039000   37378.935      3.878327e-07   1.2017481e-11  3.8782068e-07  2.9263706e+09
   6040000   37378.281      3.878327e-07   1.8814888e-11  3.8781389e-07  2.9263808e+09
   6041000   37378.328      3.878327e-07   1.8319071e-11  3.8781438e-07  2.9264157e+09
   6042000   37378.534      3.878327e-07   1.6177983e-11  3.8781652e-07  2.9264265e+09
   6043000   37378.388      3.878327e-07   1.7697517e-11  3.87815e-07    2.9264181e+09
   6044000   37378.45       3.878327e-07   1.7052549e-11  3.8781565e-07  2.9264056e+09
   6045000   37378.942      3.878327e-07   1.1946223e-11  3.8782075e-07  2.9263731e+09
   6046000   37377.27       3.878327e-07   2.9298901e-11  3.878034e-07   2.9265041e+09
   6047000   37378.341      3.878327e-07   1.8181511e-11  3.8781452e-07  2.9264341e+09
   6048000   37378.517      3.878327e-07   1.6352368e-11  3.8781635e-07  2.9263991e+09
   6049000   37379.096      3.878327e-07   1.0351289e-11  3.8782235e-07  2.9263698e+09
   6050000   37379.016      3.878327e-07   1.1176175e-11  3.8782152e-07  2.9263645e+09
   6051000   37377.935      3.878327e-07   2.2396682e-11  3.878103e-07   2.9264533e+09
   6052000   37378.533      3.878327e-07   1.6196492e-11  3.878165e-07   2.9264138e+09
   6053000   37378.419      3.878327e-07   1.7376073e-11  3.8781532e-07  2.9264225e+09
   6054000   37379.077      3.878327e-07   1.0546235e-11  3.8782215e-07  2.9263605e+09
   6055000   37379.194      3.878327e-07   9.3381951e-12  3.8782336e-07  2.9263497e+09
   6056000   37379.487      3.878327e-07   6.2915838e-12  3.8782641e-07  2.9263316e+09
   6057000   37378.668      3.878327e-07   1.4792074e-11  3.8781791e-07  2.9264262e+09
   6058000   37379.143      3.878327e-07   9.8634344e-12  3.8782284e-07  2.9263687e+09
   6059000   37378.771      3.878327e-07   1.3722805e-11  3.8781898e-07  2.9264013e+09
   6060000   37379.04       3.878327e-07   1.0933465e-11  3.8782177e-07  2.9263885e+09
   6061000   37379.313      3.878327e-07   8.0999006e-12  3.878246e-07   2.9263391e+09
   6062000   37378.75       3.878327e-07   1.3942153e-11  3.8781876e-07  2.9264007e+09
   6063000   37379.22       3.878327e-07   9.0655965e-12  3.8782363e-07  2.9263525e+09
   6064000   37379.541      3.878327e-07   5.7315672e-12  3.8782697e-07  2.9263178e+09
   6065000   37378.353      3.878327e-07   1.8055156e-11  3.8781464e-07  2.9264357e+09
   6066000   37379.072      3.878327e-07   1.0601113e-11  3.878221e-07   2.9263658e+09
   6067000   37378.735      3.878327e-07   1.4097302e-11  3.878186e-07   2.9264062e+09
   6068000   37378.648      3.878327e-07   1.4997903e-11  3.878177e-07   2.9264048e+09
   6069000   37379.248      3.878327e-07   8.7774092e-12  3.8782392e-07  2.9263673e+09
   6070000   37378.516      3.878327e-07   1.6364663e-11  3.8781633e-07  2.9264217e+09
   6071000   37377.332      3.8783271e-07  2.8656514e-11  3.8780405e-07  2.926415e+09 
   6072000   37378.548      3.878327e-07   1.6036243e-11  3.8781666e-07  2.9264179e+09
   6073000   37379.205      3.878327e-07   9.2161997e-12  3.8782348e-07  2.9263647e+09
   6074000   37378.618      3.878327e-07   1.5314378e-11  3.8781739e-07  2.926457e+09 
   6075000   37378.074      3.878327e-07   2.0949884e-11  3.8781175e-07  2.9264316e+09
   6076000   37378.314      3.878327e-07   1.8468538e-11  3.8781423e-07  2.9264054e+09
   6077000   37379.012      3.878327e-07   1.1225757e-11  3.8782147e-07  2.9263755e+09
   6078000   37378.861      3.878327e-07   1.2789109e-11  3.8781991e-07  2.9263815e+09
   6079000   37378.129      3.878327e-07   2.0380422e-11  3.8781232e-07  2.9264359e+09
   6080000   37377.855      3.878327e-07   2.3222395e-11  3.8780948e-07  2.9264406e+09
   6081000   37379.41       3.878327e-07   7.0964366e-12  3.878256e-07   2.926322e+09 
   6082000   37377.675      3.878327e-07   2.5097374e-11  3.878076e-07   2.9264919e+09
   6083000   37378.85       3.878327e-07   1.2900717e-11  3.878198e-07   2.9263951e+09
   6084000   37378.876      3.878327e-07   1.2627669e-11  3.8782007e-07  2.926376e+09 
   6085000   37379.035      3.878327e-07   1.0985694e-11  3.8782171e-07  2.9263699e+09
   6086000   37377.745      3.878327e-07   2.4364239e-11  3.8780833e-07  2.9264667e+09
   6087000   37378.813      3.878327e-07   1.328897e-11   3.8781941e-07  2.9263945e+09
   6088000   37378.742      3.878327e-07   1.4022812e-11  3.8781868e-07  2.9263972e+09
   6089000   37378.636      3.878327e-07   1.5118624e-11  3.8781758e-07  2.9264034e+09
   6090000   37378.302      3.878327e-07   1.8589031e-11  3.8781411e-07  2.9264283e+09
   6091000   37379.025      3.878327e-07   1.1083062e-11  3.8782162e-07  2.9263745e+09
   6092000   37378.607      3.878327e-07   1.5422754e-11  3.8781728e-07  2.9263996e+09
   6093000   37378.293      3.878327e-07   1.8678112e-11  3.8781402e-07  2.9264063e+09
   6094000   37378.424      3.878327e-07   1.7317538e-11  3.8781538e-07  2.9264381e+09
   6095000   37378.268      3.878327e-07   1.8937464e-11  3.8781376e-07  2.9264384e+09
   6096000   37379.32       3.878327e-07   8.0218594e-12  3.8782468e-07  2.9263533e+09
   6097000   37378.75       3.878327e-07   1.39365e-11    3.8781876e-07  2.9263599e+09
   6098000   37377.124      3.878327e-07   3.0811223e-11  3.8780189e-07  2.9264894e+09
   6099000   37379.441      3.878327e-07   6.7710589e-12  3.8782593e-07  2.9263311e+09
   6100000   37378.296      3.878327e-07   1.8655671e-11  3.8781404e-07  2.9264119e+09
   6101000   37378.92       3.878327e-07   1.2176343e-11  3.8782052e-07  2.926385e+09 
   6102000   37378.915      3.878327e-07   1.2224284e-11  3.8782047e-07  2.9263949e+09
   6103000   37379.172      3.878327e-07   9.5568162e-12  3.8782314e-07  2.9263646e+09
   6104000   37378.43       3.878327e-07   1.7264334e-11  3.8781543e-07  2.9264393e+09
   6105000   37378.379      3.878327e-07   1.7794838e-11  3.8781491e-07  2.9263783e+09
   6106000   37379.635      3.878327e-07   4.7615544e-12  3.8782794e-07  2.9263096e+09
   6107000   37378.875      3.878327e-07   1.264007e-11   3.8782006e-07  2.9263884e+09
   6108000   37378.313      3.878327e-07   1.8475629e-11  3.8781422e-07  2.9264173e+09
   6109000   37379.213      3.878327e-07   9.1336021e-12  3.8782357e-07  2.9263662e+09
   6110000   37379.166      3.878327e-07   9.6247103e-12  3.8782307e-07  2.9263559e+09
   6111000   37379.293      3.878327e-07   8.3035952e-12  3.878244e-07   2.9263454e+09
   6112000   37378.812      3.878327e-07   1.329157e-11   3.8781941e-07  2.9264048e+09
   6113000   37378.286      3.878327e-07   1.8747449e-11  3.8781395e-07  2.9264145e+09
   6114000   37378.445      3.878327e-07   1.710974e-11   3.8781559e-07  2.9264079e+09
   6115000   37379.515      3.878327e-07   6.0061431e-12  3.8782669e-07  2.9263189e+09
   6116000   37379.192      3.878327e-07   9.3538899e-12  3.8782334e-07  2.9263588e+09
   6117000   37378.949      3.878327e-07   1.1870613e-11  3.8782083e-07  2.9263892e+09
   6118000   37377.896      3.8783271e-07  2.2801936e-11  3.878099e-07   2.9264342e+09
   6119000   37378.59       3.878327e-07   1.5603974e-11  3.878171e-07   2.9264196e+09
   6120000   37378.852      3.878327e-07   1.2883584e-11  3.8781982e-07  2.9263817e+09
   6121000   37379.363      3.878327e-07   7.5777545e-12  3.8782512e-07  2.9263422e+09
   6122000   37378.429      3.878327e-07   1.7272374e-11  3.8781543e-07  2.9264367e+09
   6123000   37379.113      3.878327e-07   1.0170368e-11  3.8782253e-07  2.9263614e+09
   6124000   37378.052      3.8783269e-07  2.1178458e-11  3.8781151e-07  2.9264198e+09
   6125000   37378.802      3.878327e-07   1.3395894e-11  3.878193e-07   2.9264009e+09
   6126000   37377.768      3.878327e-07   2.4131942e-11  3.8780857e-07  2.9264508e+09
   6127000   37379.128      3.878327e-07   1.0021583e-11  3.8782268e-07  2.9263685e+09
   6128000   37379.019      3.878327e-07   1.1148586e-11  3.8782155e-07  2.9263719e+09
   6129000   37377.253      3.8783271e-07  2.9480931e-11  3.8780323e-07  2.926443e+09 
   6130000   37377.967      3.878327e-07   2.2062925e-11  3.8781063e-07  2.9264438e+09
   6131000   37377.849      3.878327e-07   2.3285783e-11  3.8780941e-07  2.9264581e+09
   6132000   37378.923      3.878327e-07   1.21411e-11    3.8782056e-07  2.9263989e+09
   6133000   37379.202      3.878327e-07   9.2458747e-12  3.8782345e-07  2.9263636e+09
   6134000   37379.207      3.878327e-07   9.1998301e-12  3.878235e-07   2.9263544e+09
   6135000   37379.069      3.878327e-07   1.0630979e-11  3.8782207e-07  2.9263607e+09
   6136000   37379.068      3.878327e-07   1.0639004e-11  3.8782206e-07  2.9263791e+09
   6137000   37379.193      3.878327e-07   9.3394167e-12  3.8782336e-07  2.9263687e+09
   6138000   37379.263      3.878327e-07   8.6199247e-12  3.8782408e-07  2.9263653e+09
   6139000   37377.434      3.878327e-07   2.7598969e-11  3.878051e-07   2.926518e+09 
   6140000   37378.765      3.878327e-07   1.3786648e-11  3.8781891e-07  2.9264146e+09
   6141000   37379.51       3.878327e-07   6.0567712e-12  3.8782664e-07  2.9263221e+09
   6142000   37378.737      3.878327e-07   1.4077978e-11  3.8781862e-07  2.9263885e+09
   6143000   37379.188      3.878327e-07   9.3961404e-12  3.878233e-07   2.9263502e+09
   6144000   37378.584      3.878327e-07   1.5657582e-11  3.8781704e-07  2.92642e+09  
   6145000   37377.35       3.878327e-07   2.8457167e-11  3.8780424e-07  2.9264922e+09
   6146000   37378.115      3.878327e-07   2.0531245e-11  3.8781217e-07  2.9264833e+09
   6147000   37377.787      3.878327e-07   2.3928842e-11  3.8780877e-07  2.926479e+09 
   6148000   37378.915      3.878327e-07   1.2228968e-11  3.8782047e-07  2.9263967e+09
   6149000   37378.115      3.878327e-07   2.0529918e-11  3.8781217e-07  2.9264278e+09
   6150000   37378.28       3.8783269e-07  1.8805016e-11  3.8781388e-07  2.9263897e+09
   6151000   37377.824      3.878327e-07   2.3547321e-11  3.8780915e-07  2.9264786e+09
   6152000   37377.94       3.8783269e-07  2.2339766e-11  3.8781035e-07  2.9264416e+09
   6153000   37378.443      3.878327e-07   1.7129489e-11  3.8781557e-07  2.9264183e+09
   6154000   37379.268      3.878327e-07   8.5658679e-12  3.8782413e-07  2.9263532e+09
   6155000   37378.942      3.878327e-07   1.1946247e-11  3.8782075e-07  2.9263896e+09
   6156000   37379.401      3.878327e-07   7.1872431e-12  3.8782551e-07  2.9263387e+09
   6157000   37378.728      3.878327e-07   1.4163898e-11  3.8781854e-07  2.9264003e+09
   6158000   37378.4        3.878327e-07   1.7567875e-11  3.8781513e-07  2.9264213e+09
   6159000   37378.834      3.878327e-07   1.3071914e-11  3.8781963e-07  2.9263921e+09
   6160000   37378.012      3.878327e-07   2.1593453e-11  3.878111e-07   2.9264562e+09
   6161000   37378.721      3.878327e-07   1.4239639e-11  3.8781846e-07  2.9264156e+09
   6162000   37377.918      3.878327e-07   2.2571737e-11  3.8781013e-07  2.9264781e+09
   6163000   37377.761      3.878327e-07   2.4197628e-11  3.878085e-07   2.9264569e+09
   6164000   37378.77       3.878327e-07   1.372871e-11   3.8781897e-07  2.9263793e+09
   6165000   37378.766      3.878327e-07   1.3769579e-11  3.8781893e-07  2.9264101e+09
   6166000   37378.975      3.8783269e-07  1.1596655e-11  3.878211e-07   2.9263758e+09
   6167000   37377.414      3.878327e-07   2.7798427e-11  3.878049e-07   2.9265107e+09
   6168000   37378.517      3.8783269e-07  1.6345944e-11  3.8781634e-07  2.9264115e+09
   6169000   37378.652      3.878327e-07   1.4956028e-11  3.8781774e-07  2.9264121e+09
   6170000   37379.054      3.878327e-07   1.0783128e-11  3.8782192e-07  2.9263726e+09
   6171000   37379.004      3.878327e-07   1.1303616e-11  3.878214e-07   2.9263697e+09
   6172000   37378.805      3.878327e-07   1.3370086e-11  3.8781933e-07  2.926382e+09 
   6173000   37378.688      3.878327e-07   1.4579785e-11  3.8781812e-07  2.9263953e+09
   6174000   37377.317      3.878327e-07   2.8813297e-11  3.8780389e-07  2.9264648e+09
   6175000   37378.187      3.878327e-07   1.9778462e-11  3.8781292e-07  2.926482e+09 
   6176000   37379.021      3.878327e-07   1.1127809e-11  3.8782157e-07  2.9263734e+09
   6177000   37378.605      3.878327e-07   1.5435056e-11  3.8781726e-07  2.9264188e+09
   6178000   37377.695      3.878327e-07   2.4883477e-11  3.8780782e-07  2.9264537e+09
   6179000   37379.437      3.878327e-07   6.8157204e-12  3.8782588e-07  2.9263321e+09
   6180000   37378.659      3.878327e-07   1.4878745e-11  3.8781782e-07  2.9264139e+09
   6181000   37379.467      3.878327e-07   6.4956299e-12  3.878262e-07   2.9263326e+09
   6182000   37376.933      3.878327e-07   3.2792679e-11  3.8779991e-07  2.9265533e+09
   6183000   37379.516      3.878327e-07   5.9965684e-12  3.878267e-07   2.9263278e+09
   6184000   37379.113      3.878327e-07   1.0169328e-11  3.8782253e-07  2.9263676e+09
   6185000   37379.076      3.878327e-07   1.0555232e-11  3.8782214e-07  2.9263734e+09
   6186000   37379.494      3.878327e-07   6.2199001e-12  3.8782648e-07  2.9263223e+09
   6187000   37378.041      3.878327e-07   2.1294513e-11  3.8781141e-07  2.9264298e+09
   6188000   37377.855      3.878327e-07   2.3227971e-11  3.8780947e-07  2.9264524e+09
   6189000   37377.439      3.878327e-07   2.7540918e-11  3.8780516e-07  2.9264885e+09
   6190000   37378.951      3.878327e-07   1.1852249e-11  3.8782085e-07  2.9263727e+09
   6191000   37379.689      3.878327e-07   4.2021593e-12  3.878285e-07   2.9263073e+09
   6192000   37379.438      3.878327e-07   6.8071811e-12  3.8782589e-07  2.926331e+09 
   6193000   37379.026      3.878327e-07   1.1072344e-11  3.8782163e-07  2.9263576e+09
   6194000   37378.739      3.878327e-07   1.4056906e-11  3.8781864e-07  2.9263976e+09
   6195000   37378.473      3.878327e-07   1.6815027e-11  3.8781588e-07  2.9263887e+09
   6196000   37378.438      3.878327e-07   1.7175565e-11  3.8781552e-07  2.9264194e+09
   6197000   37379.27       3.878327e-07   8.5455246e-12  3.8782415e-07  2.9263475e+09
   6198000   37378.764      3.878327e-07   1.3794186e-11  3.8781891e-07  2.9263862e+09
   6199000   37377.233      3.8783271e-07  2.968637e-11   3.8780302e-07  2.9265059e+09
   6200000   37377.407      3.878327e-07   2.7870263e-11  3.8780483e-07  2.9264966e+09
   6201000   37378.635      3.878327e-07   1.5131954e-11  3.8781757e-07  2.926438e+09 
   6202000   37378.92       3.878327e-07   1.2177892e-11  3.8782052e-07  2.9263863e+09
   6203000   37378.919      3.878327e-07   1.2183851e-11  3.8782051e-07  2.9263876e+09
   6204000   37378.73       3.878327e-07   1.4151692e-11  3.8781855e-07  2.9263954e+09
   6205000   37378.599      3.878327e-07   1.5505501e-11  3.8781719e-07  2.9263925e+09
   6206000   37378.891      3.878327e-07   1.2479644e-11  3.8782022e-07  2.9263943e+09
   6207000   37379.075      3.878327e-07   1.0573032e-11  3.8782213e-07  2.9263754e+09
   6208000   37378.718      3.878327e-07   1.4269428e-11  3.8781843e-07  2.9263998e+09
   6209000   37377.217      3.878327e-07   2.9837424e-11  3.8780286e-07  2.9265167e+09
   6210000   37378.536      3.878327e-07   1.6153038e-11  3.8781654e-07  2.9264107e+09
   6211000   37379.314      3.878327e-07   8.0866818e-12  3.8782461e-07  2.9263442e+09
   6212000   37378.336      3.878327e-07   1.8240394e-11  3.8781446e-07  2.9264001e+09
   6213000   37378.127      3.878327e-07   2.040519e-11   3.8781229e-07  2.9264626e+09
   6214000   37378.869      3.878327e-07   1.2709278e-11  3.8781999e-07  2.9263884e+09
   6215000   37378.268      3.878327e-07   1.8934139e-11  3.8781376e-07  2.9264478e+09
   6216000   37379.104      3.878327e-07   1.0267346e-11  3.8782243e-07  2.9263446e+09
   6217000   37376.43       3.8783271e-07  3.8015928e-11  3.8779469e-07  2.9265299e+09
   6218000   37378.809      3.878327e-07   1.3325228e-11  3.8781937e-07  2.9263927e+09
   6219000   37378.73       3.878327e-07   1.4148092e-11  3.8781855e-07  2.9263594e+09
   6220000   37378.637      3.878327e-07   1.5111093e-11  3.8781759e-07  2.9264072e+09
   6221000   37378.808      3.878327e-07   1.3337864e-11  3.8781936e-07  2.9263963e+09
   6222000   37379.53       3.878327e-07   5.8470976e-12  3.8782685e-07  2.926325e+09 
   6223000   37378.733      3.878327e-07   1.4112898e-11  3.8781858e-07  2.9263968e+09
   6224000   37378.347      3.878327e-07   1.8116456e-11  3.8781458e-07  2.9264137e+09
   6225000   37378.762      3.878327e-07   1.3821523e-11  3.8781888e-07  2.9263876e+09
   6226000   37379.053      3.878327e-07   1.0800558e-11  3.878219e-07   2.9263741e+09
   6227000   37379.717      3.878327e-07   3.9047477e-12  3.8782879e-07  2.9262944e+09
   6228000   37378.964      3.878327e-07   1.1715205e-11  3.8782098e-07  2.9263928e+09
   6229000   37379.635      3.878327e-07   4.754195e-12   3.8782795e-07  2.9263108e+09
   6230000   37379.059      3.878327e-07   1.0737618e-11  3.8782196e-07  2.9263814e+09
   6231000   37379.452      3.878327e-07   6.6539413e-12  3.8782605e-07  2.9263393e+09
   6232000   37379.388      3.878327e-07   7.3244638e-12  3.8782537e-07  2.9263443e+09
   6233000   37378.783      3.878327e-07   1.3599612e-11  3.878191e-07   2.9264116e+09
   6234000   37378.223      3.878327e-07   1.9412533e-11  3.8781329e-07  2.9264141e+09
   6235000   37379.471      3.878327e-07   6.4608856e-12  3.8782624e-07  2.9263355e+09
   6236000   37378.837      3.878327e-07   1.3034477e-11  3.8781967e-07  2.9264052e+09
   6237000   37378.435      3.878327e-07   1.7203107e-11  3.878155e-07   2.926432e+09 
   6238000   37378.764      3.878327e-07   1.3789777e-11  3.8781891e-07  2.9263855e+09
   6239000   37378.497      3.878327e-07   1.6563103e-11  3.8781614e-07  2.9264382e+09
   6240000   37376.914      3.8783269e-07  3.2986184e-11  3.8779971e-07  2.9265332e+09
   6241000   37378.839      3.878327e-07   1.3016409e-11  3.8781968e-07  2.9263853e+09
   6242000   37379.142      3.878327e-07   9.8755609e-12  3.8782282e-07  2.9263716e+09
   6243000   37378.694      3.8783269e-07  1.4512094e-11  3.8781818e-07  2.9263941e+09
   6244000   37379.047      3.878327e-07   1.0861176e-11  3.8782184e-07  2.9263779e+09
   6245000   37379.128      3.878327e-07   1.0015728e-11  3.8782268e-07  2.9263761e+09
   6246000   37379.27       3.878327e-07   8.5454058e-12  3.8782415e-07  2.9263546e+09
   6247000   37376.738      3.8783272e-07  3.4834606e-11  3.8779788e-07  2.9264344e+09
   6248000   37378.703      3.878327e-07   1.4427915e-11  3.8781827e-07  2.9263917e+09
   6249000   37378.38       3.878327e-07   1.778356e-11   3.8781492e-07  2.9264174e+09
   6250000   37379.11       3.878327e-07   1.0204931e-11  3.8782249e-07  2.9263684e+09
   6251000   37378.728      3.878327e-07   1.4169382e-11  3.8781853e-07  2.9263985e+09
   6252000   37377.424      3.878327e-07   2.769823e-11   3.87805e-07    2.9265011e+09
   6253000   37378.608      3.878327e-07   1.5412271e-11  3.8781729e-07  2.9264073e+09
   6254000   37379.193      3.878327e-07   9.3411642e-12  3.8782336e-07  2.92636e+09  
   6255000   37378.728      3.878327e-07   1.4170693e-11  3.8781853e-07  2.9264178e+09
   6256000   37378.486      3.878327e-07   1.6683296e-11  3.8781602e-07  2.9263955e+09
   6257000   37378.817      3.878327e-07   1.3239759e-11  3.8781946e-07  2.9264012e+09
   6258000   37378.797      3.878327e-07   1.3447113e-11  3.8781925e-07  2.9264085e+09
   6259000   37379.374      3.878327e-07   7.4649088e-12  3.8782523e-07  2.9263466e+09
   6260000   37379.328      3.878327e-07   7.9423403e-12  3.8782476e-07  2.926344e+09 
   6261000   37378.787      3.878327e-07   1.3559452e-11  3.8781914e-07  2.9263949e+09
   6262000   37378.829      3.878327e-07   1.3113036e-11  3.8781958e-07  2.9263613e+09
   6263000   37378.679      3.878327e-07   1.4671835e-11  3.8781803e-07  2.926403e+09 
   6264000   37378.871      3.878327e-07   1.2682082e-11  3.8782002e-07  2.9263939e+09
   6265000   37379.422      3.878327e-07   6.9666979e-12  3.8782573e-07  2.9263325e+09
   6266000   37379.47       3.878327e-07   6.4678796e-12  3.8782623e-07  2.9263327e+09
   6267000   37379.193      3.878327e-07   9.3402115e-12  3.8782336e-07  2.9263533e+09
   6268000   37378.637      3.878327e-07   1.5106589e-11  3.8781759e-07  2.926396e+09 
   6269000   37378.914      3.878327e-07   1.2234768e-11  3.8782047e-07  2.9263893e+09
   6270000   37378.826      3.878327e-07   1.3154528e-11  3.8781954e-07  2.9263759e+09
   6271000   37378.169      3.878327e-07   1.9968111e-11  3.8781273e-07  2.9264644e+09
   6272000   37377.886      3.878327e-07   2.2906139e-11  3.878098e-07   2.9264517e+09
   6273000   37378.336      3.878327e-07   1.8227428e-11  3.8781447e-07  2.9264145e+09
   6274000   37378.409      3.8783271e-07  1.7488328e-11  3.8781522e-07  2.9263989e+09
   6275000   37376.835      3.878327e-07   3.3810899e-11  3.8779889e-07  2.9264735e+09
   6276000   37379.168      3.878327e-07   9.6043297e-12  3.878231e-07   2.9263597e+09
   6277000   37377.447      3.878327e-07   2.7458813e-11  3.8780524e-07  2.9264934e+09
   6278000   37378.75       3.878327e-07   1.3940258e-11  3.8781876e-07  2.9264166e+09
   6279000   37378.733      3.878327e-07   1.4116725e-11  3.8781858e-07  2.9263993e+09
   6280000   37379.626      3.878327e-07   4.8562583e-12  3.8782784e-07  2.9263125e+09
   6281000   37379.608      3.878327e-07   5.0392292e-12  3.8782766e-07  2.9263175e+09
   6282000   37379.037      3.878327e-07   1.0961404e-11  3.8782174e-07  2.9263801e+09
   6283000   37378.972      3.878327e-07   1.163565e-11   3.8782106e-07  2.9263852e+09
   6284000   37378.499      3.878327e-07   1.6539982e-11  3.8781616e-07  2.9264157e+09
   6285000   37378.394      3.878327e-07   1.7629329e-11  3.8781507e-07  2.9264366e+09
   6286000   37378.573      3.878327e-07   1.5773263e-11  3.8781693e-07  2.9264092e+09
   6287000   37377.928      3.878327e-07   2.2469814e-11  3.8781023e-07  2.9264349e+09
   6288000   37378.33       3.878327e-07   1.8298738e-11  3.878144e-07   2.9264322e+09
   6289000   37378.378      3.878327e-07   1.7798045e-11  3.878149e-07   2.9264403e+09
   6290000   37378.45       3.878327e-07   1.7051029e-11  3.8781565e-07  2.9264179e+09
   6291000   37377.331      3.8783271e-07  2.8674442e-11  3.8780404e-07  2.9264225e+09
   6292000   37378.758      3.878327e-07   1.3854924e-11  3.8781884e-07  2.9264019e+09
   6293000   37376.583      3.8783271e-07  3.6429918e-11  3.8779628e-07  2.92656e+09  
   6294000   37378.688      3.878327e-07   1.4581806e-11  3.8781812e-07  2.9264145e+09
   6295000   37378.05       3.878327e-07   2.1207011e-11  3.878115e-07   2.926403e+09 
   6296000   37378.803      3.878327e-07   1.3392002e-11  3.8781931e-07  2.9263628e+09
   6297000   37378.174      3.878327e-07   1.9918998e-11  3.8781278e-07  2.9264645e+09
   6298000   37379.195      3.878327e-07   9.3250497e-12  3.8782337e-07  2.9263619e+09
   6299000   37379.388      3.878327e-07   7.3198979e-12  3.8782538e-07  2.9263399e+09
   6300000   37378.876      3.878327e-07   1.2636314e-11  3.8782006e-07  2.9263968e+09
   6301000   37378.743      3.878327e-07   1.4013901e-11  3.8781869e-07  2.9263816e+09
   6302000   37378.89       3.878327e-07   1.2486422e-11  3.8782021e-07  2.9263956e+09
   6303000   37376.181      3.878327e-07   4.0592965e-11  3.8779211e-07  2.9265116e+09
   6304000   37378.932      3.878327e-07   1.2056764e-11  3.8782064e-07  2.9263875e+09
   6305000   37377.595      3.878327e-07   2.5922859e-11  3.8780678e-07  2.926466e+09 
   6306000   37378.87       3.878327e-07   1.2694858e-11  3.8782e-07     2.9264157e+09
   6307000   37378.685      3.878327e-07   1.4614835e-11  3.8781809e-07  2.9264031e+09
   6308000   37379.403      3.878327e-07   7.1638846e-12  3.8782554e-07  2.9263425e+09
   6309000   37378.126      3.878327e-07   2.0420599e-11  3.8781228e-07  2.926402e+09 
   6310000   37378.848      3.878327e-07   1.2922255e-11  3.8781978e-07  2.9263817e+09
   6311000   37378.748      3.878327e-07   1.3961291e-11  3.8781874e-07  2.9264335e+09
   6312000   37376.949      3.878327e-07   3.2625725e-11  3.8780008e-07  2.926518e+09 
   6313000   37379.318      3.878327e-07   8.042909e-12   3.8782466e-07  2.9263545e+09
   6314000   37379.298      3.878327e-07   8.2489709e-12  3.8782445e-07  2.9263553e+09
   6315000   37379.057      3.878327e-07   1.0756993e-11  3.8782194e-07  2.9263753e+09
   6316000   37378.498      3.878327e-07   1.6551609e-11  3.8781615e-07  2.9264349e+09
   6317000   37376.54       3.878327e-07   3.6872064e-11  3.8779583e-07  2.926576e+09 
   6318000   37378.621      3.878327e-07   1.5273689e-11  3.8781742e-07  2.9264151e+09
   6319000   37378.547      3.878327e-07   1.6046669e-11  3.8781665e-07  2.9264264e+09
   6320000   37378.348      3.878327e-07   1.8103309e-11  3.8781459e-07  2.9263983e+09
   6321000   37378.951      3.878327e-07   1.1855631e-11  3.8782084e-07  2.9263839e+09
   6322000   37378.985      3.878327e-07   1.1506231e-11  3.8782119e-07  2.9263685e+09
   6323000   37378.445      3.878327e-07   1.7112667e-11  3.8781559e-07  2.926405e+09 
   6324000   37379.23       3.878327e-07   8.9626661e-12  3.8782374e-07  2.9263693e+09
   6325000   37377.716      3.8783269e-07  2.4656488e-11  3.8780804e-07  2.9264303e+09
   6326000   37378.582      3.878327e-07   1.5678926e-11  3.8781702e-07  2.9264034e+09
   6327000   37379.489      3.878327e-07   6.2774553e-12  3.8782642e-07  2.9263336e+09
   6328000   37377.303      3.8783269e-07  2.8951212e-11  3.8780374e-07  2.926474e+09 
   6329000   37378.441      3.878327e-07   1.7144729e-11  3.8781555e-07  2.926441e+09 
   6330000   37379.015      3.878327e-07   1.1188945e-11  3.8782151e-07  2.9263759e+09
   6331000   37379.188      3.878327e-07   9.3953793e-12  3.878233e-07   2.9263506e+09
   6332000   37377.475      3.8783268e-07  2.7153863e-11  3.8780553e-07  2.926447e+09 
   6333000   37378.902      3.878327e-07   1.2364743e-11  3.8782033e-07  2.9263882e+09
   6334000   37378.276      3.878327e-07   1.8850181e-11  3.8781385e-07  2.9264409e+09
   6335000   37378.622      3.878327e-07   1.5266536e-11  3.8781743e-07  2.9263942e+09
   6336000   37379.141      3.878327e-07   9.8848494e-12  3.8782282e-07  2.9263493e+09
   6337000   37376.387      3.8783272e-07  3.8479322e-11  3.8779424e-07  2.9264985e+09
   6338000   37378.749      3.878327e-07   1.3950382e-11  3.8781875e-07  2.9264004e+09
   6339000   37379.251      3.878327e-07   8.7430337e-12  3.8782396e-07  2.9263502e+09
   6340000   37378.582      3.878327e-07   1.5683894e-11  3.8781702e-07  2.9264294e+09
   6341000   37379.289      3.8783269e-07  8.3470629e-12  3.8782435e-07  2.9263384e+09
   6342000   37378.825      3.878327e-07   1.3161748e-11  3.8781954e-07  2.926391e+09 
   6343000   37378.819      3.878327e-07   1.3221288e-11  3.8781948e-07  2.9263842e+09
   6344000   37378.888      3.878327e-07   1.2507723e-11  3.8782019e-07  2.9263974e+09
   6345000   37377.977      3.878327e-07   2.1954696e-11  3.8781074e-07  2.9264521e+09
   6346000   37379.163      3.878327e-07   9.6536221e-12  3.8782305e-07  2.9263586e+09
   6347000   37378.212      3.878327e-07   1.9522951e-11  3.8781318e-07  2.9264257e+09
   6348000   37378.742      3.878327e-07   1.402093e-11   3.8781868e-07  2.9263823e+09
   6349000   37378.349      3.878327e-07   1.8091871e-11  3.878146e-07   2.9264256e+09
   6350000   37378.945      3.878327e-07   1.1913628e-11  3.8782079e-07  2.9263841e+09
   6351000   37379.618      3.878327e-07   4.9382419e-12  3.8782776e-07  2.9263142e+09
   6352000   37378.8        3.878327e-07   1.3420473e-11  3.8781928e-07  2.9263969e+09
   6353000   37378.368      3.878327e-07   1.7906933e-11  3.878148e-07   2.9264093e+09
   6354000   37378.954      3.878327e-07   1.1820573e-11  3.8782088e-07  2.9263936e+09
   6355000   37378.945      3.878327e-07   1.1911692e-11  3.8782079e-07  2.9263872e+09
   6356000   37379.002      3.878327e-07   1.132609e-11   3.8782137e-07  2.9263808e+09
   6357000   37379.474      3.878327e-07   6.4257467e-12  3.8782627e-07  2.9263377e+09
   6358000   37379.019      3.878327e-07   1.1145999e-11  3.8782155e-07  2.9263671e+09
   6359000   37377.921      3.878327e-07   2.2535801e-11  3.8781016e-07  2.926466e+09 
   6360000   37378.538      3.878327e-07   1.6144745e-11  3.8781656e-07  2.9264338e+09
   6361000   37378.492      3.878327e-07   1.6618413e-11  3.8781608e-07  2.9264215e+09
   6362000   37378.67       3.878327e-07   1.477516e-11   3.8781793e-07  2.9264046e+09
   6363000   37378.988      3.878327e-07   1.1471933e-11  3.8782123e-07  2.9263765e+09
   6364000   37378.863      3.878327e-07   1.276927e-11   3.8781993e-07  2.9264025e+09
   6365000   37378.056      3.878327e-07   2.1133923e-11  3.8781156e-07  2.9264975e+09
   6366000   37379.323      3.878327e-07   7.9916041e-12  3.8782471e-07  2.9263473e+09
   6367000   37379.257      3.878327e-07   8.6792202e-12  3.8782402e-07  2.9263719e+09
   6368000   37378.495      3.878327e-07   1.6580788e-11  3.8781612e-07  2.9264203e+09
   6369000   37378.301      3.878327e-07   1.8604138e-11  3.878141e-07   2.926426e+09 
   6370000   37378.722      3.878327e-07   1.4226825e-11  3.8781847e-07  2.9264111e+09
   6371000   37379.098      3.878327e-07   1.0331931e-11  3.8782237e-07  2.9263828e+09
   6372000   37378.564      3.878327e-07   1.5866577e-11  3.8781683e-07  2.9264125e+09
   6373000   37379.239      3.878327e-07   8.8618295e-12  3.8782384e-07  2.926356e+09 
   6374000   37378.549      3.878327e-07   1.6026253e-11  3.8781667e-07  2.9264252e+09
   6375000   37379.19       3.878327e-07   9.3764396e-12  3.8782332e-07  2.9263604e+09
   6376000   37378.179      3.878327e-07   1.9863433e-11  3.8781283e-07  2.9264293e+09
   6377000   37378.202      3.878327e-07   1.9623589e-11  3.8781308e-07  2.9264219e+09
   6378000   37378.496      3.878327e-07   1.6577789e-11  3.8781612e-07  2.9264272e+09
   6379000   37378.941      3.878327e-07   1.1960911e-11  3.8782074e-07  2.9263808e+09
   6380000   37379.437      3.878327e-07   6.8131638e-12  3.8782589e-07  2.9263326e+09
   6381000   37379.286      3.878327e-07   8.3837033e-12  3.8782432e-07  2.9263465e+09
   6382000   37379.242      3.878327e-07   8.835479e-12   3.8782386e-07  2.9263428e+09
   6383000   37378.975      3.878327e-07   1.160406e-11   3.878211e-07   2.9263738e+09
   6384000   37378.53       3.878327e-07   1.6222805e-11  3.8781648e-07  2.9264262e+09
   6385000   37378.272      3.878327e-07   1.8898522e-11  3.878138e-07   2.9264482e+09
   6386000   37379.527      3.878327e-07   5.8738486e-12  3.8782683e-07  2.9263133e+09
   6387000   37379.513      3.878327e-07   6.0223488e-12  3.8782668e-07  2.9263294e+09
   6388000   37378.007      3.8783269e-07  2.1639272e-11  3.8781105e-07  2.926448e+09 
   6389000   37378.539      3.878327e-07   1.6130282e-11  3.8781657e-07  2.9264178e+09
   6390000   37378.449      3.878327e-07   1.7063522e-11  3.8781564e-07  2.9264247e+09
   6391000   37379.107      3.878327e-07   1.023334e-11   3.8782247e-07  2.9263563e+09
   6392000   37379.266      3.878327e-07   8.5853086e-12  3.8782411e-07  2.9263553e+09
   6393000   37379.082      3.878327e-07   1.0496477e-11  3.878222e-07   2.9263693e+09
   6394000   37379.168      3.878327e-07   9.6014192e-12  3.878231e-07   2.9263568e+09
   6395000   37378.198      3.878327e-07   1.9664312e-11  3.8781303e-07  2.9264355e+09
   6396000   37378.521      3.878327e-07   1.6311004e-11  3.8781639e-07  2.9264246e+09
   6397000   37378.527      3.878327e-07   1.6254831e-11  3.8781644e-07  2.9264324e+09
   6398000   37377.087      3.878327e-07   3.1191074e-11  3.878015e-07   2.9265193e+09
   6399000   37377.979      3.878327e-07   2.1946667e-11  3.8781076e-07  2.9264289e+09
   6400000   37377.954      3.878327e-07   2.2200274e-11  3.878105e-07   2.9264817e+09
   6401000   37378.225      3.878327e-07   1.9386155e-11  3.8781331e-07  2.9264352e+09
   6402000   37378.157      3.878327e-07   2.0093509e-11  3.878126e-07   2.9264445e+09
   6403000   37378.794      3.878327e-07   1.3478867e-11  3.8781922e-07  2.9263977e+09
   6404000   37378.749      3.878327e-07   1.3952691e-11  3.8781875e-07  2.9263992e+09
   6405000   37378.267      3.878327e-07   1.8954221e-11  3.8781375e-07  2.9264487e+09
   6406000   37378.926      3.878327e-07   1.2114729e-11  3.8782058e-07  2.9263737e+09
   6407000   37378.145      3.8783269e-07  2.0210544e-11  3.8781248e-07  2.9264548e+09
   6408000   37378.879      3.878327e-07   1.2604486e-11  3.878201e-07   2.9263727e+09
   6409000   37378.165      3.878327e-07   2.000816e-11   3.8781269e-07  2.9264212e+09
   6410000   37378.877      3.878327e-07   1.2624014e-11  3.8782008e-07  2.9263812e+09
   6411000   37378.782      3.878327e-07   1.3601362e-11  3.878191e-07   2.9263926e+09
   6412000   37378.491      3.878327e-07   1.6624296e-11  3.8781607e-07  2.9264259e+09
   6413000   37378.065      3.878327e-07   2.1049061e-11  3.8781165e-07  2.9264677e+09
   6414000   37378.811      3.878327e-07   1.3304755e-11  3.8781939e-07  2.9263977e+09
   6415000   37378.848      3.878327e-07   1.2919412e-11  3.8781978e-07  2.9263864e+09
   6416000   37378.612      3.878327e-07   1.5369362e-11  3.8781733e-07  2.926409e+09 
   6417000   37378.8        3.878327e-07   1.341835e-11   3.8781928e-07  2.9264036e+09
   6418000   37378.942      3.878327e-07   1.1947557e-11  3.8782075e-07  2.9263905e+09
   6419000   37378.829      3.878327e-07   1.3123207e-11  3.8781958e-07  2.926381e+09 
   6420000   37378.47       3.878327e-07   1.6848725e-11  3.8781585e-07  2.9264006e+09
   6421000   37379.255      3.878327e-07   8.6995768e-12  3.87824e-07    2.9263496e+09
   6422000   37378.277      3.878327e-07   1.8844827e-11  3.8781386e-07  2.926403e+09 
   6423000   37378.489      3.878327e-07   1.6642841e-11  3.8781606e-07  2.9264141e+09
   6424000   37378.14       3.878327e-07   2.027006e-11   3.8781243e-07  2.9264437e+09
   6425000   37378.896      3.878327e-07   1.2421044e-11  3.8782028e-07  2.9263907e+09
   6426000   37378.615      3.878327e-07   1.5343374e-11  3.8781736e-07  2.926359e+09 
   6427000   37378.773      3.878327e-07   1.3699159e-11  3.87819e-07    2.9263762e+09
   6428000   37378.887      3.878327e-07   1.2518105e-11  3.8782018e-07  2.9264046e+09
   6429000   37378.616      3.878327e-07   1.5326063e-11  3.8781737e-07  2.9264125e+09
   6430000   37378.912      3.878327e-07   1.2254892e-11  3.8782044e-07  2.9263929e+09
   6431000   37379.423      3.878327e-07   6.9577655e-12  3.8782574e-07  2.9263337e+09
   6432000   37378.935      3.878327e-07   1.2012896e-11  3.8782068e-07  2.9263958e+09
   6433000   37378.458      3.878327e-07   1.6969626e-11  3.8781573e-07  2.9264342e+09
   6434000   37378.407      3.878327e-07   1.7496276e-11  3.878152e-07   2.926439e+09 
   6435000   37378.339      3.878327e-07   1.8206105e-11  3.8781449e-07  2.9264414e+09
   6436000   37378.692      3.878327e-07   1.4541812e-11  3.8781816e-07  2.9264174e+09
   6437000   37378.452      3.878327e-07   1.7032545e-11  3.8781567e-07  2.9264296e+09
   6438000   37378.969      3.878327e-07   1.1666041e-11  3.8782103e-07  2.9263795e+09
   6439000   37378.921      3.878327e-07   1.2164165e-11  3.8782054e-07  2.9263882e+09
   6440000   37379.351      3.878327e-07   7.7073862e-12  3.8782499e-07  2.9263357e+09
   6441000   37377.147      3.878327e-07   3.0571158e-11  3.8780213e-07  2.9265236e+09
   6442000   37378.87       3.878327e-07   1.2696152e-11  3.8782e-07     2.9264047e+09
   6443000   37379.453      3.878327e-07   6.6451848e-12  3.8782605e-07  2.926341e+09 
   6444000   37378.857      3.878327e-07   1.2826032e-11  3.8781987e-07  2.9263873e+09
   6445000   37379.246      3.878327e-07   8.7969261e-12  3.878239e-07   2.9263571e+09
   6446000   37379.116      3.878327e-07   1.0140689e-11  3.8782256e-07  2.9263662e+09
   6447000   37378.988      3.878327e-07   1.1472587e-11  3.8782123e-07  2.9263759e+09
   6448000   37378.76       3.878327e-07   1.3834514e-11  3.8781886e-07  2.9263951e+09
   6449000   37378.78       3.878327e-07   1.3628346e-11  3.8781907e-07  2.9263858e+09
   6450000   37379.061      3.878327e-07   1.0710305e-11  3.8782199e-07  2.9263619e+09
   6451000   37379.234      3.878327e-07   8.9173901e-12  3.8782378e-07  2.9263532e+09
   6452000   37379.233      3.878327e-07   8.9304143e-12  3.8782377e-07  2.9263608e+09
   6453000   37378.419      3.878327e-07   1.7376988e-11  3.8781533e-07  2.9263845e+09
   6454000   37377.817      3.878327e-07   2.3620676e-11  3.8780908e-07  2.9265084e+09
   6455000   37378.917      3.878327e-07   1.2202581e-11  3.878205e-07   2.9263937e+09
   6456000   37379.053      3.878327e-07   1.0796183e-11  3.878219e-07   2.9263582e+09
   6457000   37379.465      3.878327e-07   6.5200882e-12  3.8782618e-07  2.9263267e+09
   6458000   37378.645      3.878327e-07   1.5024558e-11  3.8781768e-07  2.9264078e+09
   6459000   37378.673      3.878327e-07   1.4741096e-11  3.8781796e-07  2.9264205e+09
   6460000   37378.808      3.878327e-07   1.3333407e-11  3.8781936e-07  2.9263765e+09
   6461000   37378.722      3.878327e-07   1.4228515e-11  3.8781847e-07  2.9263955e+09
   6462000   37378.744      3.8783269e-07  1.3994042e-11  3.8781869e-07  2.9263822e+09
   6463000   37378.307      3.878327e-07   1.8535209e-11  3.8781416e-07  2.9264056e+09
   6464000   37378.955      3.878327e-07   1.1808744e-11  3.8782089e-07  2.9263876e+09
   6465000   37377.179      3.8783269e-07  3.0231048e-11  3.8780246e-07  2.9264611e+09
   6466000   37378.884      3.878327e-07   1.2546398e-11  3.8782015e-07  2.9263912e+09
   6467000   37378.89       3.878327e-07   1.2484757e-11  3.8782022e-07  2.926383e+09 
   6468000   37378.302      3.878327e-07   1.8586907e-11  3.8781411e-07  2.9264517e+09
   6469000   37378.921      3.878327e-07   1.2161222e-11  3.8782054e-07  2.9263965e+09
   6470000   37379.012      3.878327e-07   1.121858e-11   3.8782148e-07  2.9263753e+09
   6471000   37377.834      3.878327e-07   2.3438365e-11  3.8780926e-07  2.9264753e+09
   6472000   37379.271      3.878327e-07   8.5381104e-12  3.8782416e-07  2.926354e+09 
   6473000   37378.906      3.878327e-07   1.2321786e-11  3.8782038e-07  2.9263935e+09
   6474000   37378.917      3.878327e-07   1.2205953e-11  3.8782049e-07  2.9263787e+09
   6475000   37378.724      3.878327e-07   1.4211916e-11  3.8781849e-07  2.9263921e+09
   6476000   37379.246      3.878327e-07   8.7973135e-12  3.878239e-07   2.9263355e+09
   6477000   37378.616      3.878327e-07   1.5333606e-11  3.8781736e-07  2.9264099e+09
   6478000   37378.078      3.878327e-07   2.0915459e-11  3.8781179e-07  2.9264549e+09
   6479000   37379.022      3.878327e-07   1.1119005e-11  3.8782158e-07  2.926379e+09 
   6480000   37378.856      3.878327e-07   1.2836491e-11  3.8781986e-07  2.9263847e+09
   6481000   37378.985      3.878327e-07   1.1497667e-11  3.878212e-07   2.9263755e+09
   6482000   37379.152      3.878327e-07   9.7688477e-12  3.8782293e-07  2.9263535e+09
   6483000   37378.52       3.878327e-07   1.6329392e-11  3.8781637e-07  2.9264326e+09
   6484000   37378.212      3.8783269e-07  1.9517813e-11  3.8781318e-07  2.9264573e+09
   6485000   37377.408      3.878327e-07   2.7871222e-11  3.8780483e-07  2.9264615e+09
   6486000   37378.561      3.878327e-07   1.5901093e-11  3.878168e-07   2.9263936e+09
   6487000   37378.329      3.878327e-07   1.8310378e-11  3.8781439e-07  2.9264174e+09
   6488000   37378.928      3.878327e-07   1.2088506e-11  3.8782061e-07  2.9263615e+09
   6489000   37378.13       3.878327e-07   2.0368415e-11  3.8781233e-07  2.9264094e+09
   6490000   37378.168      3.878327e-07   1.9980439e-11  3.8781272e-07  2.9264245e+09
   6491000   37378.697      3.878327e-07   1.4490425e-11  3.8781821e-07  2.9264086e+09
   6492000   37377.655      3.878327e-07   2.5300402e-11  3.878074e-07   2.9264519e+09
   6493000   37378.097      3.878327e-07   2.0708694e-11  3.8781199e-07  2.9264574e+09
   6494000   37378.187      3.8783269e-07  1.9770618e-11  3.8781292e-07  2.9264276e+09
   6495000   37378.124      3.878327e-07   2.043868e-11   3.8781226e-07  2.9264114e+09
   6496000   37379.212      3.878327e-07   9.150171e-12   3.8782355e-07  2.9263565e+09
   6497000   37378.691      3.878327e-07   1.4549684e-11  3.8781815e-07  2.9264088e+09
   6498000   37378.705      3.878327e-07   1.4403657e-11  3.878183e-07   2.9264061e+09
   6499000   37378.26       3.878327e-07   1.90194e-11    3.8781368e-07  2.9264383e+09
   6500000   37378.848      3.878327e-07   1.2921118e-11  3.8781978e-07  2.9263995e+09
   6501000   37377.479      3.8783271e-07  2.7127955e-11  3.8780558e-07  2.9264354e+09
   6502000   37379.408      3.878327e-07   7.117772e-12   3.8782558e-07  2.9263425e+09
   6503000   37377.467      3.878327e-07   2.7250059e-11  3.8780545e-07  2.9264666e+09
   6504000   37378.303      3.878327e-07   1.8580361e-11  3.8781412e-07  2.9264156e+09
   6505000   37378.363      3.878327e-07   1.795923e-11   3.8781474e-07  2.9264226e+09
   6506000   37379.604      3.878327e-07   5.0818139e-12  3.8782762e-07  2.926315e+09 
   6507000   37378.378      3.878327e-07   1.7800217e-11  3.878149e-07   2.9264337e+09
   6508000   37378.161      3.8783269e-07  2.0048596e-11  3.8781264e-07  2.9264637e+09
   6509000   37378.751      3.878327e-07   1.3926908e-11  3.8781877e-07  2.9263999e+09
   6510000   37378.718      3.878327e-07   1.4268229e-11  3.8781843e-07  2.9263986e+09
   6511000   37378.22       3.878327e-07   1.9438312e-11  3.8781326e-07  2.9264581e+09
   6512000   37378.523      3.878327e-07   1.6290491e-11  3.8781641e-07  2.9264272e+09
   6513000   37377.558      3.878327e-07   2.6308183e-11  3.8780639e-07  2.9264581e+09
   6514000   37379.373      3.878327e-07   7.4745587e-12  3.8782522e-07  2.9263459e+09
   6515000   37378.719      3.878327e-07   1.4259874e-11  3.8781844e-07  2.9264073e+09
   6516000   37377.857      3.878327e-07   2.3203068e-11  3.8780949e-07  2.9264651e+09
   6517000   37378.418      3.878327e-07   1.7385135e-11  3.8781532e-07  2.9264145e+09
   6518000   37378.825      3.878327e-07   1.3163599e-11  3.8781954e-07  2.926383e+09 
   6519000   37378.797      3.878327e-07   1.3452802e-11  3.8781925e-07  2.926398e+09 
   6520000   37379.246      3.878327e-07   8.7932715e-12  3.8782391e-07  2.9263508e+09
   6521000   37379.491      3.878327e-07   6.2481139e-12  3.8782645e-07  2.9263349e+09
   6522000   37377.937      3.8783271e-07  2.238039e-11   3.8781033e-07  2.9264185e+09
   6523000   37378.96       3.878327e-07   1.1763971e-11  3.8782094e-07  2.926376e+09 
   6524000   37379.254      3.878327e-07   8.7074984e-12  3.8782399e-07  2.9263595e+09
   6525000   37377.467      3.878327e-07   2.7252727e-11  3.8780545e-07  2.9264295e+09
   6526000   37378.758      3.878327e-07   1.3854946e-11  3.8781884e-07  2.9264042e+09
   6527000   37379.004      3.878327e-07   1.1306e-11     3.8782139e-07  2.9263751e+09
   6528000   37379.383      3.878327e-07   7.3740077e-12  3.8782533e-07  2.9263385e+09
   6529000   37378.996      3.878327e-07   1.1390089e-11  3.8782131e-07  2.9263878e+09
   6530000   37379.375      3.878327e-07   7.4569679e-12  3.8782524e-07  2.9263379e+09
   6531000   37377.734      3.878327e-07   2.448132e-11   3.8780822e-07  2.9264928e+09
   6532000   37378.305      3.878327e-07   1.8558809e-11  3.8781414e-07  2.9264218e+09
   6533000   37377.737      3.878327e-07   2.4455328e-11  3.8780825e-07  2.9264695e+09
   6534000   37378.438      3.878327e-07   1.7172794e-11  3.8781553e-07  2.9264213e+09
   6535000   37378.884      3.878327e-07   1.2551088e-11  3.8782015e-07  2.9263715e+09
   6536000   37378.94       3.878327e-07   1.1967616e-11  3.8782073e-07  2.9263851e+09
   6537000   37378.551      3.878327e-07   1.6008209e-11  3.8781669e-07  2.9264289e+09
   6538000   37376.733      3.8783271e-07  3.4872897e-11  3.8779784e-07  2.9264978e+09
   6539000   37379.074      3.878327e-07   1.0572412e-11  3.8782213e-07  2.9263686e+09
   6540000   37378.175      3.878327e-07   1.9903982e-11  3.878128e-07   2.9264301e+09
   6541000   37378.768      3.878327e-07   1.3748665e-11  3.8781895e-07  2.9263818e+09
   6542000   37379.063      3.878327e-07   1.0691938e-11  3.8782201e-07  2.9263673e+09
   6543000   37378.352      3.878327e-07   1.8071905e-11  3.8781463e-07  2.9264525e+09
   6544000   37379.021      3.878327e-07   1.1123389e-11  3.8782157e-07  2.9263678e+09
   6545000   37378.914      3.878327e-07   1.2239765e-11  3.8782046e-07  2.9263903e+09
   6546000   37378.06       3.8783271e-07  2.1107861e-11  3.878116e-07   2.9263971e+09
   6547000   37379.16       3.878327e-07   9.6892586e-12  3.8782301e-07  2.9263616e+09
   6548000   37378.342      3.878327e-07   1.8174827e-11  3.8781453e-07  2.9263811e+09
   6549000   37379.364      3.878327e-07   7.56573e-12    3.8782513e-07  2.9263407e+09
   6550000   37376.297      3.878327e-07   3.9389322e-11  3.8779331e-07  2.9265594e+09
   6551000   37377.099      3.878327e-07   3.1072044e-11  3.8780163e-07  2.9264503e+09
   6552000   37378.837      3.878327e-07   1.3041017e-11  3.8781966e-07  2.9263866e+09
   6553000   37379.135      3.878327e-07   9.9463547e-12  3.8782275e-07  2.9263637e+09
   6554000   37377.895      3.878327e-07   2.2803253e-11  3.8780989e-07  2.9264743e+09
   6555000   37378.683      3.878327e-07   1.4629102e-11  3.8781807e-07  2.9264095e+09
   6556000   37379.268      3.878327e-07   8.5616866e-12  3.8782414e-07  2.9263544e+09
   6557000   37379.28       3.878327e-07   8.4385755e-12  3.8782426e-07  2.9263525e+09
   6558000   37378.609      3.878327e-07   1.540209e-11   3.878173e-07   2.9264043e+09
   6559000   37378.419      3.878327e-07   1.7374348e-11  3.8781532e-07  2.9264254e+09
   6560000   37378.644      3.878327e-07   1.503983e-11   3.8781766e-07  2.9264128e+09
   6561000   37378.365      3.878327e-07   1.7928376e-11  3.8781477e-07  2.926431e+09 
   6562000   37378.499      3.878327e-07   1.6543324e-11  3.8781616e-07  2.9264067e+09
   6563000   37378.993      3.878327e-07   1.1416023e-11  3.8782128e-07  2.926382e+09 
   6564000   37378.962      3.878327e-07   1.1735166e-11  3.8782096e-07  2.9263861e+09
   6565000   37379.322      3.878327e-07   8.0068324e-12  3.8782469e-07  2.926347e+09 
   6566000   37378.048      3.878327e-07   2.1221727e-11  3.8781148e-07  2.9264685e+09
   6567000   37378.155      3.878327e-07   2.0113071e-11  3.8781259e-07  2.9264235e+09
   6568000   37378.4        3.878327e-07   1.7571099e-11  3.8781513e-07  2.9264154e+09
   6569000   37378.758      3.878327e-07   1.3848749e-11  3.8781885e-07  2.9264013e+09
   6570000   37378.893      3.878327e-07   1.2461709e-11  3.8782024e-07  2.9263525e+09
   6571000   37378.882      3.878327e-07   1.2565872e-11  3.8782013e-07  2.9263826e+09
   6572000   37378.872      3.878327e-07   1.266591e-11   3.8782003e-07  2.9263763e+09
   6573000   37378.893      3.878327e-07   1.2456258e-11  3.8782024e-07  2.9263985e+09
   6574000   37378.174      3.878327e-07   1.9918355e-11  3.8781278e-07  2.9264396e+09
   6575000   37378.223      3.878327e-07   1.9405883e-11  3.8781329e-07  2.9264746e+09
   6576000   37379.603      3.878327e-07   5.0851583e-12  3.8782761e-07  2.926318e+09 
   6577000   37379.174      3.878327e-07   9.5371374e-12  3.8782316e-07  2.9263683e+09
   6578000   37377.681      3.878327e-07   2.5037227e-11  3.8780766e-07  2.9264489e+09
   6579000   37378.124      3.8783271e-07  2.0448657e-11  3.8781226e-07  2.9263976e+09
   6580000   37376.966      3.878327e-07   3.24534e-11    3.8780025e-07  2.9265248e+09
   6581000   37378.682      3.878327e-07   1.4642182e-11  3.8781805e-07  2.9263888e+09
   6582000   37378.477      3.878327e-07   1.6767875e-11  3.8781593e-07  2.9264668e+09
   6583000   37379.336      3.878327e-07   7.8642559e-12  3.8782484e-07  2.9263403e+09
   6584000   37379.193      3.878327e-07   9.3480658e-12  3.8782335e-07  2.9263531e+09
   6585000   37378.735      3.878327e-07   1.4091313e-11  3.8781861e-07  2.9264028e+09
   6586000   37377.914      3.878327e-07   2.2615644e-11  3.8781008e-07  2.9264511e+09
   6587000   37378.855      3.878327e-07   1.2848491e-11  3.8781985e-07  2.9263939e+09
   6588000   37378.373      3.878327e-07   1.7855981e-11  3.8781484e-07  2.9264322e+09
   6589000   37378.565      3.878327e-07   1.5855717e-11  3.8781684e-07  2.926394e+09 
   6590000   37378.349      3.878327e-07   1.8094717e-11  3.878146e-07   2.9264223e+09
   6591000   37378.486      3.878327e-07   1.6676825e-11  3.8781602e-07  2.9264165e+09
   6592000   37377.641      3.8783269e-07  2.5436007e-11  3.8780725e-07  2.9264637e+09
   6593000   37378.749      3.878327e-07   1.3948299e-11  3.8781875e-07  2.9263967e+09
   6594000   37377.616      3.878327e-07   2.570623e-11   3.87807e-07    2.9264257e+09
   6595000   37378.553      3.878327e-07   1.5975836e-11  3.8781672e-07  2.9264411e+09
   6596000   37378.562      3.878327e-07   1.589238e-11   3.8781681e-07  2.926403e+09 
   6597000   37378.347      3.878327e-07   1.8120808e-11  3.8781458e-07  2.9264088e+09
   6598000   37377.214      3.878327e-07   2.9868532e-11  3.8780283e-07  2.926501e+09 
   6599000   37378.644      3.878327e-07   1.5043629e-11  3.8781766e-07  2.9264022e+09
   6600000   37376.964      3.878327e-07   3.2468207e-11  3.8780023e-07  2.9264938e+09
   6601000   37377.657      3.878327e-07   2.5278975e-11  3.8780742e-07  2.9264953e+09
   6602000   37378.111      3.878327e-07   2.0573893e-11  3.8781212e-07  2.926448e+09 
   6603000   37378.747      3.878327e-07   1.3970169e-11  3.8781873e-07  2.9264184e+09
   6604000   37377.884      3.8783271e-07  2.292707e-11   3.8780978e-07  2.9264052e+09
   6605000   37378.151      3.878327e-07   2.0155888e-11  3.8781254e-07  2.9264393e+09
   6606000   37378.815      3.878327e-07   1.3263734e-11  3.8781944e-07  2.9263844e+09
   6607000   37378.415      3.878327e-07   1.7414955e-11  3.8781528e-07  2.9264361e+09
   6608000   37379.273      3.878327e-07   8.5108196e-12  3.8782419e-07  2.9263544e+09
   6609000   37378.92       3.878327e-07   1.2172126e-11  3.8782053e-07  2.9263801e+09
   6610000   37378.669      3.878327e-07   1.4780957e-11  3.8781792e-07  2.9263733e+09
   6611000   37377.855      3.8783269e-07  2.3218946e-11  3.8780947e-07  2.9264686e+09
   6612000   37379.123      3.878327e-07   1.0070961e-11  3.8782263e-07  2.9263889e+09
   6613000   37378.991      3.878327e-07   1.1439466e-11  3.8782126e-07  2.9263781e+09
   6614000   37377.941      3.878327e-07   2.2330022e-11  3.8781037e-07  2.9264418e+09
   6615000   37378.88       3.878327e-07   1.2589591e-11  3.8782011e-07  2.9263906e+09
   6616000   37378.166      3.878327e-07   2.0005051e-11  3.878127e-07   2.9264199e+09
   6617000   37379.303      3.878327e-07   8.2013639e-12  3.878245e-07   2.9263512e+09
   6618000   37378.561      3.878327e-07   1.5901282e-11  3.878168e-07   2.9263897e+09
   6619000   37378.685      3.878327e-07   1.4613597e-11  3.8781809e-07  2.926426e+09 
   6620000   37377.967      3.878327e-07   2.2059806e-11  3.8781064e-07  2.9264626e+09
   6621000   37378.851      3.878327e-07   1.2894725e-11  3.8781981e-07  2.9264074e+09
   6622000   37379.163      3.878327e-07   9.6554874e-12  3.8782304e-07  2.9263632e+09
   6623000   37378.974      3.878327e-07   1.161198e-11   3.8782108e-07  2.9264019e+09
   6624000   37378.337      3.878327e-07   1.8222619e-11  3.8781448e-07  2.9264097e+09
   6625000   37378.813      3.878327e-07   1.3286115e-11  3.8781941e-07  2.9264096e+09
   6626000   37378.384      3.878327e-07   1.7738081e-11  3.8781496e-07  2.9264387e+09
   6627000   37379.037      3.878327e-07   1.0963461e-11  3.8782174e-07  2.9263661e+09
   6628000   37378.979      3.878327e-07   1.1567061e-11  3.8782113e-07  2.9264009e+09
   6629000   37378.673      3.878327e-07   1.4741592e-11  3.8781796e-07  2.9264093e+09
   6630000   37377.238      3.878327e-07   2.9629325e-11  3.8780307e-07  2.9264694e+09
   6631000   37379.05       3.878327e-07   1.0823052e-11  3.8782187e-07  2.9263606e+09
   6632000   37377.872      3.878327e-07   2.3044593e-11  3.8780965e-07  2.9264785e+09
   6633000   37378.603      3.878327e-07   1.5462179e-11  3.8781724e-07  2.9263992e+09
   6634000   37378.567      3.878327e-07   1.5835686e-11  3.8781686e-07  2.926424e+09 
   6635000   37378.321      3.878327e-07   1.8388747e-11  3.8781431e-07  2.9264423e+09
   6636000   37379.084      3.878327e-07   1.0468983e-11  3.8782223e-07  2.9263784e+09
   6637000   37379.071      3.878327e-07   1.0607486e-11  3.8782209e-07  2.9263769e+09
   6638000   37378.597      3.878327e-07   1.5529268e-11  3.8781717e-07  2.9263794e+09
   6639000   37378.246      3.878327e-07   1.9165273e-11  3.8781353e-07  2.9264365e+09
   6640000   37379.085      3.878327e-07   1.0461322e-11  3.8782224e-07  2.926358e+09 
   6641000   37378.944      3.878327e-07   1.1927878e-11  3.8782077e-07  2.9263639e+09
   6642000   37378.408      3.878327e-07   1.7488358e-11  3.8781521e-07  2.9264328e+09
   6643000   37377.544      3.878327e-07   2.6445448e-11  3.8780625e-07  2.9264945e+09
   6644000   37378.799      3.878327e-07   1.3429758e-11  3.8781927e-07  2.9263895e+09
   6645000   37379.128      3.878327e-07   1.0015343e-11  3.8782268e-07  2.9263507e+09
   6646000   37378.354      3.878327e-07   1.80427e-11    3.8781466e-07  2.9264421e+09
   6647000   37378.789      3.878327e-07   1.3538137e-11  3.8781916e-07  2.9263831e+09
   6648000   37378.788      3.878327e-07   1.3548431e-11  3.8781915e-07  2.9263839e+09
   6649000   37378.049      3.878327e-07   2.1209711e-11  3.8781149e-07  2.9264206e+09
   6650000   37379.16       3.878327e-07   9.6833752e-12  3.8782301e-07  2.9263706e+09
   6651000   37379.075      3.878327e-07   1.0567668e-11  3.8782213e-07  2.9263661e+09
   6652000   37378.562      3.878327e-07   1.5888498e-11  3.8781681e-07  2.9264046e+09
   6653000   37378.72       3.878327e-07   1.4254049e-11  3.8781844e-07  2.9264267e+09
   6654000   37378.003      3.878327e-07   2.169115e-11   3.8781101e-07  2.9264507e+09
   6655000   37378.28       3.878327e-07   1.8820801e-11  3.8781388e-07  2.9264292e+09
   6656000   37378.908      3.878327e-07   1.2304695e-11  3.878204e-07   2.9263902e+09
   6657000   37378.738      3.878327e-07   1.4062275e-11  3.8781864e-07  2.9264061e+09
   6658000   37378.523      3.878327e-07   1.6292155e-11  3.8781641e-07  2.9264095e+09
   6659000   37378.488      3.878327e-07   1.6656997e-11  3.8781604e-07  2.9264218e+09
   6660000   37378.775      3.878327e-07   1.3682312e-11  3.8781902e-07  2.9263856e+09
   6661000   37378.889      3.878327e-07   1.2502703e-11  3.878202e-07   2.9264002e+09
   6662000   37378.178      3.878327e-07   1.9884135e-11  3.8781282e-07  2.9264169e+09
   6663000   37378.928      3.878327e-07   1.209605e-11   3.8782061e-07  2.9263648e+09
   6664000   37378.602      3.878327e-07   1.5476581e-11  3.8781722e-07  2.9264476e+09
   6665000   37377.154      3.8783272e-07  3.0514069e-11  3.878022e-07   2.9264586e+09
   6666000   37376.709      3.878327e-07   3.5117707e-11  3.8779759e-07  2.92653e+09  
   6667000   37377.657      3.878327e-07   2.5278315e-11  3.8780742e-07  2.9264895e+09
   6668000   37377.014      3.878327e-07   3.1946143e-11  3.8780075e-07  2.9264789e+09
   6669000   37378.252      3.878327e-07   1.9102538e-11  3.878136e-07   2.9264633e+09
   6670000   37378.852      3.878327e-07   1.2885896e-11  3.8781981e-07  2.9263877e+09
   6671000   37378.989      3.878327e-07   1.1461256e-11  3.8782124e-07  2.9263849e+09
   6672000   37378.455      3.878327e-07   1.6998782e-11  3.878157e-07   2.9264541e+09
   6673000   37377.965      3.878327e-07   2.2081955e-11  3.8781062e-07  2.9264751e+09
   6674000   37377.504      3.878327e-07   2.6872196e-11  3.8780583e-07  2.926453e+09 
   6675000   37379.107      3.878327e-07   1.0236222e-11  3.8782246e-07  2.9263747e+09
   6676000   37379.11       3.878327e-07   1.020347e-11   3.878225e-07   2.92637e+09  
   6677000   37378.505      3.878327e-07   1.6486396e-11  3.8781621e-07  2.9264323e+09
   6678000   37378.949      3.878327e-07   1.1876292e-11  3.8782082e-07  2.9263648e+09
   6679000   37378.914      3.878327e-07   1.2233162e-11  3.8782047e-07  2.9263833e+09
   6680000   37378.468      3.878327e-07   1.6866587e-11  3.8781583e-07  2.9264011e+09
   6681000   37379.249      3.878327e-07   8.7658054e-12  3.8782393e-07  2.9263663e+09
   6682000   37378.63       3.878327e-07   1.5183391e-11  3.8781752e-07  2.9264386e+09
   6683000   37378.867      3.878327e-07   1.2728636e-11  3.8781997e-07  2.9263947e+09
   6684000   37378.35       3.878327e-07   1.8090226e-11  3.8781461e-07  2.9263906e+09
   6685000   37378.497      3.878327e-07   1.656667e-11   3.8781613e-07  2.9264328e+09
   6686000   37379.28       3.878327e-07   8.4395905e-12  3.8782426e-07  2.9263522e+09
   6687000   37377.379      3.878327e-07   2.8168043e-11  3.8780453e-07  2.9264858e+09
   6688000   37378.961      3.878327e-07   1.1748393e-11  3.8782095e-07  2.9264043e+09
   6689000   37378.961      3.878327e-07   1.1747721e-11  3.8782095e-07  2.926385e+09 
   6690000   37379.061      3.878327e-07   1.0710312e-11  3.8782199e-07  2.9263662e+09
   6691000   37379.066      3.878327e-07   1.0662411e-11  3.8782204e-07  2.9263696e+09
   6692000   37377.968      3.878327e-07   2.2057966e-11  3.8781064e-07  2.9264307e+09
   6693000   37378.797      3.878327e-07   1.3447971e-11  3.8781925e-07  2.9263983e+09
   6694000   37379.064      3.878327e-07   1.0678943e-11  3.8782202e-07  2.9263749e+09
   6695000   37379.143      3.878327e-07   9.8661135e-12  3.8782283e-07  2.9263636e+09
   6696000   37379.047      3.878327e-07   1.0861592e-11  3.8782184e-07  2.9263753e+09
   6697000   37377.65       3.878327e-07   2.5355217e-11  3.8780734e-07  2.9264865e+09
   6698000   37379.316      3.878327e-07   8.0626604e-12  3.8782464e-07  2.926345e+09 
   6699000   37377.945      3.878327e-07   2.2292929e-11  3.8781041e-07  2.9264732e+09
   6700000   37379.013      3.878327e-07   1.1214749e-11  3.8782148e-07  2.9263813e+09
   6701000   37378.364      3.878327e-07   1.7947158e-11  3.8781475e-07  2.9264359e+09
   6702000   37376.71       3.878327e-07   3.5111686e-11  3.8779759e-07  2.9265328e+09
   6703000   37379.257      3.878327e-07   8.6784525e-12  3.8782402e-07  2.9263483e+09
   6704000   37379.007      3.878327e-07   1.1276224e-11  3.8782142e-07  2.9263801e+09
   6705000   37379.287      3.878327e-07   8.364388e-12   3.8782433e-07  2.926347e+09 
   6706000   37378.821      3.878327e-07   1.3202784e-11  3.878195e-07   2.9263974e+09
   6707000   37379.123      3.878327e-07   1.006897e-11   3.8782263e-07  2.9263592e+09
   6708000   37378.046      3.878327e-07   2.1242222e-11  3.8781146e-07  2.9264372e+09
   6709000   37378.842      3.878327e-07   1.2980599e-11  3.8781972e-07  2.9263995e+09
   6710000   37378.62       3.878327e-07   1.5285423e-11  3.8781741e-07  2.9264238e+09
   6711000   37378.812      3.878327e-07   1.3297915e-11  3.878194e-07   2.9263751e+09
   6712000   37378.341      3.878327e-07   1.8179716e-11  3.8781452e-07  2.9264363e+09
   6713000   37378.282      3.8783271e-07  1.880262e-11   3.8781391e-07  2.9263729e+09
   6714000   37378.793      3.878327e-07   1.3494208e-11  3.878192e-07   2.9264078e+09
   6715000   37379.062      3.878327e-07   1.0699329e-11  3.87822e-07    2.9263661e+09
   6716000   37378.753      3.878327e-07   1.3907335e-11  3.8781879e-07  2.9264151e+09
   6717000   37378.523      3.878327e-07   1.6291993e-11  3.878164e-07   2.9264347e+09
   6718000   37378.178      3.878327e-07   1.9876427e-11  3.8781282e-07  2.9264324e+09
   6719000   37378.621      3.878327e-07   1.5276246e-11  3.8781742e-07  2.9264316e+09
   6720000   37378.068      3.8783272e-07  2.103298e-11   3.8781169e-07  2.9263918e+09
   6721000   37379.085      3.878327e-07   1.0462428e-11  3.8782224e-07  2.9263492e+09
   6722000   37378.393      3.878327e-07   1.7644901e-11  3.8781506e-07  2.9264195e+09
   6723000   37379.484      3.878327e-07   6.3208865e-12  3.8782638e-07  2.9263213e+09
   6724000   37378.564      3.878327e-07   1.587256e-11   3.8781683e-07  2.9264132e+09
   6725000   37378.403      3.878327e-07   1.7534796e-11  3.8781516e-07  2.9264363e+09
   6726000   37378.469      3.878327e-07   1.6853062e-11  3.8781585e-07  2.9263801e+09
   6727000   37378.419      3.878327e-07   1.7376727e-11  3.8781532e-07  2.9264163e+09
   6728000   37379.068      3.878327e-07   1.0641347e-11  3.8782206e-07  2.926377e+09 
   6729000   37378.482      3.878327e-07   1.6722994e-11  3.8781598e-07  2.9264209e+09
   6730000   37378.721      3.878327e-07   1.4236215e-11  3.8781846e-07  2.9263866e+09
   6731000   37379.129      3.878327e-07   1.0002565e-11  3.878227e-07   2.9263605e+09
   6732000   37378.284      3.878327e-07   1.8777991e-11  3.8781392e-07  2.9264072e+09
   6733000   37377.543      3.878327e-07   2.6465911e-11  3.8780624e-07  2.9264777e+09
   6734000   37378.652      3.878327e-07   1.4960808e-11  3.8781774e-07  2.9264018e+09
   6735000   37378.089      3.8783268e-07  2.0774046e-11  3.878119e-07   2.9264093e+09
   6736000   37378.301      3.878327e-07   1.8593237e-11  3.8781411e-07  2.9264557e+09
   6737000   37378.847      3.878327e-07   1.2931044e-11  3.8781977e-07  2.9263872e+09
   6738000   37378.107      3.878327e-07   2.0614868e-11  3.8781209e-07  2.9264511e+09
   6739000   37378.975      3.878327e-07   1.1598434e-11  3.878211e-07   2.9263772e+09
   6740000   37378.912      3.878327e-07   1.2259657e-11  3.8782044e-07  2.9264093e+09
   6741000   37379.367      3.878327e-07   7.5417112e-12  3.8782516e-07  2.9263446e+09
   6742000   37377.611      3.878327e-07   2.5759705e-11  3.8780694e-07  2.9264861e+09
   6743000   37379.423      3.878327e-07   6.956758e-12   3.8782574e-07  2.9263344e+09
   6744000   37378.003      3.878327e-07   2.169126e-11   3.8781101e-07  2.9264054e+09
   6745000   37378.324      3.878327e-07   1.8358018e-11  3.8781434e-07  2.9263657e+09
   6746000   37378.01       3.878327e-07   2.1612036e-11  3.8781108e-07  2.9264658e+09
   6747000   37378.259      3.878327e-07   1.9035127e-11  3.8781366e-07  2.9264025e+09
   6748000   37378.22       3.878327e-07   1.9439784e-11  3.8781326e-07  2.9264225e+09
   6749000   37378.083      3.878327e-07   2.0854157e-11  3.8781184e-07  2.9264609e+09
   6750000   37378.491      3.878327e-07   1.6622105e-11  3.8781608e-07  2.9264071e+09
   6751000   37379.015      3.878327e-07   1.1193295e-11  3.8782151e-07  2.9263739e+09
   6752000   37378.075      3.878327e-07   2.0942103e-11  3.8781176e-07  2.9264617e+09
   6753000   37378.764      3.878327e-07   1.3800208e-11  3.878189e-07   2.9263772e+09
   6754000   37378.735      3.878327e-07   1.4098169e-11  3.878186e-07   2.9263711e+09
   6755000   37379.464      3.878327e-07   6.5341059e-12  3.8782617e-07  2.9263193e+09
   6756000   37378.555      3.878327e-07   1.5961491e-11  3.8781674e-07  2.9264031e+09
   6757000   37378.307      3.878327e-07   1.8534727e-11  3.8781417e-07  2.9263891e+09
   6758000   37377.705      3.8783269e-07  2.47775e-11    3.8780792e-07  2.9264575e+09
   6759000   37378.993      3.878327e-07   1.1417515e-11  3.8782128e-07  2.9263732e+09
   6760000   37378.292      3.878327e-07   1.8689775e-11  3.8781401e-07  2.9264365e+09
   6761000   37378.876      3.878327e-07   1.2634998e-11  3.8782006e-07  2.9263715e+09
   6762000   37379.069      3.878327e-07   1.0631906e-11  3.8782207e-07  2.9263785e+09
   6763000   37379.002      3.878327e-07   1.1322078e-11  3.8782138e-07  2.9263723e+09
   6764000   37378.721      3.878327e-07   1.4245823e-11  3.8781845e-07  2.9263981e+09
   6765000   37378.649      3.878327e-07   1.4984127e-11  3.8781772e-07  2.9264004e+09
   6766000   37378.831      3.878327e-07   1.3095149e-11  3.878196e-07   2.9263771e+09
   6767000   37378.17       3.878327e-07   1.9956236e-11  3.8781275e-07  2.9264332e+09
   6768000   37378.636      3.878327e-07   1.5125723e-11  3.8781757e-07  2.9264016e+09
   6769000   37378.184      3.878327e-07   1.9813255e-11  3.8781289e-07  2.9263966e+09
   6770000   37379.183      3.878327e-07   9.4431066e-12  3.8782326e-07  2.9263656e+09
   6771000   37378.733      3.878327e-07   1.4121169e-11  3.8781858e-07  2.9264123e+09
   6772000   37379.352      3.878327e-07   7.690526e-12   3.8782501e-07  2.9263491e+09
   6773000   37378.732      3.878327e-07   1.4130107e-11  3.8781857e-07  2.9264053e+09
   6774000   37379.104      3.878327e-07   1.0267979e-11  3.8782243e-07  2.9263689e+09
   6775000   37378.845      3.878327e-07   1.2947804e-11  3.8781975e-07  2.9263926e+09
   6776000   37379.706      3.878327e-07   4.0201584e-12  3.8782868e-07  2.9263034e+09
   6777000   37378.571      3.878327e-07   1.5799703e-11  3.878169e-07   2.9264034e+09
   6778000   37379.254      3.878327e-07   8.7049146e-12  3.8782399e-07  2.926365e+09 
   6779000   37378.447      3.878327e-07   1.708647e-11   3.8781562e-07  2.9264188e+09
   6780000   37379.038      3.878327e-07   1.0949417e-11  3.8782175e-07  2.9263777e+09
   6781000   37378.762      3.878327e-07   1.3814457e-11  3.8781888e-07  2.9263847e+09
   6782000   37377.318      3.878327e-07   2.8800492e-11  3.878039e-07   2.9265061e+09
   6783000   37379.331      3.878327e-07   7.9139691e-12  3.8782479e-07  2.926346e+09 
   6784000   37378.663      3.878327e-07   1.4839732e-11  3.8781786e-07  2.9264111e+09
   6785000   37378.384      3.878327e-07   1.7740234e-11  3.8781496e-07  2.92642e+09  
   6786000   37378.194      3.878327e-07   1.970725e-11   3.8781299e-07  2.9264288e+09
   6787000   37378.713      3.878327e-07   1.4326008e-11  3.8781838e-07  2.9264062e+09
   6788000   37378.409      3.878327e-07   1.7473366e-11  3.8781522e-07  2.9264279e+09
   6789000   37379.508      3.878327e-07   6.0778603e-12  3.8782662e-07  2.9263308e+09
   6790000   37379.487      3.878327e-07   6.294772e-12   3.8782641e-07  2.9263266e+09
   6791000   37378.536      3.878327e-07   1.6160686e-11  3.8781654e-07  2.9263954e+09
   6792000   37378.394      3.878327e-07   1.7637926e-11  3.8781507e-07  2.9264298e+09
   6793000   37378.436      3.878327e-07   1.7196367e-11  3.878155e-07   2.9264275e+09
   6794000   37379.117      3.878327e-07   1.013476e-11   3.8782257e-07  2.9263582e+09
   6795000   37378.735      3.878327e-07   1.4096105e-11  3.878186e-07   2.9264033e+09
   6796000   37378.774      3.878327e-07   1.3689158e-11  3.8781901e-07  2.9263995e+09
   6797000   37379.057      3.878327e-07   1.0755478e-11  3.8782195e-07  2.9263689e+09
   6798000   37377.269      3.878327e-07   2.9307915e-11  3.8780339e-07  2.9264642e+09
   6799000   37378.174      3.878327e-07   1.9914965e-11  3.8781278e-07  2.9264368e+09
   6800000   37378.979      3.878327e-07   1.1565195e-11  3.8782113e-07  2.926384e+09 
   6801000   37378.859      3.878327e-07   1.280357e-11   3.878199e-07   2.9264166e+09
   6802000   37378.02       3.878327e-07   2.1509861e-11  3.8781119e-07  2.9264434e+09
   6803000   37378.606      3.878327e-07   1.5432463e-11  3.8781727e-07  2.9264042e+09
   6804000   37378.742      3.878327e-07   1.4023693e-11  3.8781867e-07  2.9264005e+09
   6805000   37378.76       3.878327e-07   1.3837422e-11  3.8781886e-07  2.9263857e+09
   6806000   37379.168      3.878327e-07   9.607721e-12   3.8782309e-07  2.9263585e+09
   6807000   37379.005      3.878327e-07   1.1298101e-11  3.878214e-07   2.9263726e+09
   6808000   37378.516      3.878327e-07   1.6369119e-11  3.8781633e-07  2.926418e+09 
   6809000   37379.039      3.878327e-07   1.0943475e-11  3.8782176e-07  2.9263889e+09
   6810000   37378.476      3.878327e-07   1.6780038e-11  3.8781592e-07  2.9263966e+09
   6811000   37378.744      3.878327e-07   1.4001311e-11  3.878187e-07   2.926401e+09 
   6812000   37378.549      3.878327e-07   1.6031549e-11  3.8781667e-07  2.926407e+09 
   6813000   37379.072      3.878327e-07   1.0598149e-11  3.878221e-07   2.9263726e+09
   6814000   37378.232      3.878327e-07   1.9314983e-11  3.8781339e-07  2.9264316e+09
   6815000   37378.798      3.878327e-07   1.3440104e-11  3.8781926e-07  2.9263992e+09
   6816000   37378.032      3.878327e-07   2.138845e-11   3.8781131e-07  2.9264339e+09
   6817000   37378.7        3.878327e-07   1.445746e-11   3.8781824e-07  2.9264091e+09
   6818000   37378.648      3.878327e-07   1.499453e-11   3.878177e-07   2.926399e+09 
   6819000   37378.975      3.878327e-07   1.1607208e-11  3.8782109e-07  2.9263621e+09
   6820000   37377.908      3.878327e-07   2.2671394e-11  3.8781003e-07  2.9264789e+09
   6821000   37379.205      3.878327e-07   9.2159771e-12  3.8782348e-07  2.9263548e+09
   6822000   37379.078      3.878327e-07   1.0537687e-11  3.8782216e-07  2.9263758e+09
   6823000   37379.014      3.878327e-07   1.1194949e-11  3.878215e-07   2.9263814e+09
   6824000   37378.727      3.878327e-07   1.4177307e-11  3.8781852e-07  2.926393e+09 
   6825000   37378.495      3.878327e-07   1.6583615e-11  3.8781612e-07  2.9264051e+09
   6826000   37378.802      3.878327e-07   1.3401856e-11  3.8781929e-07  2.9263767e+09
   6827000   37376.491      3.878327e-07   3.7381827e-11  3.8779532e-07  2.9265404e+09
   6828000   37378.684      3.878327e-07   1.4626879e-11  3.8781807e-07  2.9264287e+09
   6829000   37378.727      3.878327e-07   1.4173377e-11  3.8781852e-07  2.9263902e+09
   6830000   37378.117      3.878327e-07   2.0506507e-11  3.8781219e-07  2.9264253e+09
   6831000   37379.139      3.878327e-07   9.9025459e-12  3.878228e-07   2.9263762e+09
   6832000   37378.903      3.878327e-07   1.2348282e-11  3.8782035e-07  2.926388e+09 
   6833000   37379.178      3.878327e-07   9.4948382e-12  3.878232e-07   2.9263687e+09
   6834000   37379.434      3.878327e-07   6.8425964e-12  3.8782586e-07  2.9263371e+09
   6835000   37378.966      3.878327e-07   1.1702398e-11  3.87821e-07    2.9263867e+09
   6836000   37379.24       3.878327e-07   8.851521e-12   3.8782385e-07  2.9263393e+09
   6837000   37379.161      3.878327e-07   9.6779361e-12  3.8782302e-07  2.9263714e+09
   6838000   37378.572      3.878327e-07   1.5785035e-11  3.8781691e-07  2.9264088e+09
   6839000   37379.059      3.878327e-07   1.0729419e-11  3.8782197e-07  2.92637e+09  
   6840000   37378.802      3.878327e-07   1.3398541e-11  3.878193e-07   2.9264109e+09
   6841000   37378.776      3.878327e-07   1.3671007e-11  3.8781903e-07  2.9264023e+09
   6842000   37378.113      3.878327e-07   2.0547186e-11  3.8781216e-07  2.9264203e+09
   6843000   37378.835      3.878327e-07   1.3058033e-11  3.8781964e-07  2.9263875e+09
   6844000   37378.093      3.878327e-07   2.0757679e-11  3.8781194e-07  2.9264431e+09
   6845000   37378.242      3.878327e-07   1.9210538e-11  3.8781349e-07  2.9264241e+09
   6846000   37377.156      3.878327e-07   3.0477877e-11  3.8780222e-07  2.9265393e+09
   6847000   37378.882      3.878327e-07   1.2567698e-11  3.8782013e-07  2.9263938e+09
   6848000   37378.755      3.878327e-07   1.3886669e-11  3.8781881e-07  2.9263895e+09
   6849000   37378.724      3.878327e-07   1.4209419e-11  3.8781849e-07  2.926416e+09 
   6850000   37379.46       3.878327e-07   6.5745375e-12  3.8782612e-07  2.9263275e+09
   6851000   37378.604      3.878327e-07   1.545647e-11   3.8781724e-07  2.9263984e+09
   6852000   37378.966      3.878327e-07   1.1700205e-11  3.87821e-07    2.9263609e+09
   6853000   37377.99       3.878327e-07   2.1821855e-11  3.8781088e-07  2.926462e+09 
   6854000   37378.391      3.878327e-07   1.766568e-11   3.8781504e-07  2.9264042e+09
   6855000   37379.245      3.878327e-07   8.8058363e-12  3.8782389e-07  2.9263574e+09
   6856000   37377.346      3.878327e-07   2.8503309e-11  3.878042e-07   2.9265053e+09
   6857000   37378.318      3.878327e-07   1.8427143e-11  3.8781427e-07  2.9264218e+09
   6858000   37378.607      3.878327e-07   1.5421369e-11  3.8781728e-07  2.9264167e+09
   6859000   37379.021      3.878327e-07   1.1127936e-11  3.8782157e-07  2.92639e+09  
   6860000   37378.538      3.878327e-07   1.6140468e-11  3.8781656e-07  2.9264108e+09
   6861000   37378.548      3.878327e-07   1.6029831e-11  3.8781667e-07  2.9264157e+09
   6862000   37378.754      3.878327e-07   1.389605e-11   3.878188e-07   2.9263976e+09
   6863000   37378.726      3.878327e-07   1.4186143e-11  3.8781851e-07  2.9263947e+09
   6864000   37378.453      3.878327e-07   1.7018818e-11  3.8781568e-07  2.9264283e+09
   6865000   37377.479      3.878327e-07   2.7122306e-11  3.8780558e-07  2.9265534e+09
   6866000   37377.362      3.878327e-07   2.8342397e-11  3.8780436e-07  2.9265275e+09
   6867000   37377.747      3.8783269e-07  2.434595e-11   3.8780835e-07  2.926447e+09 
   6868000   37378.729      3.878327e-07   1.4153777e-11  3.8781854e-07  2.926417e+09 
   6869000   37378.625      3.878327e-07   1.5237367e-11  3.8781746e-07  2.9263905e+09
   6870000   37378.557      3.878327e-07   1.5936171e-11  3.8781676e-07  2.9264013e+09
   6871000   37378.994      3.878327e-07   1.1408647e-11  3.8782129e-07  2.9263693e+09
   6872000   37379.112      3.878327e-07   1.0182889e-11  3.8782252e-07  2.9263491e+09
   6873000   37379.342      3.878327e-07   7.8002672e-12  3.878249e-07   2.9263446e+09
   6874000   37378.088      3.878327e-07   2.080988e-11   3.8781189e-07  2.9264081e+09
   6875000   37377.918      3.878327e-07   2.2566801e-11  3.8781013e-07  2.9264386e+09
   6876000   37378.731      3.878327e-07   1.4137676e-11  3.8781856e-07  2.9264284e+09
   6877000   37377.318      3.878327e-07   2.8800557e-11  3.878039e-07   2.9264725e+09
   6878000   37378.84       3.878327e-07   1.3001502e-11  3.878197e-07   2.9263895e+09
   6879000   37378.968      3.878327e-07   1.167773e-11   3.8782102e-07  2.9264036e+09
   6880000   37377.304      3.878327e-07   2.8950309e-11  3.8780375e-07  2.9264636e+09
   6881000   37378.997      3.878327e-07   1.1380519e-11  3.8782132e-07  2.9263841e+09
   6882000   37378.956      3.878327e-07   1.180126e-11   3.878209e-07   2.9263552e+09
   6883000   37378.452      3.878327e-07   1.7028952e-11  3.8781567e-07  2.9263872e+09
   6884000   37378.083      3.878327e-07   2.08598e-11    3.8781184e-07  2.9264234e+09
   6885000   37378.833      3.878327e-07   1.3071796e-11  3.8781963e-07  2.9263989e+09
   6886000   37379.079      3.878327e-07   1.0528978e-11  3.8782217e-07  2.9263771e+09
   6887000   37378.364      3.878327e-07   1.794787e-11   3.8781475e-07  2.9263971e+09
   6888000   37378.547      3.878327e-07   1.6044912e-11  3.8781665e-07  2.926408e+09 
   6889000   37378.465      3.878327e-07   1.6897435e-11  3.878158e-07   2.9264153e+09
   6890000   37377.113      3.878327e-07   3.0929211e-11  3.8780177e-07  2.9265049e+09
   6891000   37377.85       3.878327e-07   2.327462e-11   3.8780942e-07  2.9264616e+09
   6892000   37378.217      3.878327e-07   1.9475255e-11  3.8781323e-07  2.9264402e+09
   6893000   37379.389      3.878327e-07   7.3050266e-12  3.8782539e-07  2.926344e+09 
   6894000   37378.721      3.878327e-07   1.4233572e-11  3.8781846e-07  2.9263992e+09
   6895000   37378.47       3.878327e-07   1.6848958e-11  3.8781585e-07  2.9264068e+09
   6896000   37378.741      3.878327e-07   1.4034632e-11  3.8781867e-07  2.9263972e+09
   6897000   37379.236      3.878327e-07   8.9018878e-12  3.878238e-07   2.926347e+09 
   6898000   37378.807      3.878327e-07   1.3350079e-11  3.8781935e-07  2.9263806e+09
   6899000   37378.959      3.878327e-07   1.1766215e-11  3.8782093e-07  2.9263818e+09
   6900000   37378.75       3.878327e-07   1.3942109e-11  3.8781876e-07  2.926369e+09 
   6901000   37378.206      3.878327e-07   1.9584784e-11  3.8781311e-07  2.9264415e+09
   6902000   37378.599      3.878327e-07   1.5502373e-11  3.878172e-07   2.9264209e+09
   6903000   37379.023      3.878327e-07   1.1102362e-11  3.878216e-07   2.9263685e+09
   6904000   37378.006      3.878327e-07   2.1658058e-11  3.8781104e-07  2.9264427e+09
   6905000   37378.12       3.878327e-07   2.0472784e-11  3.8781223e-07  2.9264216e+09
   6906000   37379.299      3.878327e-07   8.2433068e-12  3.8782446e-07  2.9263483e+09
   6907000   37378.547      3.878327e-07   1.6047331e-11  3.8781665e-07  2.9263951e+09
   6908000   37377.719      3.878327e-07   2.4632141e-11  3.8780807e-07  2.9265208e+09
   6909000   37378.533      3.878327e-07   1.619355e-11   3.8781651e-07  2.9264147e+09
   6910000   37377.958      3.878327e-07   2.2158915e-11  3.8781054e-07  2.9264612e+09
   6911000   37379.103      3.878327e-07   1.0271649e-11  3.8782243e-07  2.926378e+09 
   6912000   37379.241      3.878327e-07   8.8468939e-12  3.8782385e-07  2.9263477e+09
   6913000   37378.497      3.878327e-07   1.6560365e-11  3.8781614e-07  2.9264192e+09
   6914000   37379.343      3.878327e-07   7.7886699e-12  3.8782491e-07  2.9263427e+09
   6915000   37378.763      3.878327e-07   1.3804344e-11  3.8781889e-07  2.9264019e+09
   6916000   37379.232      3.878327e-07   8.9377059e-12  3.8782376e-07  2.9263457e+09
   6917000   37378.735      3.878327e-07   1.4098837e-11  3.878186e-07   2.9264075e+09
   6918000   37378.582      3.878327e-07   1.5685917e-11  3.8781701e-07  2.9264197e+09
   6919000   37378.593      3.878327e-07   1.5565926e-11  3.8781713e-07  2.9263951e+09
   6920000   37377.786      3.8783268e-07  2.3921418e-11  3.8780876e-07  2.926417e+09 
   6921000   37378.181      3.878327e-07   1.9844224e-11  3.8781286e-07  2.9264181e+09
   6922000   37378.609      3.878327e-07   1.5408896e-11  3.8781729e-07  2.9264028e+09
   6923000   37378.654      3.878327e-07   1.493388e-11   3.8781776e-07  2.9263995e+09
   6924000   37377.359      3.8783274e-07  2.8413013e-11  3.8780432e-07  2.9264149e+09
   6925000   37378.631      3.878327e-07   1.5181069e-11  3.8781752e-07  2.9263756e+09
   6926000   37378.247      3.878327e-07   1.9159977e-11  3.8781354e-07  2.9264765e+09
   6927000   37379.283      3.878327e-07   8.4039192e-12  3.8782429e-07  2.9263609e+09
   6928000   37379.03       3.878327e-07   1.103756e-11   3.8782166e-07  2.9263806e+09
   6929000   37379.016      3.878327e-07   1.1183531e-11  3.8782152e-07  2.926383e+09 
   6930000   37378.462      3.878327e-07   1.6930769e-11  3.8781577e-07  2.926441e+09 
   6931000   37378.92       3.878327e-07   1.2168333e-11  3.8782053e-07  2.9264139e+09
   6932000   37379.187      3.878327e-07   9.4014777e-12  3.878233e-07   2.9263647e+09
   6933000   37378.415      3.878327e-07   1.7411111e-11  3.8781529e-07  2.9264266e+09
   6934000   37378.76       3.878327e-07   1.3830127e-11  3.8781887e-07  2.9263779e+09
   6935000   37378.327      3.878327e-07   1.8326101e-11  3.8781437e-07  2.9264035e+09
   6936000   37378.65       3.878327e-07   1.4980575e-11  3.8781772e-07  2.9263924e+09
   6937000   37378.354      3.878327e-07   1.8050332e-11  3.8781465e-07  2.9264396e+09
   6938000   37379.252      3.878327e-07   8.7287804e-12  3.8782397e-07  2.9263632e+09
   6939000   37376.695      3.878327e-07   3.5268043e-11  3.8779743e-07  2.9265032e+09
   6940000   37379.234      3.878327e-07   8.9101321e-12  3.8782379e-07  2.9263572e+09
   6941000   37378.253      3.878327e-07   1.9097377e-11  3.878136e-07   2.9264206e+09
   6942000   37378.095      3.878327e-07   2.0733636e-11  3.8781197e-07  2.9264445e+09
   6943000   37379.127      3.878327e-07   1.0028033e-11  3.8782267e-07  2.9263637e+09
   6944000   37377.982      3.878327e-07   2.1911301e-11  3.8781079e-07  2.9264288e+09
   6945000   37378.435      3.878327e-07   1.720183e-11   3.878155e-07   2.9264465e+09
   6946000   37378.924      3.878327e-07   1.213616e-11   3.8782056e-07  2.9263744e+09
   6947000   37377.766      3.878327e-07   2.4151309e-11  3.8780855e-07  2.9264683e+09
   6948000   37379.073      3.878327e-07   1.058968e-11   3.8782211e-07  2.9263613e+09
   6949000   37378.207      3.878327e-07   1.9572985e-11  3.8781313e-07  2.9264008e+09
   6950000   37378.584      3.878327e-07   1.5665943e-11  3.8781703e-07  2.9264242e+09
   6951000   37379.278      3.878327e-07   8.4636926e-12  3.8782423e-07  2.926359e+09 
   6952000   37379.078      3.878327e-07   1.0528754e-11  3.8782217e-07  2.9263636e+09
   6953000   37378.642      3.878327e-07   1.5060307e-11  3.8781764e-07  2.9264277e+09
   6954000   37378.754      3.878327e-07   1.3894295e-11  3.8781881e-07  2.9263905e+09
   6955000   37378.946      3.878327e-07   1.1908614e-11  3.8782079e-07  2.9263836e+09
   6956000   37378.436      3.878327e-07   1.7198043e-11  3.878155e-07   2.9264373e+09
   6957000   37377.731      3.878327e-07   2.4514836e-11  3.8780819e-07  2.9264678e+09
   6958000   37378.766      3.878327e-07   1.3779927e-11  3.8781892e-07  2.9263863e+09
   6959000   37378.681      3.878327e-07   1.4654853e-11  3.8781804e-07  2.9264183e+09
   6960000   37378.372      3.878327e-07   1.7861357e-11  3.8781484e-07  2.9264567e+09
   6961000   37378.16       3.878327e-07   2.0057671e-11  3.8781264e-07  2.9264615e+09
   6962000   37378.654      3.878327e-07   1.4936456e-11  3.8781776e-07  2.9264033e+09
   6963000   37378.368      3.878327e-07   1.7906424e-11  3.8781479e-07  2.9264321e+09
   6964000   37379.369      3.878327e-07   7.5131471e-12  3.8782519e-07  2.9263473e+09
   6965000   37378.156      3.878327e-07   2.0106874e-11  3.8781259e-07  2.926476e+09 
   6966000   37379.029      3.878327e-07   1.1046722e-11  3.8782165e-07  2.926373e+09 
   6967000   37379.349      3.878327e-07   7.7235114e-12  3.8782498e-07  2.9263474e+09
   6968000   37378.334      3.878327e-07   1.8251472e-11  3.8781445e-07  2.9264098e+09
   6969000   37378.728      3.878327e-07   1.4167935e-11  3.8781853e-07  2.9264052e+09
   6970000   37379.097      3.878327e-07   1.0337349e-11  3.8782236e-07  2.9263647e+09
   6971000   37378.539      3.878327e-07   1.6125805e-11  3.8781657e-07  2.926413e+09 
   6972000   37379.034      3.878327e-07   1.0993279e-11  3.8782171e-07  2.9263813e+09
   6973000   37378.558      3.878327e-07   1.5931152e-11  3.8781677e-07  2.9264254e+09
   6974000   37378.788      3.878327e-07   1.3544381e-11  3.8781916e-07  2.9263943e+09
   6975000   37379.159      3.878327e-07   9.6940647e-12  3.8782301e-07  2.9263529e+09
   6976000   37376.962      3.878327e-07   3.249466e-11   3.878002e-07   2.9265097e+09
   6977000   37377.79       3.878327e-07   2.389862e-11   3.878088e-07   2.926498e+09 
   6978000   37379.538      3.878327e-07   5.767091e-12   3.8782693e-07  2.9263238e+09
   6979000   37378.412      3.878327e-07   1.7451444e-11  3.8781525e-07  2.9264091e+09
   6980000   37378.491      3.878327e-07   1.6626719e-11  3.8781607e-07  2.9264125e+09
   6981000   37378.574      3.878327e-07   1.5767305e-11  3.8781693e-07  2.9264181e+09
   6982000   37379.268      3.878327e-07   8.5689984e-12  3.8782413e-07  2.9263608e+09
   6983000   37375.962      3.8783272e-07  4.2879983e-11  3.8778984e-07  2.9264891e+09
   6984000   37379.155      3.878327e-07   9.7334936e-12  3.8782297e-07  2.9263591e+09
   6985000   37377.685      3.878327e-07   2.4991608e-11  3.8780771e-07  2.9264625e+09
   6986000   37378.07       3.878327e-07   2.0992743e-11  3.8781171e-07  2.9264292e+09
   6987000   37378.816      3.878327e-07   1.3252605e-11  3.8781945e-07  2.9263949e+09
   6988000   37377.16       3.878327e-07   3.0433466e-11  3.8780227e-07  2.9264894e+09
   6989000   37378.577      3.878327e-07   1.5730073e-11  3.8781697e-07  2.926386e+09 
   6990000   37379.113      3.878327e-07   1.0176499e-11  3.8782252e-07  2.9263682e+09
   6991000   37379.144      3.878327e-07   9.8540308e-12  3.8782285e-07  2.9263565e+09
   6992000   37378.855      3.878327e-07   1.2847224e-11  3.8781985e-07  2.9263994e+09
   6993000   37377.896      3.878327e-07   2.2801763e-11  3.878099e-07   2.9264299e+09
   6994000   37378.083      3.878327e-07   2.0860682e-11  3.8781184e-07  2.9264853e+09
   6995000   37378.13       3.878327e-07   2.0374969e-11  3.8781232e-07  2.9264596e+09
   6996000   37378.712      3.878327e-07   1.4329738e-11  3.8781837e-07  2.9263954e+09
   6997000   37378.562      3.878327e-07   1.5891235e-11  3.8781681e-07  2.926426e+09 
   6998000   37378.626      3.878327e-07   1.5228793e-11  3.8781747e-07  2.926416e+09 
   6999000   37379.005      3.878327e-07   1.1295025e-11  3.878214e-07   2.9263767e+09
   7000000   37379.1        3.878327e-07   1.0305522e-11  3.8782239e-07  2.9263662e+09
   7001000   37378.698      3.878327e-07   1.4479322e-11  3.8781822e-07  2.9264087e+09
   7002000   37378.859      3.878327e-07   1.2805597e-11  3.8781989e-07  2.9263777e+09
   7003000   37378.049      3.878327e-07   2.121373e-11   3.8781149e-07  2.9264657e+09
   7004000   37378.036      3.878327e-07   2.1344592e-11  3.8781135e-07  2.9264712e+09
   7005000   37378.971      3.878327e-07   1.1648172e-11  3.8782105e-07  2.926382e+09 
   7006000   37378.466      3.8783269e-07  1.6884211e-11  3.8781581e-07  2.9264106e+09
   7007000   37379.283      3.878327e-07   8.4081324e-12  3.8782429e-07  2.926353e+09 
   7008000   37379.148      3.878327e-07   9.807073e-12   3.8782289e-07  2.9263715e+09
   7009000   37378.609      3.878327e-07   1.5403931e-11  3.878173e-07   2.9263934e+09
   7010000   37378.256      3.878327e-07   1.9069475e-11  3.8781363e-07  2.9264842e+09
   7011000   37378.768      3.878327e-07   1.3753702e-11  3.8781895e-07  2.9264084e+09
   7012000   37379.104      3.878327e-07   1.0268156e-11  3.8782243e-07  2.9263712e+09
   7013000   37378.826      3.878327e-07   1.3153769e-11  3.8781955e-07  2.9263977e+09
   7014000   37377.414      3.878327e-07   2.7808314e-11  3.8780489e-07  2.9264743e+09
   7015000   37379.001      3.878327e-07   1.1338789e-11  3.8782136e-07  2.9263757e+09
   7016000   37378.962      3.878327e-07   1.1741544e-11  3.8782096e-07  2.926401e+09 
   7017000   37378.25       3.878327e-07   1.9122995e-11  3.8781358e-07  2.9264522e+09
   7018000   37379.168      3.878327e-07   9.6037622e-12  3.8782309e-07  2.9263638e+09
   7019000   37378.696      3.878327e-07   1.4503722e-11  3.878182e-07   2.9264035e+09
   7020000   37379.142      3.878327e-07   9.8762669e-12  3.8782282e-07  2.9263645e+09
   7021000   37378.868      3.878327e-07   1.2713612e-11  3.8781999e-07  2.9263685e+09
   7022000   37378.723      3.878327e-07   1.4225451e-11  3.8781847e-07  2.92641e+09  
   7023000   37377.914      3.878327e-07   2.2618428e-11  3.8781008e-07  2.9264451e+09
   7024000   37379.077      3.878327e-07   1.0546157e-11  3.8782215e-07  2.9263533e+09
   7025000   37379.133      3.878327e-07   9.9700406e-12  3.8782273e-07  2.9263707e+09
   7026000   37378.313      3.878327e-07   1.847448e-11   3.8781423e-07  2.9264284e+09
   7027000   37379.407      3.878327e-07   7.1261088e-12  3.8782557e-07  2.9263416e+09
   7028000   37377.955      3.878327e-07   2.2183718e-11  3.8781051e-07  2.9264661e+09
   7029000   37378.686      3.878327e-07   1.4600089e-11  3.878181e-07   2.9264265e+09
   7030000   37379.613      3.878327e-07   4.9837253e-12  3.8782772e-07  2.9263156e+09
   7031000   37379.055      3.878327e-07   1.0775036e-11  3.8782192e-07  2.9263576e+09
   7032000   37378.6        3.878327e-07   1.5494809e-11  3.878172e-07   2.926429e+09 
   7033000   37378.762      3.878327e-07   1.3814754e-11  3.8781888e-07  2.9263935e+09
   7034000   37378.837      3.878327e-07   1.3040468e-11  3.8781966e-07  2.9263679e+09
   7035000   37378.986      3.878327e-07   1.149396e-11   3.8782121e-07  2.9263854e+09
   7036000   37379.085      3.878327e-07   1.0466859e-11  3.8782223e-07  2.926367e+09 
   7037000   37379.447      3.878327e-07   6.7127993e-12  3.8782599e-07  2.9263356e+09
   7038000   37379.198      3.878327e-07   9.2887598e-12  3.8782341e-07  2.9263635e+09
   7039000   37378.283      3.878327e-07   1.878484e-11   3.8781391e-07  2.9264392e+09
   7040000   37377.532      3.8783271e-07  2.6591871e-11  3.8780612e-07  2.9263828e+09
   7041000   37378.531      3.878327e-07   1.6207924e-11  3.8781649e-07  2.9264138e+09
   7042000   37378.781      3.878327e-07   1.3613997e-11  3.8781909e-07  2.9263921e+09
   7043000   37379.118      3.878327e-07   1.0119773e-11  3.8782258e-07  2.9263732e+09
   7044000   37378.477      3.878327e-07   1.6769447e-11  3.8781593e-07  2.9264463e+09
   7045000   37379.53       3.878327e-07   5.8441236e-12  3.8782686e-07  2.9263321e+09
   7046000   37378.334      3.878327e-07   1.8255543e-11  3.8781444e-07  2.9264465e+09
   7047000   37379.222      3.878327e-07   9.0442218e-12  3.8782365e-07  2.9263664e+09
   7048000   37379.019      3.878327e-07   1.114895e-11   3.8782155e-07  2.9263752e+09
   7049000   37379.059      3.878327e-07   1.0732809e-11  3.8782197e-07  2.9263698e+09
   7050000   37378.61       3.878327e-07   1.5394239e-11  3.8781731e-07  2.926409e+09 
   7051000   37378.119      3.878327e-07   2.0489689e-11  3.8781221e-07  2.9264602e+09
   7052000   37379.56       3.878327e-07   5.5370115e-12  3.8782716e-07  2.9263199e+09
   7053000   37379.034      3.878327e-07   1.0988697e-11  3.8782171e-07  2.9263751e+09
   7054000   37377.115      3.878327e-07   3.0908172e-11  3.8780179e-07  2.9265071e+09
   7055000   37379.253      3.878327e-07   8.7153114e-12  3.8782398e-07  2.9263562e+09
   7056000   37379.319      3.878327e-07   8.0347729e-12  3.8782466e-07  2.9263412e+09
   7057000   37378.955      3.878327e-07   1.1814544e-11  3.8782088e-07  2.926375e+09 
   7058000   37379.125      3.878327e-07   1.0051266e-11  3.8782265e-07  2.9263761e+09
   7059000   37378.053      3.878327e-07   2.1172631e-11  3.8781153e-07  2.9264583e+09
   7060000   37376.84       3.878327e-07   3.376218e-11   3.8779894e-07  2.9265045e+09
   7061000   37378.366      3.878327e-07   1.7920781e-11  3.8781478e-07  2.9264101e+09
   7062000   37378.877      3.878327e-07   1.2622344e-11  3.8782008e-07  2.9263917e+09
   7063000   37378.568      3.878327e-07   1.5827215e-11  3.8781687e-07  2.9263976e+09
   7064000   37378.874      3.878327e-07   1.2654928e-11  3.8782004e-07  2.926393e+09 
   7065000   37379.279      3.878327e-07   8.4469113e-12  3.8782425e-07  2.9263543e+09
   7066000   37378.961      3.878327e-07   1.1751464e-11  3.8782094e-07  2.9263993e+09
   7067000   37379.267      3.878327e-07   8.5763718e-12  3.8782412e-07  2.9263488e+09
   7068000   37379.112      3.878327e-07   1.0184899e-11  3.8782251e-07  2.9263712e+09
   7069000   37377.029      3.8783269e-07  3.1784092e-11  3.8780091e-07  2.9265326e+09
   7070000   37379.152      3.878327e-07   9.7696284e-12  3.8782293e-07  2.9263559e+09
   7071000   37378.735      3.878327e-07   1.4097127e-11  3.878186e-07   2.9264031e+09
   7072000   37378.25       3.878327e-07   1.9132092e-11  3.8781357e-07  2.9264359e+09
   7073000   37377.888      3.878327e-07   2.2883195e-11  3.8780982e-07  2.9264697e+09
   7074000   37378.967      3.878327e-07   1.1688497e-11  3.8782101e-07  2.9263813e+09
   7075000   37379.365      3.878327e-07   7.5559842e-12  3.8782514e-07  2.9263432e+09
   7076000   37379.078      3.878327e-07   1.0539022e-11  3.8782216e-07  2.926374e+09 
   7077000   37377.224      3.878327e-07   2.9780196e-11  3.8780292e-07  2.9264984e+09
   7078000   37378.787      3.878327e-07   1.3551163e-11  3.8781915e-07  2.9263816e+09
   7079000   37378.755      3.878327e-07   1.3891679e-11  3.8781881e-07  2.9263746e+09
   7080000   37377.899      3.8783269e-07  2.2759162e-11  3.8780994e-07  2.926411e+09 
   7081000   37379.381      3.878327e-07   7.3883131e-12  3.8782531e-07  2.9263397e+09
   7082000   37378.636      3.8783269e-07  1.5112256e-11  3.8781758e-07  2.9263982e+09
   7083000   37378.069      3.878327e-07   2.0999316e-11  3.878117e-07   2.9264765e+09
   7084000   37378.992      3.878327e-07   1.1431835e-11  3.8782127e-07  2.9263739e+09
   7085000   37379.058      3.878327e-07   1.0739379e-11  3.8782196e-07  2.9263707e+09
   7086000   37379.305      3.878327e-07   8.1766957e-12  3.8782452e-07  2.9263489e+09
   7087000   37377.921      3.878327e-07   2.2543595e-11  3.8781015e-07  2.9264596e+09
   7088000   37378.118      3.878327e-07   2.0497551e-11  3.878122e-07   2.9264452e+09
   7089000   37378.797      3.878327e-07   1.3453067e-11  3.8781925e-07  2.9263701e+09
   7090000   37377.633      3.878327e-07   2.5529699e-11  3.8780717e-07  2.9264591e+09
   7091000   37377.836      3.878327e-07   2.3427564e-11  3.8780927e-07  2.926461e+09 
   7092000   37378.544      3.878327e-07   1.6077444e-11  3.8781662e-07  2.9264323e+09
   7093000   37378.805      3.878327e-07   1.3367245e-11  3.8781933e-07  2.9263924e+09
   7094000   37378.576      3.878327e-07   1.5743043e-11  3.8781696e-07  2.926405e+09 
   7095000   37379.35       3.878327e-07   7.7188405e-12  3.8782498e-07  2.9263491e+09
   7096000   37378.546      3.878327e-07   1.6055026e-11  3.8781664e-07  2.9264156e+09
   7097000   37378.834      3.878327e-07   1.3071483e-11  3.8781963e-07  2.9263886e+09
   7098000   37378.497      3.878327e-07   1.6564167e-11  3.8781613e-07  2.926418e+09 
   7099000   37378.579      3.878327e-07   1.5718148e-11  3.8781698e-07  2.9263846e+09
   7100000   37378.408      3.878327e-07   1.7492588e-11  3.8781521e-07  2.9264167e+09
   7101000   37377.631      3.878327e-07   2.5547323e-11  3.8780715e-07  2.926491e+09 
   7102000   37378.782      3.878327e-07   1.3608571e-11  3.8781909e-07  2.9263992e+09
   7103000   37378.527      3.878327e-07   1.62584e-11    3.8781644e-07  2.9263874e+09
   7104000   37378.981      3.878327e-07   1.1546945e-11  3.8782115e-07  2.9263704e+09
   7105000   37378.702      3.878327e-07   1.4436512e-11  3.8781826e-07  2.9264021e+09
   7106000   37378.09       3.878327e-07   2.0795208e-11  3.8781191e-07  2.9263957e+09
   7107000   37378.616      3.878327e-07   1.5335195e-11  3.8781736e-07  2.9264273e+09
   7108000   37378.994      3.878327e-07   1.1408143e-11  3.8782129e-07  2.9263889e+09
   7109000   37378.847      3.878327e-07   1.2928755e-11  3.8781977e-07  2.9263882e+09
   7110000   37377.884      3.878327e-07   2.2925359e-11  3.8780977e-07  2.9264449e+09
   7111000   37379.4        3.878327e-07   7.1911326e-12  3.8782551e-07  2.9263379e+09
   7112000   37378.9        3.878327e-07   1.2379764e-11  3.8782032e-07  2.9263752e+09
   7113000   37379.034      3.878327e-07   1.0993177e-11  3.8782171e-07  2.9263706e+09
   7114000   37378.19       3.878327e-07   1.9752233e-11  3.8781295e-07  2.9264481e+09
   7115000   37377.781      3.878327e-07   2.3999391e-11  3.878087e-07   2.9264684e+09
   7116000   37378.654      3.878327e-07   1.4933933e-11  3.8781776e-07  2.9263934e+09
   7117000   37379.353      3.878327e-07   7.6882544e-12  3.8782501e-07  2.926337e+09 
   7118000   37379          3.878327e-07   1.1343991e-11  3.8782136e-07  2.9263615e+09
   7119000   37377.623      3.878327e-07   2.5631245e-11  3.8780707e-07  2.9264915e+09
   7120000   37378.933      3.878327e-07   1.2043634e-11  3.8782066e-07  2.9263829e+09
   7121000   37378.969      3.878327e-07   1.1670319e-11  3.8782103e-07  2.9263791e+09
   7122000   37378.464      3.878327e-07   1.6905056e-11  3.8781579e-07  2.9263983e+09
   7123000   37378.748      3.878327e-07   1.3962169e-11  3.8781874e-07  2.9263913e+09
   7124000   37379.455      3.878327e-07   6.6206434e-12  3.8782608e-07  2.9263337e+09
   7125000   37379.019      3.878327e-07   1.1149327e-11  3.8782155e-07  2.9264056e+09
   7126000   37377.765      3.8783269e-07  2.4154178e-11  3.8780854e-07  2.9264545e+09
   7127000   37376.96       3.878327e-07   3.2507241e-11  3.8780019e-07  2.9265327e+09
   7128000   37377.711      3.878327e-07   2.4724947e-11  3.8780798e-07  2.9264739e+09
   7129000   37378.634      3.878327e-07   1.5140972e-11  3.8781756e-07  2.9264183e+09
   7130000   37378.879      3.878327e-07   1.2603392e-11  3.878201e-07   2.9263695e+09
   7131000   37378.582      3.878327e-07   1.5681225e-11  3.8781702e-07  2.9263973e+09
   7132000   37379.085      3.878327e-07   1.0460755e-11  3.8782224e-07  2.9263709e+09
   7133000   37379.743      3.878327e-07   3.6358235e-12  3.8782906e-07  2.9262992e+09
   7134000   37378.63       3.878327e-07   1.518701e-11   3.8781751e-07  2.9264163e+09
   7135000   37378.797      3.878327e-07   1.34532e-11    3.8781924e-07  2.9264014e+09
   7136000   37378.57       3.878327e-07   1.5809694e-11  3.8781689e-07  2.9264043e+09
   7137000   37378.55       3.878327e-07   1.601653e-11   3.8781668e-07  2.9264119e+09
   7138000   37379.334      3.878327e-07   7.8836687e-12  3.8782482e-07  2.9263369e+09
   7139000   37378.961      3.878327e-07   1.1746734e-11  3.8782095e-07  2.9263858e+09
   7140000   37378.899      3.878327e-07   1.2386206e-11  3.8782031e-07  2.9263922e+09
   7141000   37378.974      3.878327e-07   1.1614108e-11  3.8782108e-07  2.926384e+09 
   7142000   37379.526      3.878327e-07   5.8922352e-12  3.8782681e-07  2.9263236e+09
   7143000   37377.422      3.878327e-07   2.77162e-11    3.8780498e-07  2.9264559e+09
   7144000   37378.211      3.878327e-07   1.9524661e-11  3.8781317e-07  2.9264295e+09
   7145000   37377.862      3.878327e-07   2.315545e-11   3.8780954e-07  2.9264459e+09
   7146000   37379.276      3.878327e-07   8.4798667e-12  3.8782422e-07  2.9263535e+09
   7147000   37377.984      3.878327e-07   2.1892721e-11  3.8781081e-07  2.9264485e+09
   7148000   37379.102      3.878327e-07   1.0287137e-11  3.8782241e-07  2.9263593e+09
   7149000   37377.877      3.878327e-07   2.2995188e-11  3.878097e-07   2.9264814e+09
   7150000   37379.517      3.878327e-07   5.9791331e-12  3.8782672e-07  2.9263309e+09
   7151000   37378.666      3.878327e-07   1.4814501e-11  3.8781788e-07  2.926395e+09 
   7152000   37378.419      3.878327e-07   1.7373507e-11  3.8781533e-07  2.9264204e+09
   7153000   37379.064      3.878327e-07   1.0686795e-11  3.8782201e-07  2.9263704e+09
   7154000   37378.049      3.878327e-07   2.1210631e-11  3.8781149e-07  2.9264377e+09
   7155000   37377.129      3.878327e-07   3.0760404e-11  3.8780194e-07  2.9264932e+09
   7156000   37378.888      3.878327e-07   1.2510525e-11  3.8782019e-07  2.9263887e+09
   7157000   37378.814      3.878327e-07   1.3275176e-11  3.8781942e-07  2.9264053e+09
   7158000   37378.386      3.878327e-07   1.771272e-11   3.8781499e-07  2.9264754e+09
   7159000   37378.946      3.878327e-07   1.1901003e-11  3.878208e-07   2.9263779e+09
   7160000   37377.671      3.878327e-07   2.5136897e-11  3.8780756e-07  2.9264834e+09
   7161000   37378.693      3.878327e-07   1.4527972e-11  3.8781817e-07  2.9264003e+09
   7162000   37378.431      3.878327e-07   1.7252196e-11  3.8781545e-07  2.9264047e+09
   7163000   37378.495      3.878327e-07   1.6587298e-11  3.8781611e-07  2.926432e+09 
   7164000   37378.026      3.878327e-07   2.1451622e-11  3.8781125e-07  2.9264563e+09
   7165000   37377.969      3.878327e-07   2.2037328e-11  3.8781066e-07  2.9264517e+09
   7166000   37379.479      3.878327e-07   6.3801138e-12  3.8782632e-07  2.926337e+09 
   7167000   37378.911      3.878327e-07   1.2264542e-11  3.8782043e-07  2.926406e+09 
   7168000   37378.495      3.878327e-07   1.6581655e-11  3.8781612e-07  2.9264186e+09
   7169000   37379.599      3.878327e-07   5.134863e-12   3.8782757e-07  2.926303e+09 
   7170000   37378.809      3.878327e-07   1.3328449e-11  3.8781937e-07  2.9264137e+09
   7171000   37377.866      3.878327e-07   2.3116277e-11  3.8780959e-07  2.9264537e+09
   7172000   37378.188      3.878327e-07   1.9770982e-11  3.8781293e-07  2.9264479e+09
   7173000   37378.6        3.878327e-07   1.5496259e-11  3.878172e-07   2.9263981e+09
   7174000   37378.239      3.878327e-07   1.9238391e-11  3.8781346e-07  2.9264391e+09
   7175000   37378.588      3.878327e-07   1.561683e-11   3.8781708e-07  2.9264234e+09
   7176000   37379.022      3.878327e-07   1.1119883e-11  3.8782158e-07  2.926373e+09 
   7177000   37379.193      3.878327e-07   9.3390288e-12  3.8782336e-07  2.9263622e+09
   7178000   37378.826      3.878327e-07   1.3147307e-11  3.8781955e-07  2.9264016e+09
   7179000   37377.973      3.878327e-07   2.1994598e-11  3.878107e-07   2.9264603e+09
   7180000   37378.129      3.878327e-07   2.0388176e-11  3.8781231e-07  2.9264297e+09
   7181000   37378.491      3.878327e-07   1.6619077e-11  3.8781608e-07  2.9264109e+09
   7182000   37378.473      3.878327e-07   1.6812157e-11  3.8781589e-07  2.9263945e+09
   7183000   37378.65       3.878327e-07   1.4973602e-11  3.8781772e-07  2.9264229e+09
   7184000   37379.059      3.878327e-07   1.0738453e-11  3.8782196e-07  2.9263777e+09
   7185000   37378.02       3.878327e-07   2.1512352e-11  3.8781119e-07  2.9264446e+09
   7186000   37378.613      3.878327e-07   1.5358048e-11  3.8781734e-07  2.9263896e+09
   7187000   37378.897      3.878327e-07   1.2409739e-11  3.8782029e-07  2.9263807e+09
   7188000   37379.104      3.878327e-07   1.0265577e-11  3.8782243e-07  2.9263644e+09
   7189000   37379.074      3.878327e-07   1.0581693e-11  3.8782212e-07  2.9263725e+09
   7190000   37379.16       3.878327e-07   9.6835261e-12  3.8782302e-07  2.9263637e+09
   7191000   37378.839      3.878327e-07   1.3018422e-11  3.8781968e-07  2.9264001e+09
   7192000   37377.654      3.878327e-07   2.5310083e-11  3.8780739e-07  2.9264476e+09
   7193000   37379.25       3.878327e-07   8.7529907e-12  3.8782395e-07  2.9263694e+09
   7194000   37378.711      3.878327e-07   1.4342928e-11  3.8781836e-07  2.9264092e+09
   7195000   37378.169      3.878327e-07   1.9967694e-11  3.8781273e-07  2.9264347e+09
   7196000   37378.442      3.878327e-07   1.7139188e-11  3.8781556e-07  2.9264214e+09
   7197000   37377.41       3.878327e-07   2.7843434e-11  3.8780486e-07  2.926504e+09 
   7198000   37378.961      3.878327e-07   1.1747932e-11  3.8782095e-07  2.926372e+09 
   7199000   37378.247      3.878327e-07   1.9160987e-11  3.8781354e-07  2.9264186e+09
   7200000   37378.617      3.878327e-07   1.5320196e-11  3.8781738e-07  2.9264243e+09
   7201000   37377.104      3.878327e-07   3.1017302e-11  3.8780169e-07  2.9265041e+09
   7202000   37378.184      3.8783269e-07  1.9796931e-11  3.8781289e-07  2.9264172e+09
   7203000   37377.914      3.878327e-07   2.261197e-11   3.8781009e-07  2.9264673e+09
   7204000   37378.72       3.878327e-07   1.4245777e-11  3.8781845e-07  2.9264008e+09
   7205000   37379.041      3.878327e-07   1.0916528e-11  3.8782178e-07  2.9263757e+09
   7206000   37379.276      3.878327e-07   8.4810226e-12  3.8782422e-07  2.9263487e+09
   7207000   37379.279      3.878327e-07   8.4534716e-12  3.8782425e-07  2.9263498e+09
   7208000   37378.565      3.878327e-07   1.58583e-11    3.8781684e-07  2.9264166e+09
   7209000   37379.058      3.878327e-07   1.0742458e-11  3.8782196e-07  2.9263752e+09
   7210000   37379.186      3.878327e-07   9.4128694e-12  3.8782329e-07  2.9263668e+09
   7211000   37378.569      3.878327e-07   1.5820168e-11  3.8781688e-07  2.9264004e+09
   7212000   37378.186      3.878327e-07   1.9793758e-11  3.878129e-07   2.9264433e+09
   7213000   37378.912      3.878327e-07   1.2259753e-11  3.8782044e-07  2.9263811e+09
   7214000   37378.902      3.878327e-07   1.2365461e-11  3.8782033e-07  2.9263895e+09
   7215000   37378.36       3.878327e-07   1.798499e-11   3.8781472e-07  2.9264316e+09
   7216000   37378.206      3.878327e-07   1.9585763e-11  3.8781311e-07  2.9264634e+09
   7217000   37378.792      3.878327e-07   1.3506579e-11  3.8781919e-07  2.9263976e+09
   7218000   37379.027      3.878327e-07   1.1070087e-11  3.8782163e-07  2.9263713e+09
   7219000   37378.504      3.878327e-07   1.6487476e-11  3.8781621e-07  2.926418e+09 
   7220000   37379.01       3.878327e-07   1.1239794e-11  3.8782146e-07  2.9263786e+09
   7221000   37377.945      3.878327e-07   2.2285466e-11  3.8781041e-07  2.9264596e+09
   7222000   37378.417      3.878327e-07   1.7394671e-11  3.878153e-07   2.9263859e+09
   7223000   37378.984      3.878327e-07   1.1509103e-11  3.8782119e-07  2.9263679e+09
   7224000   37378.185      3.878327e-07   1.979906e-11   3.878129e-07   2.9264554e+09
   7225000   37378.032      3.878327e-07   2.1388358e-11  3.8781131e-07  2.9264394e+09
   7226000   37377.705      3.878327e-07   2.4780354e-11  3.8780792e-07  2.9264491e+09
   7227000   37378.682      3.878327e-07   1.4643709e-11  3.8781806e-07  2.9264113e+09
   7228000   37379.459      3.878327e-07   6.5808747e-12  3.8782612e-07  2.9263262e+09
   7229000   37378.508      3.878327e-07   1.6455856e-11  3.8781624e-07  2.9264133e+09
   7230000   37379.145      3.878327e-07   9.8383316e-12  3.8782286e-07  2.9263614e+09
   7231000   37377.362      3.878327e-07   2.8337643e-11  3.8780436e-07  2.9265014e+09
   7232000   37378.348      3.878327e-07   1.8113893e-11  3.8781458e-07  2.9264262e+09
   7233000   37378.942      3.878327e-07   1.1947277e-11  3.8782075e-07  2.9264045e+09
   7234000   37378.469      3.8783271e-07  1.685801e-11   3.8781585e-07  2.9263861e+09
   7235000   37379.028      3.878327e-07   1.1050016e-11  3.8782165e-07  2.9263948e+09
   7236000   37377.97       3.8783269e-07  2.2023481e-11  3.8781067e-07  2.9264597e+09
   7237000   37378.855      3.878327e-07   1.2854132e-11  3.8781984e-07  2.9263909e+09
   7238000   37378.422      3.878327e-07   1.7346704e-11  3.8781535e-07  2.9264263e+09
   7239000   37379.102      3.878327e-07   1.0287948e-11  3.8782241e-07  2.9263714e+09
   7240000   37378.679      3.878327e-07   1.4676142e-11  3.8781802e-07  2.926426e+09 
   7241000   37379.315      3.878327e-07   8.0785781e-12  3.8782462e-07  2.926344e+09 
   7242000   37377.385      3.878327e-07   2.8099623e-11  3.878046e-07   2.9265125e+09
   7243000   37379.097      3.878327e-07   1.0345442e-11  3.8782236e-07  2.9263352e+09
   7244000   37378.602      3.878327e-07   1.5470261e-11  3.8781723e-07  2.9263788e+09
   7245000   37378.945      3.878327e-07   1.1920488e-11  3.8782078e-07  2.9263822e+09
   7246000   37378.262      3.878327e-07   1.9003347e-11  3.878137e-07   2.9263906e+09
   7247000   37379.365      3.878327e-07   7.5644448e-12  3.8782514e-07  2.9263339e+09
   7248000   37378.54       3.878327e-07   1.6117524e-11  3.8781658e-07  2.9264302e+09
   7249000   37378.678      3.878327e-07   1.4684679e-11  3.8781801e-07  2.926407e+09 
   7250000   37378.388      3.878327e-07   1.7691845e-11  3.8781501e-07  2.926426e+09 
   7251000   37379.054      3.878327e-07   1.0789459e-11  3.8782191e-07  2.9263692e+09
   7252000   37377.411      3.878327e-07   2.7828826e-11  3.8780487e-07  2.9265129e+09
   7253000   37378.571      3.878327e-07   1.5801252e-11  3.878169e-07   2.9264242e+09
   7254000   37379.16       3.878327e-07   9.683608e-12   3.8782302e-07  2.9263414e+09
   7255000   37378.232      3.878327e-07   1.93104e-11    3.8781339e-07  2.9264663e+09
   7256000   37378.584      3.878327e-07   1.5661823e-11  3.8781704e-07  2.9264004e+09
   7257000   37378.263      3.878327e-07   1.8989661e-11  3.8781371e-07  2.9264233e+09
   7258000   37378.649      3.878327e-07   1.4991273e-11  3.8781771e-07  2.9264268e+09
   7259000   37379.067      3.878327e-07   1.0652513e-11  3.8782204e-07  2.9263699e+09
   7260000   37378.888      3.878327e-07   1.2511945e-11  3.8782019e-07  2.9264153e+09
   7261000   37378.453      3.878327e-07   1.7021592e-11  3.8781568e-07  2.9264053e+09
   7262000   37377.614      3.8783269e-07  2.5723902e-11  3.8780697e-07  2.9264897e+09
   7263000   37378.867      3.878327e-07   1.2729337e-11  3.8781997e-07  2.9263943e+09
   7264000   37379.278      3.878327e-07   8.4665199e-12  3.8782423e-07  2.9263397e+09
   7265000   37378.25       3.878327e-07   1.9133426e-11  3.8781357e-07  2.9264255e+09
   7266000   37379.121      3.878327e-07   1.0093182e-11  3.8782261e-07  2.9263652e+09
   7267000   37379.414      3.878327e-07   7.0544354e-12  3.8782565e-07  2.9263421e+09
   7268000   37378.059      3.878327e-07   2.1108481e-11  3.8781159e-07  2.9264392e+09
   7269000   37378.826      3.878327e-07   1.3147898e-11  3.8781955e-07  2.9263791e+09
   7270000   37378.838      3.878327e-07   1.3025664e-11  3.8781967e-07  2.9264028e+09
   7271000   37379.55       3.878327e-07   5.6379554e-12  3.8782706e-07  2.9263232e+09
   7272000   37377.928      3.878327e-07   2.2463189e-11  3.8781023e-07  2.926461e+09 
   7273000   37378.715      3.878327e-07   1.4301509e-11  3.878184e-07   2.926387e+09 
   7274000   37378.917      3.878327e-07   1.2202386e-11  3.878205e-07   2.9263846e+09
   7275000   37378.765      3.878327e-07   1.3780486e-11  3.8781892e-07  2.9263956e+09
   7276000   37378.666      3.878327e-07   1.4813049e-11  3.8781789e-07  2.9263976e+09
   7277000   37378.837      3.878327e-07   1.3041025e-11  3.8781966e-07  2.9263784e+09
   7278000   37379.054      3.878327e-07   1.0785881e-11  3.8782191e-07  2.9263813e+09
   7279000   37378.785      3.878327e-07   1.3578146e-11  3.8781912e-07  2.9264046e+09
   7280000   37378.332      3.878327e-07   1.8269527e-11  3.8781443e-07  2.9264113e+09
   7281000   37378.805      3.878327e-07   1.3362522e-11  3.8781934e-07  2.9263984e+09
   7282000   37377.829      3.878327e-07   2.3493237e-11  3.8780921e-07  2.9264553e+09
   7283000   37378.603      3.878327e-07   1.5470403e-11  3.8781723e-07  2.9264011e+09
   7284000   37378.672      3.878327e-07   1.4749103e-11  3.8781795e-07  2.9264039e+09
   7285000   37379.08       3.878327e-07   1.0514695e-11  3.8782218e-07  2.926379e+09 
   7286000   37377.351      3.878327e-07   2.8451348e-11  3.8780425e-07  2.926505e+09 
   7287000   37378.862      3.878327e-07   1.2778737e-11  3.8781992e-07  2.9263954e+09
   7288000   37378.863      3.878327e-07   1.2762283e-11  3.8781994e-07  2.9263986e+09
   7289000   37378.965      3.878327e-07   1.1704272e-11  3.87821e-07    2.9263733e+09
   7290000   37379.025      3.878327e-07   1.1091593e-11  3.8782161e-07  2.9263736e+09
   7291000   37378.73       3.878327e-07   1.4149254e-11  3.8781855e-07  2.9264166e+09
   7292000   37378.785      3.878327e-07   1.3575527e-11  3.8781912e-07  2.9264087e+09
   7293000   37378.434      3.878327e-07   1.7214374e-11  3.8781548e-07  2.9264375e+09
   7294000   37378.836      3.878327e-07   1.3042351e-11  3.8781966e-07  2.9263966e+09
   7295000   37377.473      3.878327e-07   2.7191037e-11  3.8780551e-07  2.9264304e+09
   7296000   37378.446      3.878327e-07   1.7092774e-11  3.8781561e-07  2.9264169e+09
   7297000   37379.295      3.878327e-07   8.2875234e-12  3.8782441e-07  2.9263493e+09
   7298000   37378.296      3.8783269e-07  1.8640334e-11  3.8781405e-07  2.9264234e+09
   7299000   37378.183      3.878327e-07   1.9826784e-11  3.8781287e-07  2.9264314e+09
   7300000   37378.094      3.878327e-07   2.074859e-11   3.8781195e-07  2.9264272e+09
   7301000   37377.627      3.878327e-07   2.5591439e-11  3.8780711e-07  2.9264566e+09
   7302000   37379.318      3.878327e-07   8.0479596e-12  3.8782465e-07  2.9263563e+09
   7303000   37378.343      3.878327e-07   1.8161601e-11  3.8781454e-07  2.9264168e+09
   7304000   37378.63       3.878327e-07   1.5185952e-11  3.8781752e-07  2.9264119e+09
   7305000   37375.466      3.878327e-07   4.8012066e-11  3.8778469e-07  2.9265757e+09
   7306000   37378.727      3.878327e-07   1.4180633e-11  3.8781852e-07  2.926408e+09 
   7307000   37378.383      3.878327e-07   1.7746952e-11  3.8781496e-07  2.9263948e+09
   7308000   37379.166      3.878327e-07   9.6224226e-12  3.8782308e-07  2.9263561e+09
   7309000   37377.834      3.878327e-07   2.3440574e-11  3.8780926e-07  2.926444e+09 
   7310000   37377.919      3.878327e-07   2.256056e-11   3.8781014e-07  2.9264363e+09
   7311000   37378.646      3.878327e-07   1.5021139e-11  3.8781768e-07  2.9264235e+09
   7312000   37378.977      3.878327e-07   1.1580272e-11  3.8782112e-07  2.9263894e+09
   7313000   37377.784      3.8783268e-07  2.39494e-11    3.8780874e-07  2.9264419e+09
   7314000   37379.211      3.878327e-07   9.1610766e-12  3.8782354e-07  2.9263606e+09
   7315000   37379.415      3.878327e-07   7.0416059e-12  3.8782566e-07  2.9263281e+09
   7316000   37378.877      3.878327e-07   1.2626333e-11  3.8782007e-07  2.9263954e+09
   7317000   37379.113      3.878327e-07   1.0171622e-11  3.8782253e-07  2.9263605e+09
   7318000   37379.023      3.878327e-07   1.1103692e-11  3.878216e-07   2.9263564e+09
   7319000   37378.399      3.878327e-07   1.7584317e-11  3.8781512e-07  2.9263919e+09
   7320000   37379.208      3.878327e-07   9.1876762e-12  3.8782351e-07  2.9263613e+09
   7321000   37378.233      3.878327e-07   1.9302911e-11  3.8781339e-07  2.9264158e+09
   7322000   37378.352      3.878327e-07   1.8069532e-11  3.8781463e-07  2.9264234e+09
   7323000   37378.509      3.878327e-07   1.6436793e-11  3.8781626e-07  2.926418e+09 
   7324000   37377.389      3.878327e-07   2.8061208e-11  3.8780464e-07  2.9264853e+09
   7325000   37378.608      3.878327e-07   1.5410366e-11  3.8781729e-07  2.9263918e+09
   7326000   37378.861      3.878327e-07   1.2789119e-11  3.8781991e-07  2.9263941e+09
   7327000   37377.757      3.878327e-07   2.4240795e-11  3.8780846e-07  2.9264503e+09
   7328000   37378.26       3.878327e-07   1.9025769e-11  3.8781367e-07  2.9264356e+09
   7329000   37379.245      3.878327e-07   8.801954e-12   3.878239e-07   2.9263577e+09
   7330000   37379.291      3.878327e-07   8.3300106e-12  3.8782437e-07  2.9263454e+09
   7331000   37379.064      3.878327e-07   1.0681602e-11  3.8782202e-07  2.9263693e+09
   7332000   37378.511      3.878327e-07   1.6418399e-11  3.8781628e-07  2.9264224e+09
   7333000   37378.629      3.878327e-07   1.5196427e-11  3.878175e-07   2.9264119e+09
   7334000   37378.875      3.878327e-07   1.2639161e-11  3.8782006e-07  2.9263853e+09
   7335000   37378.544      3.878327e-07   1.6073065e-11  3.8781663e-07  2.9264138e+09
   7336000   37378.922      3.878327e-07   1.2159899e-11  3.8782054e-07  2.9263619e+09
   7337000   37379.251      3.878327e-07   8.7397615e-12  3.8782396e-07  2.9263505e+09
   7338000   37378.656      3.878327e-07   1.4911461e-11  3.8781779e-07  2.9264004e+09
   7339000   37378.643      3.878327e-07   1.5055983e-11  3.8781765e-07  2.9264074e+09
   7340000   37379.141      3.878327e-07   9.876923e-12   3.8782282e-07  2.9263573e+09
   7341000   37378.908      3.878327e-07   1.2298827e-11  3.878204e-07   2.9263949e+09
   7342000   37378.529      3.878327e-07   1.6227114e-11  3.8781647e-07  2.9264231e+09
   7343000   37379.346      3.878327e-07   7.7605114e-12  3.8782494e-07  2.926346e+09 
   7344000   37378.038      3.878327e-07   2.1324792e-11  3.8781137e-07  2.9264814e+09
   7345000   37379.194      3.878327e-07   9.3329744e-12  3.8782337e-07  2.9263756e+09
   7346000   37378.654      3.878327e-07   1.4935394e-11  3.8781776e-07  2.9264015e+09
   7347000   37379.32       3.878327e-07   8.0274982e-12  3.8782467e-07  2.9263326e+09
   7348000   37379.101      3.878327e-07   1.0296469e-11  3.878224e-07   2.9263664e+09
   7349000   37379.082      3.878327e-07   1.0498073e-11  3.878222e-07   2.9263606e+09
   7350000   37378.449      3.878327e-07   1.7068947e-11  3.8781564e-07  2.9264001e+09
   7351000   37379.05       3.878327e-07   1.0830416e-11  3.8782187e-07  2.926371e+09 
   7352000   37378.261      3.878327e-07   1.9016269e-11  3.8781368e-07  2.9264395e+09
   7353000   37379.047      3.878327e-07   1.0859548e-11  3.8782184e-07  2.926368e+09 
   7354000   37377.672      3.878327e-07   2.5128109e-11  3.8780757e-07  2.9264852e+09
   7355000   37378.056      3.878327e-07   2.1140996e-11  3.8781156e-07  2.9264625e+09
   7356000   37378.635      3.878327e-07   1.5130323e-11  3.8781757e-07  2.9264108e+09
   7357000   37378.646      3.878327e-07   1.5013574e-11  3.8781769e-07  2.9264118e+09
   7358000   37378.47       3.878327e-07   1.6846936e-11  3.8781586e-07  2.9263706e+09
   7359000   37379.241      3.878327e-07   8.8406686e-12  3.8782386e-07  2.9263573e+09
   7360000   37379.251      3.878327e-07   8.7455307e-12  3.8782395e-07  2.9263597e+09
   7361000   37377.922      3.8783269e-07  2.252585e-11   3.8781017e-07  2.9264559e+09
   7362000   37379.04       3.878327e-07   1.0931542e-11  3.8782176e-07  2.9263666e+09
   7363000   37378.597      3.878327e-07   1.5521558e-11  3.8781718e-07  2.9264183e+09
   7364000   37378.621      3.878327e-07   1.5275871e-11  3.8781742e-07  2.9264164e+09
   7365000   37379.24       3.878327e-07   8.8573751e-12  3.8782384e-07  2.9263489e+09
   7366000   37378.782      3.878327e-07   1.3607419e-11  3.8781909e-07  2.9264013e+09
   7367000   37378.737      3.878327e-07   1.407726e-11   3.8781862e-07  2.9264126e+09
   7368000   37378.162      3.878327e-07   2.0042484e-11  3.8781266e-07  2.9263961e+09
   7369000   37378.973      3.878327e-07   1.1622772e-11  3.8782108e-07  2.9263807e+09
   7370000   37378.072      3.878327e-07   2.0973365e-11  3.8781173e-07  2.9264271e+09
   7371000   37378.832      3.878327e-07   1.3083737e-11  3.8781962e-07  2.9264172e+09
   7372000   37378.876      3.878327e-07   1.2626438e-11  3.8782007e-07  2.926369e+09 
   7373000   37378.716      3.878327e-07   1.4292829e-11  3.8781841e-07  2.9264222e+09
   7374000   37378.813      3.8783269e-07  1.3272345e-11  3.8781942e-07  2.9263652e+09
   7375000   37379.192      3.878327e-07   9.3539527e-12  3.8782335e-07  2.9263502e+09
   7376000   37379.13       3.878327e-07   9.9971764e-12  3.878227e-07   2.9263682e+09
   7377000   37378.824      3.878327e-07   1.3174937e-11  3.8781952e-07  2.9263959e+09
   7378000   37378.899      3.878327e-07   1.2392257e-11  3.8782031e-07  2.9264008e+09
   7379000   37379.091      3.878327e-07   1.0397742e-11  3.878223e-07   2.9263638e+09
   7380000   37379.169      3.878327e-07   9.5919655e-12  3.8782311e-07  2.9263511e+09
   7381000   37378.798      3.878327e-07   1.3436341e-11  3.8781926e-07  2.92638e+09  
   7382000   37379.359      3.878327e-07   7.6261163e-12  3.8782507e-07  2.9263385e+09
   7383000   37377.767      3.878327e-07   2.4144595e-11  3.8780856e-07  2.9264455e+09
   7384000   37379.035      3.878327e-07   1.0978683e-11  3.8782172e-07  2.9263621e+09
   7385000   37378.987      3.878327e-07   1.1474424e-11  3.8782122e-07  2.9263793e+09
   7386000   37377.869      3.8783269e-07  2.306973e-11   3.8780962e-07  2.9264546e+09
   7387000   37378.131      3.878327e-07   2.0359708e-11  3.8781234e-07  2.9264541e+09
   7388000   37378.639      3.878327e-07   1.5086568e-11  3.8781761e-07  2.9264112e+09
   7389000   37377.326      3.878327e-07   2.8713519e-11  3.8780399e-07  2.9265e+09   
   7390000   37378.305      3.878327e-07   1.8554249e-11  3.8781414e-07  2.926423e+09 
   7391000   37378.655      3.878327e-07   1.493251e-11   3.8781777e-07  2.9263865e+09
   7392000   37378.993      3.878327e-07   1.1422641e-11  3.8782128e-07  2.9263851e+09
   7393000   37379.53       3.878327e-07   5.8476768e-12  3.8782685e-07  2.9263144e+09
   7394000   37378.729      3.878327e-07   1.415871e-11   3.8781854e-07  2.9263948e+09
   7395000   37377.882      3.878327e-07   2.2953816e-11  3.8780975e-07  2.9264271e+09
   7396000   37379.144      3.878327e-07   9.8534265e-12  3.8782285e-07  2.9263718e+09
   7397000   37377.813      3.878327e-07   2.3653292e-11  3.8780904e-07  2.9264671e+09
   7398000   37378.608      3.878327e-07   1.5411095e-11  3.8781729e-07  2.9264042e+09
   7399000   37378.051      3.878327e-07   2.1195719e-11  3.878115e-07   2.9264234e+09
   7400000   37378.452      3.878327e-07   1.7034225e-11  3.8781567e-07  2.9264342e+09
   7401000   37377.78       3.8783271e-07  2.401079e-11   3.8780869e-07  2.926408e+09 
   7402000   37378.593      3.878327e-07   1.5571193e-11  3.8781713e-07  2.9263962e+09
   7403000   37379.384      3.878327e-07   7.361606e-12   3.8782534e-07  2.9263412e+09
   7404000   37377.105      3.878327e-07   3.1005805e-11  3.8780169e-07  2.9264817e+09
   7405000   37378.528      3.878327e-07   1.6242145e-11  3.8781646e-07  2.926406e+09 
   7406000   37379.393      3.878327e-07   7.2712829e-12  3.8782543e-07  2.9263354e+09
   7407000   37378.347      3.878327e-07   1.8117072e-11  3.8781458e-07  2.9264229e+09
   7408000   37378.91       3.878327e-07   1.2278098e-11  3.8782042e-07  2.9263896e+09
   7409000   37378.931      3.878327e-07   1.2058082e-11  3.8782064e-07  2.926387e+09 
   7410000   37378.339      3.8783269e-07  1.8187668e-11  3.878145e-07   2.9264156e+09
   7411000   37376.828      3.878327e-07   3.3881853e-11  3.8779882e-07  2.9265394e+09
   7412000   37379.275      3.878327e-07   8.4907555e-12  3.8782421e-07  2.9263501e+09
   7413000   37378.436      3.878327e-07   1.7203435e-11  3.878155e-07   2.9264032e+09
   7414000   37378.293      3.878327e-07   1.8681025e-11  3.8781402e-07  2.9264751e+09
   7415000   37379.561      3.878327e-07   5.529622e-12   3.8782717e-07  2.9263198e+09
   7416000   37377.682      3.878327e-07   2.5019675e-11  3.8780768e-07  2.9264602e+09
   7417000   37379.105      3.878327e-07   1.0260759e-11  3.8782244e-07  2.9263865e+09
   7418000   37379.195      3.878327e-07   9.3223137e-12  3.8782338e-07  2.9263606e+09
   7419000   37378.717      3.878327e-07   1.4283613e-11  3.8781842e-07  2.9263895e+09
   7420000   37378.692      3.878327e-07   1.4541473e-11  3.8781816e-07  2.9263905e+09
   7421000   37379.168      3.878327e-07   9.6012809e-12  3.878231e-07   2.9263674e+09
   7422000   37378.526      3.878327e-07   1.6264135e-11  3.8781643e-07  2.9264319e+09
   7423000   37378.508      3.878327e-07   1.64526e-11    3.8781625e-07  2.9264362e+09
   7424000   37377.717      3.878327e-07   2.4659963e-11  3.8780804e-07  2.9264695e+09
   7425000   37378.435      3.878327e-07   1.7213862e-11  3.8781549e-07  2.9264043e+09
   7426000   37378.588      3.878327e-07   1.5615064e-11  3.8781708e-07  2.926402e+09 
   7427000   37378.17       3.878327e-07   1.9954178e-11  3.8781275e-07  2.9264422e+09
   7428000   37378.466      3.878327e-07   1.688623e-11   3.8781581e-07  2.926422e+09 
   7429000   37378.385      3.878327e-07   1.7723921e-11  3.8781498e-07  2.9264456e+09
   7430000   37378.29       3.878327e-07   1.8714539e-11  3.8781398e-07  2.9264428e+09
   7431000   37379.34       3.878327e-07   7.8167526e-12  3.8782488e-07  2.9263405e+09
   7432000   37378.844      3.878327e-07   1.2966565e-11  3.8781973e-07  2.9264081e+09
   7433000   37378.211      3.878327e-07   1.9529599e-11  3.8781317e-07  2.9264491e+09
   7434000   37378.968      3.878327e-07   1.1680673e-11  3.8782102e-07  2.9263947e+09
   7435000   37378.985      3.878327e-07   1.1494858e-11  3.878212e-07   2.926372e+09 
   7436000   37379.341      3.878327e-07   7.8096169e-12  3.8782489e-07  2.9263459e+09
   7437000   37378.422      3.878327e-07   1.7345296e-11  3.8781536e-07  2.9264228e+09
   7438000   37378.398      3.878327e-07   1.759324e-11   3.878151e-07   2.9264197e+09
   7439000   37379.046      3.878327e-07   1.0865144e-11  3.8782183e-07  2.9263796e+09
   7440000   37378.136      3.878327e-07   2.0315313e-11  3.8781238e-07  2.9264712e+09
   7441000   37379.367      3.878327e-07   7.5360479e-12  3.8782516e-07  2.9263553e+09
   7442000   37378.112      3.878327e-07   2.0557036e-11  3.8781214e-07  2.9264454e+09
   7443000   37377.907      3.878327e-07   2.268453e-11   3.8781001e-07  2.9264241e+09
   7444000   37378.818      3.878327e-07   1.3232513e-11  3.8781947e-07  2.9263835e+09
   7445000   37379.245      3.878327e-07   8.8079407e-12  3.8782389e-07  2.926362e+09 
   7446000   37377.58       3.8783269e-07  2.6070984e-11  3.8780662e-07  2.9264729e+09
   7447000   37379.037      3.878327e-07   1.0963416e-11  3.8782174e-07  2.9263828e+09
   7448000   37377.916      3.878327e-07   2.2590787e-11  3.8781011e-07  2.9264246e+09
   7449000   37378.955      3.878327e-07   1.180988e-11   3.8782089e-07  2.9263538e+09
   7450000   37376.097      3.8783271e-07  4.1476507e-11  3.8779124e-07  2.9264174e+09
   7451000   37378.706      3.878327e-07   1.4393154e-11  3.8781831e-07  2.9264003e+09
   7452000   37378.029      3.878327e-07   2.1423686e-11  3.8781128e-07  2.9264448e+09
   7453000   37378.664      3.8783269e-07  1.4826785e-11  3.8781787e-07  2.9264373e+09
   7454000   37378.702      3.878327e-07   1.4438445e-11  3.8781826e-07  2.9264163e+09
   7455000   37379.245      3.878327e-07   8.8064571e-12  3.8782389e-07  2.9263556e+09
   7456000   37379.429      3.878327e-07   6.8973737e-12  3.878258e-07   2.9263361e+09
   7457000   37377.72       3.8783269e-07  2.4616127e-11  3.8780807e-07  2.9264775e+09
   7458000   37378.873      3.878327e-07   1.2659037e-11  3.8782004e-07  2.9264052e+09
   7459000   37378.977      3.878327e-07   1.1579317e-11  3.8782112e-07  2.9263888e+09
   7460000   37378.723      3.878327e-07   1.4216979e-11  3.8781848e-07  2.9264023e+09
   7461000   37378.541      3.878327e-07   1.6104824e-11  3.8781659e-07  2.9264151e+09
   7462000   37377.579      3.878327e-07   2.6086182e-11  3.8780661e-07  2.926474e+09 
   7463000   37379.323      3.878327e-07   7.995157e-12   3.878247e-07   2.9263546e+09
   7464000   37378.703      3.878327e-07   1.4429007e-11  3.8781827e-07  2.9263837e+09
   7465000   37379.403      3.878327e-07   7.1601361e-12  3.8782554e-07  2.9263434e+09
   7466000   37377.579      3.878327e-07   2.6089286e-11  3.8780661e-07  2.9264843e+09
   7467000   37378.195      3.878327e-07   1.969545e-11   3.8781301e-07  2.9264097e+09
   7468000   37379.069      3.878327e-07   1.0628703e-11  3.8782207e-07  2.9263735e+09
   7469000   37378.314      3.878327e-07   1.8469047e-11  3.8781423e-07  2.9264074e+09
   7470000   37378.76       3.878327e-07   1.3832977e-11  3.8781887e-07  2.9264053e+09
   7471000   37378.628      3.878327e-07   1.520661e-11   3.8781749e-07  2.92641e+09  
   7472000   37378.179      3.878327e-07   1.9863952e-11  3.8781283e-07  2.9264254e+09
   7473000   37378.391      3.878327e-07   1.7667417e-11  3.8781503e-07  2.9264159e+09
   7474000   37378.462      3.878327e-07   1.6921584e-11  3.8781578e-07  2.9264146e+09
   7475000   37378.253      3.878327e-07   1.9100448e-11  3.878136e-07   2.9264536e+09
   7476000   37377.286      3.878327e-07   2.913259e-11   3.8780357e-07  2.9264765e+09
   7477000   37378.31       3.878327e-07   1.850351e-11   3.878142e-07   2.9264511e+09
   7478000   37379.203      3.878327e-07   9.2353041e-12  3.8782346e-07  2.9263685e+09
   7479000   37379.131      3.878327e-07   9.988628e-12   3.8782271e-07  2.9263521e+09
   7480000   37379.255      3.878327e-07   8.6972182e-12  3.87824e-07    2.9263518e+09
   7481000   37379.008      3.878327e-07   1.126265e-11   3.8782144e-07  2.9263664e+09
   7482000   37379.017      3.878327e-07   1.1163975e-11  3.8782154e-07  2.9263852e+09
   7483000   37378.719      3.878327e-07   1.4262896e-11  3.8781844e-07  2.9263858e+09
   7484000   37378.748      3.878327e-07   1.3962875e-11  3.8781874e-07  2.9263999e+09
   7485000   37379.162      3.878327e-07   9.6649416e-12  3.8782303e-07  2.9263618e+09
   7486000   37378.624      3.878327e-07   1.5243012e-11  3.8781746e-07  2.9264339e+09
   7487000   37378.387      3.878327e-07   1.7702375e-11  3.87815e-07    2.9264371e+09
   7488000   37378.026      3.878327e-07   2.1451762e-11  3.8781125e-07  2.9264341e+09
   7489000   37378.229      3.8783269e-07  1.9345519e-11  3.8781335e-07  2.9264306e+09
   7490000   37378.976      3.878327e-07   1.1597684e-11  3.878211e-07   2.9263639e+09
   7491000   37378.858      3.878327e-07   1.2822191e-11  3.8781988e-07  2.9263984e+09
   7492000   37378.99       3.878327e-07   1.145186e-11   3.8782125e-07  2.9263813e+09
   7493000   37379.245      3.878327e-07   8.8002357e-12  3.878239e-07   2.9263572e+09
   7494000   37378.842      3.878327e-07   1.298988e-11   3.8781971e-07  2.9263867e+09
   7495000   37378.817      3.878327e-07   1.3246861e-11  3.8781945e-07  2.9264112e+09
   7496000   37379.41       3.878327e-07   7.0897646e-12  3.8782561e-07  2.9263329e+09
   7497000   37378.889      3.878327e-07   1.2493844e-11  3.878202e-07   2.926376e+09 
   7498000   37377.701      3.878327e-07   2.4827634e-11  3.8780787e-07  2.9264484e+09
   7499000   37378.599      3.878327e-07   1.5504161e-11  3.8781719e-07  2.9264047e+09
   7500000   37378.238      3.878327e-07   1.9250808e-11  3.8781345e-07  2.9264386e+09
   7501000   37378.659      3.878327e-07   1.488667e-11   3.8781781e-07  2.9264053e+09
   7502000   37378.084      3.878327e-07   2.0850425e-11  3.8781185e-07  2.9264188e+09
   7503000   37378.777      3.878327e-07   1.3664527e-11  3.8781904e-07  2.926394e+09 
   7504000   37377.542      3.878327e-07   2.6480037e-11  3.8780622e-07  2.9264276e+09
   7505000   37379.131      3.878327e-07   9.9855339e-12  3.8782271e-07  2.9263597e+09
   7506000   37378.433      3.878327e-07   1.7232366e-11  3.8781547e-07  2.9264223e+09
   7507000   37378.995      3.878327e-07   1.1402813e-11  3.878213e-07   2.9263557e+09
   7508000   37378.595      3.878327e-07   1.5544534e-11  3.8781716e-07  2.9264009e+09
   7509000   37378.915      3.878327e-07   1.2227554e-11  3.8782047e-07  2.9264074e+09
   7510000   37378.012      3.878327e-07   2.1591076e-11  3.8781111e-07  2.9264574e+09
   7511000   37378.839      3.878327e-07   1.3017618e-11  3.8781968e-07  2.9263811e+09
   7512000   37377.685      3.878327e-07   2.4990028e-11  3.8780771e-07  2.9264785e+09
   7513000   37377.577      3.878327e-07   2.610819e-11   3.8780659e-07  2.9265348e+09
   7514000   37377.621      3.878327e-07   2.5659708e-11  3.8780704e-07  2.9264442e+09
   7515000   37378.607      3.878327e-07   1.5422353e-11  3.8781728e-07  2.9263957e+09
   7516000   37378.254      3.878327e-07   1.9082921e-11  3.8781362e-07  2.9264329e+09
   7517000   37378.725      3.878327e-07   1.4204093e-11  3.878185e-07   2.9264002e+09
   7518000   37378.744      3.878327e-07   1.399775e-11   3.878187e-07   2.926406e+09 
   7519000   37378.163      3.878327e-07   2.0027462e-11  3.8781267e-07  2.9264584e+09
   7520000   37378.359      3.878327e-07   1.7989767e-11  3.8781471e-07  2.9264134e+09
   7521000   37379.523      3.878327e-07   5.9187668e-12  3.8782678e-07  2.9263252e+09
   7522000   37378.479      3.878327e-07   1.6754283e-11  3.8781595e-07  2.926441e+09 
   7523000   37379.195      3.878327e-07   9.3184818e-12  3.8782338e-07  2.926368e+09 
   7524000   37378.288      3.878327e-07   1.8727748e-11  3.8781397e-07  2.926425e+09 
   7525000   37378.883      3.878327e-07   1.2563056e-11  3.8782014e-07  2.9263911e+09
   7526000   37378.962      3.878327e-07   1.1736399e-11  3.8782096e-07  2.926381e+09 
   7527000   37378.258      3.878327e-07   1.9044e-11     3.8781366e-07  2.9264364e+09
   7528000   37378.145      3.878327e-07   2.0218137e-11  3.8781248e-07  2.9264362e+09
   7529000   37378.634      3.878327e-07   1.5144462e-11  3.8781756e-07  2.9264057e+09
   7530000   37377.896      3.878327e-07   2.2798231e-11  3.878099e-07   2.9264618e+09
   7531000   37378.237      3.878327e-07   1.926504e-11   3.8781343e-07  2.9264373e+09
   7532000   37378.38       3.878327e-07   1.7778638e-11  3.8781492e-07  2.9264388e+09
   7533000   37379.269      3.878327e-07   8.5506966e-12  3.8782415e-07  2.9263418e+09
   7534000   37376.226      3.878327e-07   4.0127476e-11  3.8779258e-07  2.9265792e+09
   7535000   37378.255      3.878327e-07   1.9075419e-11  3.8781363e-07  2.9263965e+09
   7536000   37378.366      3.878327e-07   1.7925621e-11  3.8781477e-07  2.9264475e+09
   7537000   37379.043      3.878327e-07   1.0898298e-11  3.878218e-07   2.926382e+09 
   7538000   37378.404      3.878327e-07   1.7521598e-11  3.8781517e-07  2.9264287e+09
   7539000   37378.234      3.878327e-07   1.9295815e-11  3.878134e-07   2.9264418e+09
   7540000   37378.476      3.878327e-07   1.6787436e-11  3.8781591e-07  2.9264032e+09
   7541000   37378.932      3.878327e-07   1.2052752e-11  3.8782065e-07  2.9263827e+09
   7542000   37377.602      3.8783271e-07  2.5856617e-11  3.8780685e-07  2.9265306e+09
   7543000   37379.044      3.878327e-07   1.0886006e-11  3.8782181e-07  2.9263584e+09
   7544000   37378.775      3.878327e-07   1.3675442e-11  3.8781902e-07  2.9263938e+09
   7545000   37378.971      3.878327e-07   1.1648891e-11  3.8782105e-07  2.9263885e+09
   7546000   37379.092      3.878327e-07   1.0396422e-11  3.878223e-07   2.9263552e+09
   7547000   37378.89       3.878327e-07   1.2481056e-11  3.8782022e-07  2.9263927e+09
   7548000   37378.552      3.878327e-07   1.5994978e-11  3.878167e-07   2.9264365e+09
   7549000   37377.963      3.878327e-07   2.2110626e-11  3.8781059e-07  2.9264324e+09
   7550000   37378.894      3.878327e-07   1.24474e-11    3.8782025e-07  2.9263906e+09
   7551000   37379.044      3.878327e-07   1.0883718e-11  3.8782181e-07  2.926354e+09 
   7552000   37378.865      3.878327e-07   1.2748407e-11  3.8781995e-07  2.9263988e+09
   7553000   37378.302      3.878327e-07   1.8590223e-11  3.8781411e-07  2.926428e+09 
   7554000   37378.702      3.878327e-07   1.4440896e-11  3.8781826e-07  2.9263943e+09
   7555000   37378.96       3.878327e-07   1.17584e-11    3.8782094e-07  2.9263722e+09
   7556000   37379.43       3.878327e-07   6.8842467e-12  3.8782581e-07  2.9263348e+09
   7557000   37379.395      3.878327e-07   7.2481131e-12  3.8782545e-07  2.9263395e+09
   7558000   37378.726      3.878327e-07   1.418958e-11   3.8781851e-07  2.9264104e+09
   7559000   37378.437      3.878327e-07   1.7185311e-11  3.8781551e-07  2.9264494e+09
   7560000   37379.043      3.878327e-07   1.0899468e-11  3.878218e-07   2.9263782e+09
   7561000   37379.128      3.878327e-07   1.0017901e-11  3.8782268e-07  2.9263613e+09
   7562000   37378.962      3.878327e-07   1.174103e-11   3.8782096e-07  2.9263919e+09
   7563000   37378.626      3.878327e-07   1.5222766e-11  3.8781748e-07  2.9263655e+09
   7564000   37377.486      3.878327e-07   2.7054941e-11  3.8780564e-07  2.9264873e+09
   7565000   37379.187      3.878327e-07   9.4040958e-12  3.878233e-07   2.9263559e+09
   7566000   37378.918      3.878327e-07   1.2192732e-11  3.8782051e-07  2.9264003e+09
   7567000   37378.342      3.878327e-07   1.8176037e-11  3.8781452e-07  2.9264329e+09
   7568000   37379.115      3.878327e-07   1.0150182e-11  3.8782255e-07  2.9263526e+09
   7569000   37378.37       3.878327e-07   1.7883662e-11  3.8781482e-07  2.9264105e+09
   7570000   37378.306      3.878327e-07   1.8549851e-11  3.8781415e-07  2.9264285e+09
   7571000   37378.828      3.878327e-07   1.312976e-11   3.8781957e-07  2.9263876e+09
   7572000   37378.865      3.878327e-07   1.2749993e-11  3.8781995e-07  2.9263935e+09
   7573000   37378.92       3.878327e-07   1.2174322e-11  3.8782053e-07  2.926394e+09 
   7574000   37378.589      3.878327e-07   1.5605038e-11  3.8781709e-07  2.9264119e+09
   7575000   37377.869      3.8783269e-07  2.3078983e-11  3.8780961e-07  2.9264646e+09
   7576000   37378.362      3.878327e-07   1.7970056e-11  3.8781473e-07  2.926411e+09 
   7577000   37378.735      3.878327e-07   1.4091012e-11  3.8781861e-07  2.9263686e+09
   7578000   37379.422      3.878327e-07   6.9650441e-12  3.8782573e-07  2.9263244e+09
   7579000   37378.743      3.878327e-07   1.401227e-11   3.8781869e-07  2.9263949e+09
   7580000   37378.238      3.878327e-07   1.9256097e-11  3.8781344e-07  2.9264547e+09
   7581000   37377.471      3.8783269e-07  2.7207783e-11  3.8780549e-07  2.926506e+09 
   7582000   37379.018      3.878327e-07   1.1160531e-11  3.8782154e-07  2.9263758e+09
   7583000   37378.705      3.878327e-07   1.4409228e-11  3.8781829e-07  2.9263933e+09
   7584000   37378.552      3.878327e-07   1.599738e-11   3.878167e-07   2.9263888e+09
   7585000   37377.47       3.878327e-07   2.7213518e-11  3.8780548e-07  2.9264593e+09
   7586000   37378.157      3.878327e-07   2.0087139e-11  3.8781261e-07  2.9264457e+09
   7587000   37378.788      3.878327e-07   1.3541645e-11  3.8781916e-07  2.9263912e+09
   7588000   37378.812      3.878327e-07   1.3287931e-11  3.8781941e-07  2.9263746e+09
   7589000   37378.522      3.878327e-07   1.6301253e-11  3.878164e-07   2.9264051e+09
   7590000   37377.948      3.878327e-07   2.2262391e-11  3.8781044e-07  2.9264436e+09
   7591000   37379.104      3.878327e-07   1.0269836e-11  3.8782243e-07  2.9263652e+09
   7592000   37378.554      3.878327e-07   1.5970213e-11  3.8781673e-07  2.9264295e+09
   7593000   37378.942      3.878327e-07   1.1951598e-11  3.8782075e-07  2.9263734e+09
   7594000   37378.768      3.878327e-07   1.3754789e-11  3.8781895e-07  2.9263619e+09
   7595000   37379.212      3.878327e-07   9.1462828e-12  3.8782355e-07  2.9263674e+09
   7596000   37379.202      3.878327e-07   9.2448804e-12  3.8782345e-07  2.9263668e+09
   7597000   37378.233      3.878327e-07   1.929812e-11   3.878134e-07   2.9264428e+09
   7598000   37378.148      3.878327e-07   2.0181371e-11  3.8781252e-07  2.9264223e+09
   7599000   37379.396      3.878327e-07   7.2362087e-12  3.8782546e-07  2.9263464e+09
   7600000   37378.899      3.878327e-07   1.2396448e-11  3.878203e-07   2.9263679e+09
   7601000   37378.756      3.878327e-07   1.3880068e-11  3.8781882e-07  2.9264057e+09
   7602000   37378.427      3.878327e-07   1.7285384e-11  3.8781541e-07  2.9264257e+09
   7603000   37377.326      3.878327e-07   2.8720309e-11  3.8780398e-07  2.9265473e+09
   7604000   37379.114      3.878327e-07   1.0159404e-11  3.8782254e-07  2.9263604e+09
   7605000   37377.78       3.878327e-07   2.4005483e-11  3.8780869e-07  2.9264965e+09
   7606000   37379.218      3.878327e-07   9.0814041e-12  3.8782362e-07  2.9263681e+09
   7607000   37379.587      3.878327e-07   5.2535604e-12  3.8782745e-07  2.9263131e+09
   7608000   37379.129      3.878327e-07   1.0002782e-11  3.878227e-07   2.9263742e+09
   7609000   37377.088      3.8783271e-07  3.1191986e-11  3.8780151e-07  2.9264582e+09
   7610000   37378.616      3.878327e-07   1.5335532e-11  3.8781736e-07  2.9263881e+09
   7611000   37378.68       3.878327e-07   1.4667778e-11  3.8781803e-07  2.9264029e+09
   7612000   37379.055      3.878327e-07   1.0770421e-11  3.8782193e-07  2.926391e+09 
   7613000   37379.235      3.878327e-07   8.9075954e-12  3.8782379e-07  2.9263428e+09
   7614000   37378.711      3.878327e-07   1.4346323e-11  3.8781835e-07  2.9263648e+09
   7615000   37378.625      3.878327e-07   1.5239528e-11  3.8781746e-07  2.9264104e+09
   7616000   37378.307      3.878327e-07   1.8537665e-11  3.8781416e-07  2.9264234e+09
   7617000   37378.915      3.878327e-07   1.2224784e-11  3.8782047e-07  2.9263883e+09
   7618000   37379.02       3.878327e-07   1.1133523e-11  3.8782157e-07  2.9263743e+09
   7619000   37378.84       3.878327e-07   1.3004319e-11  3.878197e-07   2.926383e+09 
   7620000   37377.955      3.878327e-07   2.2182661e-11  3.8781051e-07  2.9264557e+09
   7621000   37378.479      3.8783269e-07  1.6742232e-11  3.8781595e-07  2.9264148e+09
   7622000   37378.897      3.878327e-07   1.2419106e-11  3.8782028e-07  2.9263762e+09
   7623000   37378.701      3.878327e-07   1.4445065e-11  3.8781825e-07  2.9264317e+09
   7624000   37378.597      3.878327e-07   1.5531682e-11  3.8781717e-07  2.9263805e+09
   7625000   37377.964      3.8783269e-07  2.2090575e-11  3.878106e-07   2.926496e+09 
   7626000   37378.819      3.878327e-07   1.322033e-11   3.8781948e-07  2.9264057e+09
   7627000   37378.909      3.878327e-07   1.2292488e-11  3.8782041e-07  2.9263986e+09
   7628000   37378.803      3.878327e-07   1.3394411e-11  3.8781931e-07  2.9263906e+09
   7629000   37377.905      3.878327e-07   2.2709534e-11  3.8780999e-07  2.9264689e+09
   7630000   37378.965      3.878327e-07   1.1710218e-11  3.8782099e-07  2.9263779e+09
   7631000   37378.285      3.878327e-07   1.8757939e-11  3.8781394e-07  2.9264411e+09
   7632000   37379.368      3.878327e-07   7.5291878e-12  3.8782517e-07  2.9263445e+09
   7633000   37379.179      3.878327e-07   9.4863498e-12  3.8782321e-07  2.926366e+09 
   7634000   37378.646      3.878327e-07   1.5018605e-11  3.8781768e-07  2.9264055e+09
   7635000   37378.441      3.878327e-07   1.7141021e-11  3.8781556e-07  2.9264427e+09
   7636000   37378.604      3.878327e-07   1.5457299e-11  3.8781724e-07  2.9264168e+09
   7637000   37378.834      3.878327e-07   1.3070515e-11  3.8781963e-07  2.9263921e+09
   7638000   37378.104      3.8783269e-07  2.063461e-11   3.8781205e-07  2.9264405e+09
   7639000   37378.74       3.878327e-07   1.4039746e-11  3.8781866e-07  2.9263961e+09
   7640000   37378.687      3.878327e-07   1.4598856e-11  3.878181e-07   2.9263779e+09
   7641000   37378.591      3.878327e-07   1.5588702e-11  3.8781711e-07  2.9263893e+09
   7642000   37378.643      3.878327e-07   1.5047069e-11  3.8781765e-07  2.9263999e+09
   7643000   37379.148      3.878327e-07   9.8053549e-12  3.8782289e-07  2.9263665e+09
   7644000   37378.113      3.878327e-07   2.0548195e-11  3.8781215e-07  2.9264512e+09
   7645000   37379.012      3.878327e-07   1.1220734e-11  3.8782148e-07  2.926362e+09 
   7646000   37378.774      3.878327e-07   1.3688707e-11  3.8781901e-07  2.9263874e+09
   7647000   37378.773      3.878327e-07   1.3703192e-11  3.87819e-07    2.9264045e+09
   7648000   37379.371      3.878327e-07   7.4985622e-12  3.878252e-07   2.9263463e+09
   7649000   37377.496      3.878327e-07   2.695158e-11   3.8780575e-07  2.9264303e+09
   7650000   37379.027      3.878327e-07   1.1067409e-11  3.8782163e-07  2.9263766e+09
   7651000   37378.248      3.878327e-07   1.9151734e-11  3.8781355e-07  2.9264324e+09
   7652000   37379.118      3.878327e-07   1.0119331e-11  3.8782258e-07  2.9263714e+09
   7653000   37378.059      3.878327e-07   2.1106629e-11  3.8781159e-07  2.9264344e+09
   7654000   37378.988      3.878327e-07   1.1466074e-11  3.8782123e-07  2.9263793e+09
   7655000   37378.963      3.878327e-07   1.1730671e-11  3.8782097e-07  2.9263883e+09
   7656000   37378.68       3.878327e-07   1.4664526e-11  3.8781803e-07  2.9263718e+09
   7657000   37378.252      3.878327e-07   1.9104405e-11  3.8781359e-07  2.9264286e+09
   7658000   37378.618      3.878327e-07   1.5301951e-11  3.8781739e-07  2.9264172e+09
   7659000   37378.736      3.878327e-07   1.408631e-11   3.8781861e-07  2.9263903e+09
   7660000   37379.121      3.878327e-07   1.009206e-11   3.8782261e-07  2.9263683e+09
   7661000   37378.605      3.878327e-07   1.5440594e-11  3.8781726e-07  2.9264135e+09
   7662000   37379.514      3.878327e-07   6.0165257e-12  3.8782668e-07  2.9263314e+09
   7663000   37377.786      3.878327e-07   2.3946874e-11  3.8780875e-07  2.9264526e+09
   7664000   37378.425      3.878327e-07   1.7309235e-11  3.8781539e-07  2.9264121e+09
   7665000   37377.367      3.878327e-07   2.8288091e-11  3.8780441e-07  2.9264839e+09
   7666000   37378.678      3.878327e-07   1.4691426e-11  3.8781801e-07  2.9264134e+09
   7667000   37377.576      3.878327e-07   2.612597e-11   3.8780657e-07  2.926494e+09 
   7668000   37378.413      3.878327e-07   1.7441161e-11  3.8781526e-07  2.9264106e+09
   7669000   37378.861      3.878327e-07   1.2791085e-11  3.8781991e-07  2.9263803e+09
   7670000   37379.3        3.878327e-07   8.230796e-12   3.8782447e-07  2.9263495e+09
   7671000   37379.062      3.878327e-07   1.0703965e-11  3.87822e-07    2.9263856e+09
   7672000   37378.694      3.878327e-07   1.4523511e-11  3.8781817e-07  2.9264049e+09
   7673000   37379.08       3.878327e-07   1.0514163e-11  3.8782218e-07  2.9263698e+09
   7674000   37379.478      3.878327e-07   6.3881148e-12  3.8782631e-07  2.9263289e+09
   7675000   37378.447      3.878327e-07   1.7079278e-11  3.8781562e-07  2.9264346e+09
   7676000   37377.869      3.878327e-07   2.3084306e-11  3.8780962e-07  2.9264655e+09
   7677000   37379.113      3.878327e-07   1.0171497e-11  3.8782253e-07  2.9263509e+09
   7678000   37377.46       3.878327e-07   2.7325262e-11  3.8780537e-07  2.9264677e+09
   7679000   37379.214      3.878327e-07   9.1245697e-12  3.8782357e-07  2.9263601e+09
   7680000   37378.561      3.878327e-07   1.5893373e-11  3.878168e-07   2.9263856e+09
   7681000   37378.506      3.878327e-07   1.6473371e-11  3.8781622e-07  2.9263989e+09
   7682000   37377.78       3.878327e-07   2.4007283e-11  3.8780869e-07  2.9265013e+09
   7683000   37378.319      3.878327e-07   1.8412098e-11  3.8781429e-07  2.926431e+09 
   7684000   37377.771      3.878327e-07   2.4091886e-11  3.8780861e-07  2.9264591e+09
   7685000   37377.825      3.878327e-07   2.354053e-11   3.8780916e-07  2.9265038e+09
   7686000   37378.499      3.878327e-07   1.6542324e-11  3.8781616e-07  2.9264097e+09
   7687000   37378.573      3.878327e-07   1.5776108e-11  3.8781692e-07  2.9263992e+09
   7688000   37378.891      3.878327e-07   1.2480922e-11  3.8782022e-07  2.9263869e+09
   7689000   37378.596      3.878327e-07   1.5533552e-11  3.8781717e-07  2.926426e+09 
   7690000   37378.737      3.878327e-07   1.4077979e-11  3.8781862e-07  2.9263769e+09
   7691000   37378.655      3.878327e-07   1.4928554e-11  3.8781777e-07  2.9264039e+09
   7692000   37378.145      3.878327e-07   2.0213477e-11  3.8781249e-07  2.926421e+09 
   7693000   37378.158      3.878327e-07   2.0080935e-11  3.8781262e-07  2.9264442e+09
   7694000   37379.107      3.878327e-07   1.024022e-11   3.8782246e-07  2.9263767e+09
   7695000   37377.37       3.878327e-07   2.8257378e-11  3.8780444e-07  2.9265286e+09
   7696000   37377.21       3.878327e-07   2.9922147e-11  3.8780278e-07  2.9264451e+09
   7697000   37378.869      3.878327e-07   1.2707766e-11  3.8781999e-07  2.9263909e+09
   7698000   37378.04       3.878327e-07   2.1303827e-11  3.878114e-07   2.9264641e+09
   7699000   37377.928      3.878327e-07   2.2466458e-11  3.8781023e-07  2.9264604e+09
   7700000   37378.312      3.878327e-07   1.8487824e-11  3.8781421e-07  2.9264325e+09
   7701000   37378.888      3.878327e-07   1.250381e-11   3.878202e-07   2.926377e+09 
   7702000   37377.145      3.878327e-07   3.0592542e-11  3.8780211e-07  2.9264283e+09
   7703000   37378.569      3.878327e-07   1.5814362e-11  3.8781689e-07  2.9263968e+09
   7704000   37378.676      3.878327e-07   1.4708881e-11  3.8781799e-07  2.9263891e+09
   7705000   37378.487      3.878327e-07   1.6663899e-11  3.8781603e-07  2.9264261e+09
   7706000   37378.114      3.878327e-07   2.0533216e-11  3.8781216e-07  2.9264395e+09
   7707000   37379.471      3.878327e-07   6.4548181e-12  3.8782624e-07  2.9263284e+09
   7708000   37378.02       3.878327e-07   2.1513817e-11  3.8781118e-07  2.9264723e+09
   7709000   37378.472      3.878327e-07   1.6822345e-11  3.8781588e-07  2.9264298e+09
   7710000   37378.028      3.878327e-07   2.1438044e-11  3.8781127e-07  2.9264351e+09
   7711000   37378.664      3.878327e-07   1.4829471e-11  3.8781787e-07  2.9264151e+09
   7712000   37378.577      3.878327e-07   1.5733244e-11  3.8781697e-07  2.9264012e+09
   7713000   37378.168      3.878327e-07   1.9978677e-11  3.8781272e-07  2.9264331e+09
   7714000   37378.478      3.878327e-07   1.6758621e-11  3.8781594e-07  2.9264045e+09
   7715000   37378.485      3.878327e-07   1.6692601e-11  3.8781601e-07  2.9264273e+09
   7716000   37378.578      3.878327e-07   1.5720433e-11  3.8781698e-07  2.9264287e+09
   7717000   37378.697      3.878327e-07   1.4492436e-11  3.8781821e-07  2.9263929e+09
   7718000   37378.612      3.878327e-07   1.5369729e-11  3.8781733e-07  2.9264227e+09
   7719000   37379.488      3.878327e-07   6.285373e-12   3.8782641e-07  2.9263257e+09
   7720000   37379.016      3.878327e-07   1.1179303e-11  3.8782152e-07  2.9263826e+09
   7721000   37378.761      3.8783269e-07  1.3822173e-11  3.8781887e-07  2.9263935e+09
   7722000   37378.174      3.878327e-07   1.9919184e-11  3.8781278e-07  2.9264401e+09
   7723000   37378.717      3.878327e-07   1.4279019e-11  3.8781842e-07  2.9264068e+09
   7724000   37378.504      3.878327e-07   1.6487219e-11  3.8781621e-07  2.9264407e+09
   7725000   37378.428      3.878327e-07   1.7282185e-11  3.8781542e-07  2.9264042e+09
   7726000   37379.043      3.878327e-07   1.0896207e-11  3.878218e-07   2.9263497e+09
   7727000   37378.618      3.878327e-07   1.5309463e-11  3.8781739e-07  2.9263971e+09
   7728000   37378.777      3.878327e-07   1.3655279e-11  3.8781904e-07  2.9263987e+09
   7729000   37379.11       3.878327e-07   1.0198396e-11  3.878225e-07   2.9263713e+09
   7730000   37378.878      3.878327e-07   1.2608954e-11  3.8782009e-07  2.9263899e+09
   7731000   37378.268      3.878327e-07   1.893758e-11   3.8781376e-07  2.9264181e+09
   7732000   37377.846      3.878327e-07   2.3319097e-11  3.8780938e-07  2.9264467e+09
   7733000   37379.328      3.878327e-07   7.9372837e-12  3.8782476e-07  2.926341e+09 
   7734000   37379.113      3.878327e-07   1.0173929e-11  3.8782253e-07  2.9263728e+09
   7735000   37379.276      3.878327e-07   8.4807829e-12  3.8782422e-07  2.9263495e+09
   7736000   37378.916      3.878327e-07   1.2213904e-11  3.8782048e-07  2.9263883e+09
   7737000   37378.785      3.878327e-07   1.3577082e-11  3.8781912e-07  2.9264046e+09
   7738000   37379.156      3.878327e-07   9.7255845e-12  3.8782297e-07  2.926355e+09 
   7739000   37377.106      3.878327e-07   3.0998438e-11  3.878017e-07   2.9264697e+09
   7740000   37379.184      3.878327e-07   9.4357165e-12  3.8782326e-07  2.9263608e+09
   7741000   37378.725      3.878327e-07   1.4203399e-11  3.878185e-07   2.9264041e+09
   7742000   37378.602      3.878327e-07   1.5477457e-11  3.8781722e-07  2.9264326e+09
   7743000   37378.507      3.878327e-07   1.6455691e-11  3.8781624e-07  2.926395e+09 
   7744000   37378.191      3.878327e-07   1.9741033e-11  3.8781296e-07  2.926439e+09 
   7745000   37378.196      3.878327e-07   1.9681807e-11  3.8781302e-07  2.9264421e+09
   7746000   37377.195      3.878327e-07   3.0072409e-11  3.8780262e-07  2.9264815e+09
   7747000   37378.312      3.878327e-07   1.8484415e-11  3.8781421e-07  2.926442e+09 
   7748000   37378.485      3.878327e-07   1.669131e-11   3.8781601e-07  2.9264103e+09
   7749000   37378.334      3.878327e-07   1.8260044e-11  3.8781444e-07  2.9264156e+09
   7750000   37378.706      3.878327e-07   1.4393332e-11  3.878183e-07   2.9263933e+09
   7751000   37378.197      3.878327e-07   1.9677811e-11  3.8781302e-07  2.926416e+09 
   7752000   37378.617      3.878327e-07   1.5314983e-11  3.8781738e-07  2.9263987e+09
   7753000   37378.282      3.878327e-07   1.8788441e-11  3.8781391e-07  2.9264172e+09
   7754000   37377.528      3.8783269e-07  2.6614533e-11  3.8780608e-07  2.9264786e+09
   7755000   37379.32       3.878327e-07   8.0218601e-12  3.8782468e-07  2.9263493e+09
   7756000   37378.507      3.878327e-07   1.645875e-11   3.8781624e-07  2.9264254e+09
   7757000   37377.474      3.878327e-07   2.7183021e-11  3.8780552e-07  2.9264237e+09
   7758000   37378.159      3.878327e-07   2.0065575e-11  3.8781263e-07  2.9264473e+09
   7759000   37378.808      3.878327e-07   1.3337253e-11  3.8781936e-07  2.9264057e+09
   7760000   37379.099      3.878327e-07   1.0316411e-11  3.8782238e-07  2.9263711e+09
   7761000   37378.909      3.878327e-07   1.2296245e-11  3.878204e-07   2.9263669e+09
   7762000   37378.356      3.878327e-07   1.8025734e-11  3.8781467e-07  2.9264322e+09
   7763000   37378.786      3.878327e-07   1.356171e-11   3.8781914e-07  2.9264087e+09
   7764000   37378.88       3.878327e-07   1.2589753e-11  3.8782011e-07  2.9263737e+09
   7765000   37379.226      3.878327e-07   9.002885e-12   3.878237e-07   2.9263582e+09
   7766000   37378.906      3.878327e-07   1.2319247e-11  3.8782038e-07  2.9263783e+09
   7767000   37378.318      3.878327e-07   1.8418223e-11  3.8781428e-07  2.9264135e+09
   7768000   37378.666      3.878327e-07   1.4815595e-11  3.8781788e-07  2.9263907e+09
   7769000   37378.031      3.878327e-07   2.1399348e-11  3.878113e-07   2.9264761e+09
   7770000   37378.196      3.878327e-07   1.968805e-11   3.8781301e-07  2.9264572e+09
   7771000   37378.775      3.878327e-07   1.3681921e-11  3.8781902e-07  2.9264101e+09
   7772000   37378.827      3.878327e-07   1.3144016e-11  3.8781956e-07  2.9263701e+09
   7773000   37378.798      3.878327e-07   1.3446404e-11  3.8781926e-07  2.9263837e+09
   7774000   37378.652      3.878327e-07   1.4954685e-11  3.8781774e-07  2.9263968e+09
   7775000   37378.132      3.878327e-07   2.0348769e-11  3.8781235e-07  2.9264726e+09
   7776000   37378.916      3.878327e-07   1.2213404e-11  3.8782049e-07  2.9263965e+09
   7777000   37379.091      3.878327e-07   1.0397114e-11  3.878223e-07   2.9263702e+09
   7778000   37377.083      3.8783269e-07  3.1234427e-11  3.8780146e-07  2.9265747e+09
   7779000   37379.277      3.878327e-07   8.4699097e-12  3.8782423e-07  2.9263417e+09
   7780000   37378.118      3.878327e-07   2.0500823e-11  3.878122e-07   2.9264225e+09
   7781000   37377.884      3.878327e-07   2.2929602e-11  3.8780977e-07  2.926449e+09 
   7782000   37379.103      3.878327e-07   1.0276006e-11  3.8782242e-07  2.9263714e+09
   7783000   37379.001      3.878327e-07   1.1332464e-11  3.8782137e-07  2.9263658e+09
   7784000   37378.947      3.878327e-07   1.1897363e-11  3.878208e-07   2.9263893e+09
   7785000   37378.048      3.878327e-07   2.1223633e-11  3.8781147e-07  2.926455e+09 
   7786000   37377.839      3.878327e-07   2.3395661e-11  3.8780931e-07  2.9264268e+09
   7787000   37378.146      3.878327e-07   2.0205319e-11  3.8781249e-07  2.9264438e+09
   7788000   37379.195      3.878327e-07   9.3196959e-12  3.8782338e-07  2.9263515e+09
   7789000   37378.498      3.878327e-07   1.655416e-11   3.8781614e-07  2.9264195e+09
   7790000   37378.883      3.8783269e-07  1.255093e-11   3.8782014e-07  2.9263707e+09
   7791000   37378.326      3.878327e-07   1.833749e-11   3.8781436e-07  2.9264392e+09
   7792000   37378.526      3.878327e-07   1.6265454e-11  3.8781643e-07  2.9264146e+09
   7793000   37378.946      3.878327e-07   1.190803e-11   3.8782079e-07  2.9263874e+09
   7794000   37378.483      3.878327e-07   1.6706961e-11  3.8781599e-07  2.9264285e+09
   7795000   37378.33       3.878327e-07   1.8298381e-11  3.878144e-07   2.9264388e+09
   7796000   37376.335      3.8783268e-07  3.8972397e-11  3.877937e-07   2.9265047e+09
   7797000   37377.479      3.878327e-07   2.7128027e-11  3.8780558e-07  2.9264494e+09
   7798000   37379.51       3.878327e-07   6.0526993e-12  3.8782665e-07  2.9263271e+09
   7799000   37379.081      3.878327e-07   1.0505645e-11  3.8782219e-07  2.9263739e+09
   7800000   37379.413      3.878327e-07   7.0609567e-12  3.8782564e-07  2.9263396e+09
   7801000   37378.981      3.878327e-07   1.1547207e-11  3.8782115e-07  2.9263926e+09
   7802000   37378.949      3.878327e-07   1.1874261e-11  3.8782083e-07  2.9263909e+09
   7803000   37379.389      3.878327e-07   7.307991e-12   3.8782539e-07  2.9263338e+09
   7804000   37379.641      3.878327e-07   4.7002479e-12  3.87828e-07    2.9263031e+09
   7805000   37378.767      3.878327e-07   1.3758784e-11  3.8781894e-07  2.9264173e+09
   7806000   37378.836      3.878327e-07   1.3045096e-11  3.8781965e-07  2.9263933e+09
   7807000   37378.811      3.878327e-07   1.3308583e-11  3.8781939e-07  2.9264167e+09
   7808000   37378.348      3.8783269e-07  1.8105564e-11  3.8781459e-07  2.9264359e+09
   7809000   37379.112      3.878327e-07   1.0183783e-11  3.8782252e-07  2.9263618e+09
   7810000   37378.969      3.878327e-07   1.167123e-11   3.8782103e-07  2.9263728e+09
   7811000   37379.708      3.878327e-07   4.0053623e-12  3.8782869e-07  2.9262972e+09
   7812000   37378.094      3.878327e-07   2.0750729e-11  3.8781195e-07  2.9264449e+09
   7813000   37378.951      3.878327e-07   1.1853526e-11  3.8782084e-07  2.9263902e+09
   7814000   37378.091      3.878327e-07   2.0779365e-11  3.8781192e-07  2.9264472e+09
   7815000   37378.262      3.878327e-07   1.9007146e-11  3.878137e-07   2.9264065e+09
   7816000   37379.4        3.878327e-07   7.197364e-12   3.878255e-07   2.9263339e+09
   7817000   37379.013      3.878327e-07   1.120632e-11   3.8782149e-07  2.9263814e+09
   7818000   37379.066      3.878327e-07   1.0655127e-11  3.8782204e-07  2.926358e+09 
   7819000   37379.747      3.878327e-07   3.591864e-12   3.8782911e-07  2.926296e+09 
   7820000   37379.018      3.878327e-07   1.1155131e-11  3.8782154e-07  2.9263691e+09
   7821000   37378.468      3.878327e-07   1.6868425e-11  3.8781583e-07  2.9264278e+09
   7822000   37378.932      3.878327e-07   1.2054682e-11  3.8782064e-07  2.9263712e+09
   7823000   37377.849      3.878327e-07   2.3293255e-11  3.8780941e-07  2.9264398e+09
   7824000   37378.519      3.878327e-07   1.6334637e-11  3.8781637e-07  2.92642e+09  
   7825000   37378.675      3.878327e-07   1.4710609e-11  3.8781799e-07  2.9264165e+09
   7826000   37378.405      3.878327e-07   1.7517095e-11  3.8781518e-07  2.9264329e+09
   7827000   37378.549      3.878327e-07   1.6018961e-11  3.8781668e-07  2.9264066e+09
   7828000   37378.686      3.878327e-07   1.4595498e-11  3.878181e-07   2.9264036e+09
   7829000   37377.286      3.8783269e-07  2.911863e-11   3.8780358e-07  2.9264839e+09
   7830000   37378.706      3.878327e-07   1.4394879e-11  3.878183e-07   2.9263996e+09
   7831000   37378.77       3.878327e-07   1.3728976e-11  3.8781897e-07  2.926408e+09 
   7832000   37378.57       3.878327e-07   1.5802688e-11  3.878169e-07   2.926409e+09 
   7833000   37378.646      3.878327e-07   1.5015238e-11  3.8781769e-07  2.9263984e+09
   7834000   37378.125      3.878327e-07   2.0424907e-11  3.8781227e-07  2.9264422e+09
   7835000   37378.946      3.878327e-07   1.1901048e-11  3.878208e-07   2.9263888e+09
   7836000   37378.491      3.878327e-07   1.6623097e-11  3.8781608e-07  2.9264187e+09
   7837000   37379.209      3.878327e-07   9.1802892e-12  3.8782352e-07  2.9263563e+09
   7838000   37378.066      3.878327e-07   2.1041214e-11  3.8781166e-07  2.9264482e+09
   7839000   37378.017      3.878327e-07   2.1541644e-11  3.8781116e-07  2.9264474e+09
   7840000   37379.408      3.878327e-07   7.1174108e-12  3.8782558e-07  2.9263405e+09
   7841000   37378.987      3.878327e-07   1.1479557e-11  3.8782122e-07  2.9263675e+09
   7842000   37378.177      3.878327e-07   1.9886981e-11  3.8781281e-07  2.9264316e+09
   7843000   37378.805      3.878327e-07   1.3366079e-11  3.8781933e-07  2.9263838e+09
   7844000   37378.858      3.878327e-07   1.2819596e-11  3.8781988e-07  2.9263969e+09
   7845000   37378.535      3.878327e-07   1.6172918e-11  3.8781653e-07  2.9264139e+09
   7846000   37377.582      3.878327e-07   2.6061859e-11  3.8780664e-07  2.9264985e+09
   7847000   37378.825      3.878327e-07   1.3159239e-11  3.8781954e-07  2.9263872e+09
   7848000   37379.098      3.878327e-07   1.0329134e-11  3.8782237e-07  2.9263618e+09
   7849000   37379.104      3.878327e-07   1.0266582e-11  3.8782243e-07  2.9263656e+09
   7850000   37379.011      3.878327e-07   1.1228555e-11  3.8782147e-07  2.9263725e+09
   7851000   37379.059      3.878327e-07   1.0735357e-11  3.8782196e-07  2.9263758e+09
   7852000   37376.98       3.8783271e-07  3.231054e-11   3.878004e-07   2.9264148e+09
   7853000   37378.799      3.878327e-07   1.343282e-11   3.8781927e-07  2.9263913e+09
   7854000   37379.021      3.878327e-07   1.1126687e-11  3.8782157e-07  2.9263755e+09
   7855000   37377.884      3.878327e-07   2.2928859e-11  3.8780977e-07  2.9264389e+09
   7856000   37379.063      3.878327e-07   1.069327e-11   3.87822e-07    2.9263842e+09
   7857000   37378.814      3.878327e-07   1.3279878e-11  3.8781942e-07  2.9263927e+09
   7858000   37378.398      3.878327e-07   1.7595525e-11  3.878151e-07   2.9264323e+09
   7859000   37379.544      3.878327e-07   5.7009955e-12  3.87827e-07    2.926321e+09 
   7860000   37378.872      3.878327e-07   1.2668213e-11  3.8782003e-07  2.9263783e+09
   7861000   37379.099      3.878327e-07   1.0320764e-11  3.8782238e-07  2.9263458e+09
   7862000   37379.039      3.878327e-07   1.0936029e-11  3.8782176e-07  2.9263861e+09
   7863000   37378.972      3.878327e-07   1.1639681e-11  3.8782106e-07  2.926376e+09 
   7864000   37377.919      3.878327e-07   2.2566957e-11  3.8781013e-07  2.9264397e+09
   7865000   37378.426      3.878327e-07   1.7305021e-11  3.878154e-07   2.9264124e+09
   7866000   37378.898      3.878327e-07   1.2405273e-11  3.8782029e-07  2.9263807e+09
   7867000   37379.483      3.878327e-07   6.3305392e-12  3.8782637e-07  2.926336e+09 
   7868000   37378.894      3.878327e-07   1.2444664e-11  3.8782026e-07  2.9263799e+09
   7869000   37378.208      3.878327e-07   1.9563779e-11  3.8781313e-07  2.9264281e+09
   7870000   37378.406      3.878327e-07   1.750166e-11   3.8781519e-07  2.9264221e+09
   7871000   37378.672      3.878327e-07   1.4750188e-11  3.8781795e-07  2.9263988e+09
   7872000   37378.71       3.878327e-07   1.435206e-11   3.8781835e-07  2.9263836e+09
   7873000   37378.772      3.878327e-07   1.371287e-11   3.8781899e-07  2.9263888e+09
   7874000   37377.833      3.878327e-07   2.3456668e-11  3.8780924e-07  2.9264962e+09
   7875000   37378.696      3.878327e-07   1.4496543e-11  3.878182e-07   2.9264242e+09
   7876000   37378.983      3.878327e-07   1.1516785e-11  3.8782118e-07  2.9263846e+09
   7877000   37377.966      3.878327e-07   2.2074909e-11  3.8781062e-07  2.9264562e+09
   7878000   37378.002      3.878327e-07   2.1700766e-11  3.87811e-07    2.9264222e+09
   7879000   37378.37       3.878327e-07   1.7878009e-11  3.8781482e-07  2.9264086e+09
   7880000   37378.622      3.878327e-07   1.5270071e-11  3.8781743e-07  2.9264288e+09
   7881000   37379.149      3.878327e-07   9.7990278e-12  3.878229e-07   2.9263691e+09
   7882000   37377.305      3.878327e-07   2.8933053e-11  3.8780377e-07  2.9265265e+09
   7883000   37378.653      3.878327e-07   1.4943707e-11  3.8781776e-07  2.9264072e+09
   7884000   37377.826      3.878327e-07   2.352616e-11   3.8780917e-07  2.9264804e+09
   7885000   37379.447      3.878327e-07   6.7075873e-12  3.8782599e-07  2.9263279e+09
   7886000   37378.89       3.878327e-07   1.2488585e-11  3.8782021e-07  2.9263729e+09
   7887000   37378.821      3.878327e-07   1.3207313e-11  3.8781949e-07  2.9263889e+09
   7888000   37379.28       3.878327e-07   8.4422252e-12  3.8782426e-07  2.9263514e+09
   7889000   37378.845      3.878327e-07   1.2956139e-11  3.8781974e-07  2.9263934e+09
   7890000   37379.177      3.878327e-07   9.5085558e-12  3.8782319e-07  2.9263739e+09
   7891000   37378.085      3.878327e-07   2.0837157e-11  3.8781186e-07  2.9264818e+09
   7892000   37378.294      3.878327e-07   1.8664825e-11  3.8781403e-07  2.9264161e+09
   7893000   37379.459      3.878327e-07   6.5819148e-12  3.8782612e-07  2.9263344e+09
   7894000   37379.325      3.878327e-07   7.9706436e-12  3.8782473e-07  2.9263357e+09
   7895000   37378.619      3.878327e-07   1.529886e-11   3.878174e-07   2.9264055e+09
   7896000   37378.164      3.878327e-07   2.0021949e-11  3.8781268e-07  2.9264591e+09
   7897000   37378.362      3.878327e-07   1.7962869e-11  3.8781474e-07  2.9263994e+09
   7898000   37377.485      3.878327e-07   2.7067575e-11  3.8780563e-07  2.9264517e+09
   7899000   37377.234      3.878327e-07   2.9669471e-11  3.8780303e-07  2.9264601e+09
   7900000   37378.948      3.878327e-07   1.1889008e-11  3.8782081e-07  2.9263911e+09
   7901000   37378.668      3.878327e-07   1.4788877e-11  3.8781791e-07  2.9263763e+09
   7902000   37378.969      3.878327e-07   1.1665575e-11  3.8782104e-07  2.9263766e+09
   7903000   37375.218      3.8783271e-07  5.0593649e-11  3.8778211e-07  2.9266076e+09
   7904000   37378.807      3.878327e-07   1.3346539e-11  3.8781935e-07  2.9263988e+09
   7905000   37377.996      3.878327e-07   2.1761123e-11  3.8781094e-07  2.926432e+09 
   7906000   37378.357      3.878327e-07   1.8017457e-11  3.8781468e-07  2.9264506e+09
   7907000   37379.02       3.878327e-07   1.1135546e-11  3.8782156e-07  2.9263732e+09
   7908000   37379.065      3.878327e-07   1.0671431e-11  3.8782203e-07  2.926373e+09 
   7909000   37378.651      3.878327e-07   1.4960196e-11  3.8781774e-07  2.9263914e+09
   7910000   37379.492      3.878327e-07   6.2424061e-12  3.8782646e-07  2.9263206e+09
   7911000   37379.237      3.878327e-07   8.8885374e-12  3.8782381e-07  2.9263509e+09
   7912000   37377.163      3.878327e-07   3.0405287e-11  3.878023e-07   2.9264805e+09
   7913000   37377.814      3.878327e-07   2.3652337e-11  3.8780904e-07  2.9264686e+09
   7914000   37377.551      3.878327e-07   2.6384485e-11  3.8780632e-07  2.9264727e+09
   7915000   37379.138      3.878327e-07   9.9146621e-12  3.8782278e-07  2.9263626e+09
   7916000   37379.12       3.878327e-07   1.0099874e-11  3.878226e-07   2.9263668e+09
   7917000   37379.064      3.878327e-07   1.0680767e-11  3.8782202e-07  2.926361e+09 
   7918000   37378.317      3.878327e-07   1.8427589e-11  3.8781427e-07  2.9264246e+09
   7919000   37379.092      3.878327e-07   1.0388235e-11  3.8782231e-07  2.92637e+09  
   7920000   37378.771      3.878327e-07   1.3722449e-11  3.8781898e-07  2.9263933e+09
   7921000   37376.046      3.8783271e-07  4.2006779e-11  3.877907e-07   2.9266234e+09
   7922000   37378.023      3.878327e-07   2.1480351e-11  3.8781122e-07  2.9264511e+09
   7923000   37378.843      3.878327e-07   1.2979652e-11  3.8781972e-07  2.9264032e+09
   7924000   37378.628      3.878327e-07   1.5209314e-11  3.8781749e-07  2.9263915e+09
   7925000   37379.507      3.878327e-07   6.0887514e-12  3.8782661e-07  2.9263165e+09
   7926000   37378.516      3.878327e-07   1.6367139e-11  3.8781633e-07  2.9264237e+09
   7927000   37378.116      3.878327e-07   2.0520138e-11  3.8781218e-07  2.9264469e+09
   7928000   37379.008      3.878327e-07   1.1265409e-11  3.8782143e-07  2.9263782e+09
   7929000   37378.469      3.878327e-07   1.6851557e-11  3.8781585e-07  2.9264204e+09
   7930000   37377.636      3.8783269e-07  2.5484014e-11  3.8780721e-07  2.9264422e+09
   7931000   37378.006      3.878327e-07   2.1661081e-11  3.8781104e-07  2.9264529e+09
   7932000   37378.626      3.878327e-07   1.5224676e-11  3.8781747e-07  2.9264018e+09
   7933000   37379.243      3.878327e-07   8.8220084e-12  3.8782388e-07  2.9263581e+09
   7934000   37378.483      3.878327e-07   1.6709165e-11  3.8781599e-07  2.9263928e+09
   7935000   37379.198      3.878327e-07   9.2919294e-12  3.8782341e-07  2.9263699e+09
   7936000   37378.637      3.878327e-07   1.511372e-11   3.8781759e-07  2.9264257e+09
   7937000   37379.07       3.878327e-07   1.0614843e-11  3.8782208e-07  2.9263827e+09
   7938000   37379.181      3.878327e-07   9.4662086e-12  3.8782323e-07  2.9263687e+09
   7939000   37378.769      3.878327e-07   1.3745885e-11  3.8781895e-07  2.9263914e+09
   7940000   37379.023      3.878327e-07   1.1104225e-11  3.8782159e-07  2.9263558e+09
   7941000   37378.317      3.878327e-07   1.8437376e-11  3.8781426e-07  2.9264342e+09
   7942000   37379.338      3.878327e-07   7.8425171e-12  3.8782486e-07  2.9263429e+09
   7943000   37379.535      3.878327e-07   5.7999927e-12  3.878269e-07   2.9263227e+09
   7944000   37378.787      3.878327e-07   1.355854e-11   3.8781914e-07  2.9264084e+09
   7945000   37377.487      3.878327e-07   2.7049752e-11  3.8780565e-07  2.9264423e+09
   7946000   37378.713      3.878327e-07   1.4328798e-11  3.8781837e-07  2.9263815e+09
   7947000   37379.076      3.878327e-07   1.0559419e-11  3.8782214e-07  2.9263745e+09
   7948000   37378.876      3.878327e-07   1.2624629e-11  3.8782007e-07  2.9263788e+09
   7949000   37378.807      3.878327e-07   1.334935e-11   3.8781935e-07  2.9263951e+09
   7950000   37378.427      3.878327e-07   1.7283906e-11  3.8781541e-07  2.9264074e+09
   7951000   37379.184      3.878327e-07   9.4416368e-12  3.8782326e-07  2.9263535e+09
   7952000   37376.733      3.8783271e-07  3.4878654e-11  3.8779783e-07  2.9264811e+09
   7953000   37378.728      3.878327e-07   1.4169327e-11  3.8781853e-07  2.9264162e+09
   7954000   37379.176      3.878327e-07   9.5219563e-12  3.8782318e-07  2.9263539e+09
   7955000   37377.921      3.878327e-07   2.25457e-11    3.8781016e-07  2.9264501e+09
   7956000   37378.662      3.878327e-07   1.4850053e-11  3.8781785e-07  2.9264154e+09
   7957000   37378.937      3.878327e-07   1.1994555e-11  3.878207e-07   2.9263802e+09
   7958000   37377.161      3.878327e-07   3.0427757e-11  3.8780227e-07  2.9264721e+09
   7959000   37378.276      3.878327e-07   1.8855565e-11  3.8781384e-07  2.9264413e+09
   7960000   37379.22       3.878327e-07   9.0618482e-12  3.8782363e-07  2.9263484e+09
   7961000   37378.609      3.878327e-07   1.5405842e-11  3.8781729e-07  2.926405e+09 
   7962000   37377.322      3.878327e-07   2.8758744e-11  3.8780394e-07  2.9265018e+09
   7963000   37378.674      3.878327e-07   1.4729672e-11  3.8781797e-07  2.9263859e+09
   7964000   37378.055      3.878327e-07   2.1152465e-11  3.8781155e-07  2.9264573e+09
   7965000   37378.419      3.878327e-07   1.7376927e-11  3.8781532e-07  2.9264462e+09
   7966000   37378.852      3.878327e-07   1.2886263e-11  3.8781981e-07  2.9263802e+09
   7967000   37379.568      3.878327e-07   5.4517424e-12  3.8782725e-07  2.9263225e+09
   7968000   37379.303      3.878327e-07   8.2013049e-12  3.878245e-07   2.9263454e+09
   7969000   37378.617      3.878327e-07   1.5316891e-11  3.8781738e-07  2.9264169e+09
   7970000   37378.919      3.878327e-07   1.2184948e-11  3.8782051e-07  2.9263743e+09
   7971000   37378.325      3.878327e-07   1.8345382e-11  3.8781435e-07  2.9264313e+09
   7972000   37379.337      3.878327e-07   7.846676e-12   3.8782485e-07  2.9263445e+09
   7973000   37378.406      3.878327e-07   1.7506352e-11  3.8781519e-07  2.9264116e+09
   7974000   37378.63       3.878327e-07   1.5185012e-11  3.8781752e-07  2.9264201e+09
   7975000   37379.208      3.878327e-07   9.1860107e-12  3.8782351e-07  2.9263585e+09
   7976000   37378.592      3.878327e-07   1.5582367e-11  3.8781712e-07  2.9264031e+09
   7977000   37379.21       3.878327e-07   9.1640258e-12  3.8782354e-07  2.9263566e+09
   7978000   37379.011      3.878327e-07   1.1228657e-11  3.8782147e-07  2.9263853e+09
   7979000   37379.152      3.878327e-07   9.7638948e-12  3.8782293e-07  2.9263658e+09
   7980000   37379.251      3.878327e-07   8.7363562e-12  3.8782396e-07  2.9263607e+09
   7981000   37378.351      3.878327e-07   1.8082367e-11  3.8781462e-07  2.9264207e+09
   7982000   37377.209      3.878327e-07   2.993615e-11   3.8780277e-07  2.9264831e+09
   7983000   37379.166      3.878327e-07   9.6246135e-12  3.8782307e-07  2.9263598e+09
   7984000   37379.021      3.878327e-07   1.1132214e-11  3.8782157e-07  2.9263738e+09
   7985000   37378.912      3.878327e-07   1.2255851e-11  3.8782044e-07  2.9263872e+09
   7986000   37379.11       3.878327e-07   1.0199796e-11  3.878225e-07   2.9263683e+09
   7987000   37378.685      3.878327e-07   1.4609613e-11  3.8781809e-07  2.9264069e+09
   7988000   37377.741      3.8783269e-07  2.4401885e-11  3.8780829e-07  2.9264289e+09
   7989000   37379.127      3.878327e-07   1.0032979e-11  3.8782267e-07  2.9263745e+09
   7990000   37377.987      3.878327e-07   2.186314e-11   3.8781084e-07  2.9264271e+09
   7991000   37378.251      3.878327e-07   1.9115934e-11  3.8781358e-07  2.9264182e+09
   7992000   37378.004      3.8783269e-07  2.1674528e-11  3.8781102e-07  2.9264216e+09
   7993000   37377.916      3.878327e-07   2.2595397e-11  3.8781011e-07  2.9264432e+09
   7994000   37378.405      3.878327e-07   1.7520174e-11  3.8781518e-07  2.9264644e+09
   7995000   37377.786      3.878327e-07   2.3940494e-11  3.8780876e-07  2.9264609e+09
   7996000   37378.468      3.878327e-07   1.6863506e-11  3.8781584e-07  2.9263969e+09
   7997000   37379.216      3.878327e-07   9.1030476e-12  3.878236e-07   2.9263623e+09
   7998000   37378.61       3.878327e-07   1.5397751e-11  3.878173e-07   2.9264106e+09
   7999000   37377.658      3.878327e-07   2.5269884e-11  3.8780743e-07  2.9264752e+09
   8000000   37377.466      3.878327e-07   2.7266705e-11  3.8780543e-07  2.9264797e+09
   8001000   37378.806      3.878327e-07   1.3363329e-11  3.8781934e-07  2.9263815e+09
   8002000   37377.879      3.878327e-07   2.29811e-11    3.8780972e-07  2.9264452e+09
   8003000   37379.186      3.878327e-07   9.4133985e-12  3.8782329e-07  2.9263565e+09
   8004000   37378.306      3.878327e-07   1.8542426e-11  3.8781416e-07  2.9264455e+09
   8005000   37378.995      3.878327e-07   1.1402355e-11  3.878213e-07   2.9263891e+09
   8006000   37379.494      3.878327e-07   6.2161111e-12  3.8782648e-07  2.9263289e+09
   8007000   37378.272      3.878327e-07   1.890173e-11   3.878138e-07   2.9264276e+09
   8008000   37379.248      3.878327e-07   8.7678905e-12  3.8782393e-07  2.9263483e+09
   8009000   37379.407      3.878327e-07   7.1197601e-12  3.8782558e-07  2.9263406e+09
   8010000   37378.392      3.878327e-07   1.7650368e-11  3.8781505e-07  2.9264282e+09
   8011000   37378.647      3.878327e-07   1.5007829e-11  3.8781769e-07  2.9264166e+09
   8012000   37378.78       3.878327e-07   1.3624538e-11  3.8781907e-07  2.9263861e+09
   8013000   37379.187      3.878327e-07   9.4018949e-12  3.878233e-07   2.9263637e+09
   8014000   37377.959      3.8783269e-07  2.2138765e-11  3.8781056e-07  2.9264716e+09
   8015000   37378.484      3.878327e-07   1.6694652e-11  3.87816e-07    2.92642e+09  
   8016000   37378.508      3.878327e-07   1.6449875e-11  3.8781625e-07  2.9264217e+09
   8017000   37378.969      3.878327e-07   1.1668139e-11  3.8782103e-07  2.9263595e+09
   8018000   37378.502      3.878327e-07   1.6509299e-11  3.8781619e-07  2.926413e+09 
   8019000   37377.325      3.878327e-07   2.8723471e-11  3.8780398e-07  2.9265021e+09
   8020000   37378.728      3.878327e-07   1.4163e-11     3.8781853e-07  2.9263978e+09
   8021000   37378.353      3.878327e-07   1.8060157e-11  3.8781464e-07  2.926436e+09 
   8022000   37378.981      3.878327e-07   1.1539425e-11  3.8782116e-07  2.9263841e+09
   8023000   37379.029      3.878327e-07   1.1047136e-11  3.8782165e-07  2.9263881e+09
   8024000   37378.833      3.878327e-07   1.3078757e-11  3.8781962e-07  2.926402e+09 
   8025000   37377.955      3.878327e-07   2.2186415e-11  3.8781051e-07  2.9264533e+09
   8026000   37378.713      3.878327e-07   1.4324545e-11  3.8781837e-07  2.9264016e+09
   8027000   37378.02       3.878327e-07   2.1514139e-11  3.8781119e-07  2.9264396e+09
   8028000   37377.588      3.878327e-07   2.5995425e-11  3.8780671e-07  2.9264614e+09
   8029000   37377.714      3.878327e-07   2.4692442e-11  3.8780801e-07  2.9264899e+09
   8030000   37378.197      3.878327e-07   1.967705e-11   3.8781302e-07  2.9264397e+09
   8031000   37378.984      3.878327e-07   1.1516769e-11  3.8782118e-07  2.9263876e+09
   8032000   37377.901      3.878327e-07   2.2742322e-11  3.8780996e-07  2.926431e+09 
   8033000   37378.945      3.878327e-07   1.1918617e-11  3.8782078e-07  2.926373e+09 
   8034000   37378.655      3.878327e-07   1.4930398e-11  3.8781777e-07  2.9263996e+09
   8035000   37378.849      3.878327e-07   1.2909414e-11  3.8781979e-07  2.9263774e+09
   8036000   37378.274      3.878327e-07   1.8871401e-11  3.8781383e-07  2.9264386e+09
   8037000   37379.337      3.878327e-07   7.8470357e-12  3.8782485e-07  2.9263477e+09
   8038000   37378.341      3.878327e-07   1.8184725e-11  3.8781452e-07  2.926429e+09 
   8039000   37378.533      3.878327e-07   1.6193434e-11  3.8781651e-07  2.9264242e+09
   8040000   37378.514      3.878327e-07   1.6385403e-11  3.8781631e-07  2.9264085e+09
   8041000   37377.76       3.878327e-07   2.4206012e-11  3.8780849e-07  2.9264517e+09
   8042000   37378.503      3.878327e-07   1.6497135e-11  3.878162e-07   2.9264103e+09
   8043000   37379.315      3.878327e-07   8.0818215e-12  3.8782462e-07  2.926339e+09 
   8044000   37378.671      3.878327e-07   1.4757824e-11  3.8781794e-07  2.9264252e+09
   8045000   37379.207      3.878327e-07   9.1989873e-12  3.878235e-07   2.926344e+09 
   8046000   37379.038      3.878327e-07   1.0952242e-11  3.8782175e-07  2.9263848e+09
   8047000   37378.458      3.878327e-07   1.6970742e-11  3.8781573e-07  2.9264133e+09
   8048000   37376.943      3.8783271e-07  3.2694871e-11  3.8780001e-07  2.9264591e+09
   8049000   37378.571      3.878327e-07   1.5796144e-11  3.878169e-07   2.9264037e+09
   8050000   37379.037      3.878327e-07   1.0962336e-11  3.8782174e-07  2.9263896e+09
   8051000   37377.862      3.878327e-07   2.3151307e-11  3.8780955e-07  2.9264528e+09
   8052000   37378.044      3.878327e-07   2.1264025e-11  3.8781144e-07  2.9264486e+09
   8053000   37378.377      3.878327e-07   1.7813863e-11  3.8781489e-07  2.9264282e+09
   8054000   37378.803      3.878327e-07   1.3387295e-11  3.8781931e-07  2.9263869e+09
   8055000   37377.626      3.878327e-07   2.5602743e-11  3.878071e-07   2.9264692e+09
   8056000   37377.615      3.878327e-07   2.5713201e-11  3.8780699e-07  2.92649e+09  
   8057000   37378.185      3.878327e-07   1.9803209e-11  3.878129e-07   2.9264019e+09
   8058000   37378.194      3.878327e-07   1.9710364e-11  3.8781299e-07  2.9264302e+09
   8059000   37378.363      3.878327e-07   1.7952811e-11  3.8781475e-07  2.9264316e+09
   8060000   37378.899      3.878327e-07   1.239033e-11   3.8782031e-07  2.9263873e+09
   8061000   37377.228      3.878327e-07   2.9729534e-11  3.8780297e-07  2.9264145e+09
   8062000   37377.765      3.878327e-07   2.4159546e-11  3.8780854e-07  2.9264572e+09
   8063000   37378.688      3.878327e-07   1.4578052e-11  3.8781812e-07  2.9263995e+09
   8064000   37378.537      3.878327e-07   1.6143779e-11  3.8781655e-07  2.9264379e+09
   8065000   37378.101      3.878327e-07   2.0670386e-11  3.8781203e-07  2.9264597e+09
   8066000   37378.906      3.878327e-07   1.232031e-11   3.8782038e-07  2.926379e+09 
   8067000   37378.298      3.878327e-07   1.8628987e-11  3.8781407e-07  2.9263736e+09
   8068000   37376.902      3.878327e-07   3.3119608e-11  3.8779958e-07  2.9264712e+09
   8069000   37378.402      3.878327e-07   1.7549691e-11  3.8781515e-07  2.92642e+09  
   8070000   37379.226      3.878327e-07   9.0025063e-12  3.878237e-07   2.9263467e+09
   8071000   37378.242      3.878327e-07   1.9205026e-11  3.8781349e-07  2.9264094e+09
   8072000   37379.294      3.878327e-07   8.3000891e-12  3.878244e-07   2.9263585e+09
   8073000   37377.632      3.878327e-07   2.5539888e-11  3.8780716e-07  2.9264546e+09
   8074000   37378.733      3.878327e-07   1.4115944e-11  3.8781858e-07  2.9264021e+09
   8075000   37378.857      3.878327e-07   1.2827296e-11  3.8781987e-07  2.9264054e+09
   8076000   37377.972      3.878327e-07   2.2008408e-11  3.8781069e-07  2.9264507e+09
   8077000   37379.239      3.878327e-07   8.8614556e-12  3.8782384e-07  2.92635e+09  
   8078000   37379.253      3.878327e-07   8.7250478e-12  3.8782397e-07  2.9263485e+09
   8079000   37378.328      3.878327e-07   1.831841e-11   3.8781438e-07  2.9264183e+09
   8080000   37378.434      3.878327e-07   1.7217961e-11  3.8781548e-07  2.9264112e+09
   8081000   37378.263      3.8783269e-07  1.8988764e-11  3.878137e-07   2.9264657e+09
   8082000   37377.575      3.878327e-07   2.6128076e-11  3.8780657e-07  2.9264947e+09
   8083000   37378.428      3.878327e-07   1.7276573e-11  3.8781542e-07  2.9264445e+09
   8084000   37378.649      3.8783269e-07  1.4982088e-11  3.8781771e-07  2.9264033e+09
   8085000   37379.09       3.878327e-07   1.041226e-11   3.8782229e-07  2.9263621e+09
   8086000   37377.825      3.878327e-07   2.3539812e-11  3.8780916e-07  2.9264499e+09
   8087000   37378.843      3.878327e-07   1.2970738e-11  3.8781973e-07  2.9263869e+09
   8088000   37378.539      3.878327e-07   1.6129779e-11  3.8781657e-07  2.9264091e+09
   8089000   37377.832      3.878327e-07   2.3465389e-11  3.8780923e-07  2.926484e+09 
   8090000   37378.387      3.878327e-07   1.7703594e-11  3.8781499e-07  2.9264168e+09
   8091000   37378.115      3.878327e-07   2.0531519e-11  3.8781217e-07  2.92648e+09  
   8092000   37379.41       3.878327e-07   7.0949188e-12  3.878256e-07   2.9263401e+09
   8093000   37378.493      3.878327e-07   1.6603056e-11  3.878161e-07   2.92641e+09  
   8094000   37378.221      3.878327e-07   1.9434515e-11  3.8781327e-07  2.926406e+09 
   8095000   37378.635      3.878327e-07   1.5128657e-11  3.8781757e-07  2.9264028e+09
   8096000   37378.629      3.878327e-07   1.5197249e-11  3.878175e-07   2.9264039e+09
   8097000   37378.823      3.878327e-07   1.317986e-11   3.8781952e-07  2.926393e+09 
   8098000   37378.067      3.878327e-07   2.1029448e-11  3.8781167e-07  2.9264383e+09
   8099000   37379.076      3.878327e-07   1.0562433e-11  3.8782214e-07  2.9263622e+09
   8100000   37376.612      3.8783271e-07  3.6131238e-11  3.8779658e-07  2.9264631e+09
   8101000   37379.1        3.878327e-07   1.0305172e-11  3.8782239e-07  2.9263737e+09
   8102000   37378.77       3.878327e-07   1.3735223e-11  3.8781896e-07  2.9263972e+09
   8103000   37379.358      3.878327e-07   7.6312889e-12  3.8782507e-07  2.9263366e+09
   8104000   37378.736      3.878327e-07   1.4082799e-11  3.8781862e-07  2.9264069e+09
   8105000   37378.474      3.878327e-07   1.6806483e-11  3.8781589e-07  2.9264338e+09
   8106000   37378.513      3.878327e-07   1.6395796e-11  3.878163e-07   2.926385e+09 
   8107000   37377.35       3.878327e-07   2.8462079e-11  3.8780424e-07  2.9265156e+09
   8108000   37378.819      3.878327e-07   1.3219419e-11  3.8781948e-07  2.9263659e+09
   8109000   37377.488      3.8783271e-07  2.7041773e-11  3.8780566e-07  2.9264111e+09
   8110000   37378.462      3.878327e-07   1.6923392e-11  3.8781577e-07  2.9264382e+09
   8111000   37378.29       3.878327e-07   1.8712363e-11  3.8781399e-07  2.9264371e+09
   8112000   37377.833      3.878327e-07   2.3458196e-11  3.8780924e-07  2.9264496e+09
   8113000   37378.992      3.878327e-07   1.1423979e-11  3.8782128e-07  2.926397e+09 
   8114000   37378.977      3.878327e-07   1.1583879e-11  3.8782112e-07  2.9263687e+09
   8115000   37377.968      3.878327e-07   2.2052444e-11  3.8781065e-07  2.9264413e+09
   8116000   37378.902      3.878327e-07   1.2365752e-11  3.8782033e-07  2.9263775e+09
   8117000   37377.856      3.878327e-07   2.3212587e-11  3.8780948e-07  2.9264984e+09
   8118000   37379.424      3.878327e-07   6.9445631e-12  3.8782575e-07  2.9263291e+09
   8119000   37379.473      3.878327e-07   6.4408817e-12  3.8782626e-07  2.9263262e+09
   8120000   37378.11       3.878327e-07   2.0580124e-11  3.8781212e-07  2.9264351e+09
   8121000   37379.16       3.878327e-07   9.6897464e-12  3.8782301e-07  2.9263622e+09
   8122000   37378.328      3.878327e-07   1.8314706e-11  3.8781439e-07  2.9264327e+09
   8123000   37377.81       3.878327e-07   2.368732e-11   3.8780901e-07  2.926451e+09 
   8124000   37378.617      3.878327e-07   1.5323612e-11  3.8781738e-07  2.9264163e+09
   8125000   37379.3        3.878327e-07   8.23042e-12    3.8782447e-07  2.9263486e+09
   8126000   37378.951      3.878327e-07   1.1860308e-11  3.8782084e-07  2.9263895e+09
   8127000   37377.33       3.8783269e-07  2.8658806e-11  3.8780403e-07  2.9264542e+09
   8128000   37378.792      3.878327e-07   1.3501015e-11  3.878192e-07   2.9263978e+09
   8129000   37378.845      3.878327e-07   1.2953671e-11  3.8781974e-07  2.9264132e+09
   8130000   37379.011      3.878327e-07   1.1232206e-11  3.8782147e-07  2.9263793e+09
   8131000   37378.959      3.878327e-07   1.1773419e-11  3.8782092e-07  2.9263976e+09
   8132000   37378.982      3.878327e-07   1.1528728e-11  3.8782117e-07  2.9263824e+09
   8133000   37378.527      3.878327e-07   1.625478e-11   3.8781644e-07  2.9264309e+09
   8134000   37378.595      3.878327e-07   1.5544651e-11  3.8781716e-07  2.9264087e+09
   8135000   37378.534      3.878327e-07   1.6177028e-11  3.8781652e-07  2.9263985e+09
   8136000   37377.98       3.878327e-07   2.1926116e-11  3.8781077e-07  2.9264611e+09
   8137000   37378.078      3.878327e-07   2.0908069e-11  3.8781179e-07  2.9264533e+09
   8138000   37378.458      3.878327e-07   1.6964727e-11  3.8781573e-07  2.9264259e+09
   8139000   37378.358      3.878327e-07   1.8010051e-11  3.8781469e-07  2.9264321e+09
   8140000   37379.189      3.878327e-07   9.386175e-12   3.8782331e-07  2.9263589e+09
   8141000   37378.838      3.878327e-07   1.3028116e-11  3.8781967e-07  2.9263986e+09
   8142000   37378.604      3.878327e-07   1.545573e-11   3.8781724e-07  2.9264053e+09
   8143000   37379.012      3.878327e-07   1.1216872e-11  3.8782148e-07  2.9263832e+09
   8144000   37378.282      3.878327e-07   1.8800604e-11  3.878139e-07   2.9264333e+09
   8145000   37379.155      3.878327e-07   9.7422932e-12  3.8782296e-07  2.9263662e+09
   8146000   37378.555      3.878327e-07   1.5959553e-11  3.8781674e-07  2.9264186e+09
   8147000   37374.278      3.878327e-07   6.0339068e-11  3.8777236e-07  2.9267047e+09
   8148000   37379.209      3.878327e-07   9.1804598e-12  3.8782352e-07  2.9263554e+09
   8149000   37378.695      3.878327e-07   1.4512704e-11  3.8781819e-07  2.9263817e+09
   8150000   37378.837      3.878327e-07   1.3032102e-11  3.8781967e-07  2.9263813e+09
   8151000   37378.851      3.878327e-07   1.2886142e-11  3.8781981e-07  2.9263959e+09
   8152000   37378.843      3.878327e-07   1.2972373e-11  3.8781973e-07  2.9263892e+09
   8153000   37378.562      3.878327e-07   1.5888356e-11  3.8781681e-07  2.9264076e+09
   8154000   37378.148      3.878327e-07   2.0181514e-11  3.8781251e-07  2.9264387e+09
   8155000   37379.326      3.878327e-07   7.9626138e-12  3.8782474e-07  2.9263451e+09
   8156000   37378.595      3.878327e-07   1.5551078e-11  3.8781715e-07  2.9264022e+09
   8157000   37378.481      3.878327e-07   1.6732275e-11  3.8781597e-07  2.9264007e+09
   8158000   37379.436      3.878327e-07   6.8223545e-12  3.8782588e-07  2.9263428e+09
   8159000   37379.58       3.878327e-07   5.333494e-12   3.8782737e-07  2.9263217e+09
   8160000   37379.169      3.878327e-07   9.5959799e-12  3.878231e-07   2.9263603e+09
   8161000   37378.706      3.878327e-07   1.4400447e-11  3.878183e-07   2.9264024e+09
   8162000   37378.913      3.878327e-07   1.2251192e-11  3.8782045e-07  2.9263533e+09
   8163000   37378.4        3.878327e-07   1.7567601e-11  3.8781513e-07  2.9264031e+09
   8164000   37378.244      3.878327e-07   1.9193108e-11  3.8781351e-07  2.9264636e+09
   8165000   37378.325      3.878327e-07   1.8349509e-11  3.8781435e-07  2.9264206e+09
   8166000   37378.972      3.878327e-07   1.1634795e-11  3.8782106e-07  2.9263817e+09
   8167000   37378.929      3.878327e-07   1.2084165e-11  3.8782062e-07  2.9263816e+09
   8168000   37378.14       3.878327e-07   2.0275028e-11  3.8781243e-07  2.9264389e+09
   8169000   37378.451      3.8783269e-07  1.7037957e-11  3.8781566e-07  2.9263991e+09
   8170000   37377.988      3.878327e-07   2.1849795e-11  3.8781085e-07  2.9264577e+09
   8171000   37378.747      3.878327e-07   1.3973179e-11  3.8781872e-07  2.9263982e+09
   8172000   37379.328      3.878327e-07   7.9438393e-12  3.8782476e-07  2.9263515e+09
   8173000   37377.295      3.878327e-07   2.9039061e-11  3.8780366e-07  2.9264734e+09
   8174000   37379.358      3.878327e-07   7.6340922e-12  3.8782506e-07  2.9263462e+09
   8175000   37378.483      3.878327e-07   1.6710905e-11  3.8781599e-07  2.9264295e+09
   8176000   37377.517      3.878327e-07   2.6736384e-11  3.8780596e-07  2.9264894e+09
   8177000   37378.204      3.878327e-07   1.960719e-11   3.8781309e-07  2.9264629e+09
   8178000   37378.241      3.878327e-07   1.9218226e-11  3.8781348e-07  2.9264251e+09
   8179000   37377.999      3.878327e-07   2.1734446e-11  3.8781097e-07  2.926441e+09 
   8180000   37378.802      3.878327e-07   1.3406191e-11  3.8781929e-07  2.9263801e+09
   8181000   37379.166      3.878327e-07   9.6216385e-12  3.8782308e-07  2.9263655e+09
   8182000   37377.825      3.878327e-07   2.3540496e-11  3.8780916e-07  2.9264424e+09
   8183000   37378.487      3.878327e-07   1.6665493e-11  3.8781603e-07  2.9264116e+09
   8184000   37379.443      3.878327e-07   6.7481555e-12  3.8782595e-07  2.9263413e+09
   8185000   37378.443      3.878327e-07   1.7122053e-11  3.8781558e-07  2.9263904e+09
   8186000   37378.252      3.878327e-07   1.9111702e-11  3.8781359e-07  2.9264206e+09
   8187000   37378.423      3.878327e-07   1.7334179e-11  3.8781537e-07  2.9264241e+09
   8188000   37377.698      3.878327e-07   2.4851067e-11  3.8780784e-07  2.9264841e+09
   8189000   37378.56       3.878327e-07   1.591136e-11   3.8781679e-07  2.9264087e+09
   8190000   37379.469      3.878327e-07   6.4804119e-12  3.8782622e-07  2.9263377e+09
   8191000   37379.005      3.878327e-07   1.1290782e-11  3.8782141e-07  2.9263868e+09
   8192000   37378.115      3.878327e-07   2.0521935e-11  3.8781218e-07  2.9264383e+09
   8193000   37378.209      3.878327e-07   1.9554279e-11  3.8781314e-07  2.9264332e+09
   8194000   37378.735      3.878327e-07   1.4092561e-11  3.8781861e-07  2.9264102e+09
   8195000   37377.646      3.878327e-07   2.5393745e-11  3.8780731e-07  2.9264474e+09
   8196000   37377.481      3.8783271e-07  2.7118206e-11  3.8780559e-07  2.9264203e+09
   8197000   37379.439      3.878327e-07   6.7938957e-12  3.8782591e-07  2.926334e+09 
   8198000   37377.136      3.878327e-07   3.0688432e-11  3.8780201e-07  2.9265247e+09
   8199000   37378.656      3.878327e-07   1.4918562e-11  3.8781778e-07  2.9264257e+09
   8200000   37377.856      3.878327e-07   2.3214685e-11  3.8780949e-07  2.9264727e+09
   8201000   37378.198      3.878327e-07   1.9669398e-11  3.8781303e-07  2.9264265e+09
   8202000   37379.106      3.878327e-07   1.0245758e-11  3.8782245e-07  2.9263748e+09
   8203000   37377.065      3.878327e-07   3.1430713e-11  3.8780127e-07  2.9264861e+09
   8204000   37378.686      3.878327e-07   1.4608181e-11  3.8781809e-07  2.9264083e+09
   8205000   37379.092      3.878327e-07   1.0394975e-11  3.878223e-07   2.926368e+09 
   8206000   37378.99       3.878327e-07   1.1446886e-11  3.8782125e-07  2.9263774e+09
   8207000   37379.021      3.878327e-07   1.1129418e-11  3.8782157e-07  2.9263837e+09
   8208000   37378.266      3.878327e-07   1.8961513e-11  3.8781374e-07  2.9264662e+09
   8209000   37377.853      3.878327e-07   2.3241261e-11  3.8780946e-07  2.9264317e+09
   8210000   37378.455      3.878327e-07   1.699897e-11   3.878157e-07   2.9264518e+09
   8211000   37378.509      3.878327e-07   1.6445598e-11  3.8781626e-07  2.9264039e+09
   8212000   37378.982      3.878327e-07   1.1531114e-11  3.8782117e-07  2.9263829e+09
   8213000   37377.38       3.8783269e-07  2.8145593e-11  3.8780455e-07  2.9264793e+09
   8214000   37377.938      3.878327e-07   2.2367174e-11  3.8781033e-07  2.9264556e+09
   8215000   37379.367      3.878327e-07   7.5431653e-12  3.8782516e-07  2.9263381e+09
   8216000   37377.736      3.878327e-07   2.4470004e-11  3.8780823e-07  2.9264479e+09
   8217000   37378.572      3.878327e-07   1.5784029e-11  3.8781691e-07  2.9263971e+09
   8218000   37378.531      3.878327e-07   1.6206446e-11  3.8781649e-07  2.9264275e+09
   8219000   37379.277      3.878327e-07   8.4669626e-12  3.8782423e-07  2.9263487e+09
   8220000   37378.958      3.878327e-07   1.1783062e-11  3.8782092e-07  2.9263727e+09
   8221000   37378.492      3.878327e-07   1.661403e-11   3.8781609e-07  2.9263779e+09
   8222000   37377.505      3.878327e-07   2.685469e-11   3.8780584e-07  2.9264979e+09
   8223000   37378.376      3.878327e-07   1.7820522e-11  3.8781488e-07  2.926433e+09 
   8224000   37378.113      3.878327e-07   2.0542806e-11  3.8781215e-07  2.9264499e+09
   8225000   37378.665      3.878327e-07   1.4818792e-11  3.8781788e-07  2.9264063e+09
   8226000   37379.155      3.878327e-07   9.7299208e-12  3.8782297e-07  2.9263628e+09
   8227000   37378.054      3.878327e-07   2.1162097e-11  3.8781154e-07  2.9264329e+09
   8228000   37378.616      3.878327e-07   1.5330747e-11  3.8781737e-07  2.9264139e+09
   8229000   37379.191      3.878327e-07   9.3640399e-12  3.8782334e-07  2.92637e+09  
   8230000   37378.251      3.878327e-07   1.9118024e-11  3.8781358e-07  2.9264252e+09
   8231000   37378.66       3.878327e-07   1.4873393e-11  3.8781782e-07  2.9264002e+09
   8232000   37379.266      3.878327e-07   8.5828156e-12  3.8782412e-07  2.9263452e+09
   8233000   37378.928      3.878327e-07   1.2097407e-11  3.878206e-07   2.9263837e+09
   8234000   37377.553      3.878327e-07   2.6362329e-11  3.8780634e-07  2.92648e+09  
   8235000   37376.923      3.878327e-07   3.2900614e-11  3.877998e-07   2.9265352e+09
   8236000   37378.858      3.878327e-07   1.2822797e-11  3.8781988e-07  2.9263636e+09
   8237000   37378.61       3.878327e-07   1.5394705e-11  3.8781731e-07  2.9264118e+09
   8238000   37379.365      3.878327e-07   7.5599697e-12  3.8782514e-07  2.9263493e+09
   8239000   37378.903      3.878327e-07   1.2346221e-11  3.8782035e-07  2.9263943e+09
   8240000   37378.716      3.878327e-07   1.4298758e-11  3.878184e-07   2.9263938e+09
   8241000   37378.732      3.878327e-07   1.4126626e-11  3.8781857e-07  2.9263841e+09
   8242000   37379.208      3.878327e-07   9.1906483e-12  3.8782351e-07  2.9263612e+09
   8243000   37378.563      3.878327e-07   1.5875932e-11  3.8781682e-07  2.9264291e+09
   8244000   37379.009      3.878327e-07   1.1247531e-11  3.8782145e-07  2.9263909e+09
   8245000   37378.797      3.878327e-07   1.3455764e-11  3.8781924e-07  2.92639e+09  
   8246000   37378.56       3.878327e-07   1.5907885e-11  3.8781679e-07  2.9264215e+09
   8247000   37378.703      3.878327e-07   1.4425347e-11  3.8781827e-07  2.9263986e+09
   8248000   37378.982      3.878327e-07   1.1532528e-11  3.8782116e-07  2.9263672e+09
   8249000   37378.013      3.878327e-07   2.1583947e-11  3.8781112e-07  2.9264584e+09
   8250000   37378.349      3.878327e-07   1.8100737e-11  3.878146e-07   2.926431e+09 
   8251000   37378.097      3.878327e-07   2.071684e-11   3.8781198e-07  2.9264506e+09
   8252000   37378.084      3.878327e-07   2.0848773e-11  3.8781185e-07  2.926465e+09 
   8253000   37379.208      3.878327e-07   9.1822715e-12  3.8782352e-07  2.9263533e+09
   8254000   37379.307      3.878327e-07   8.159852e-12   3.8782454e-07  2.9263467e+09
   8255000   37379.355      3.878327e-07   7.6594614e-12  3.8782504e-07  2.9263446e+09
   8256000   37377.751      3.878327e-07   2.4301783e-11  3.878084e-07   2.9265227e+09
   8257000   37378.033      3.878327e-07   2.1374833e-11  3.8781132e-07  2.9264446e+09
   8258000   37378.537      3.878327e-07   1.6146139e-11  3.8781655e-07  2.9264064e+09
   8259000   37378.372      3.878327e-07   1.785819e-11   3.8781484e-07  2.9264177e+09
   8260000   37378.818      3.878327e-07   1.3232913e-11  3.8781946e-07  2.9263902e+09
   8261000   37378.933      3.878327e-07   1.2040219e-11  3.8782066e-07  2.9263849e+09
   8262000   37377.097      3.878327e-07   3.1091683e-11  3.8780161e-07  2.9265094e+09
   8263000   37378.702      3.878327e-07   1.4432931e-11  3.8781827e-07  2.9263851e+09
   8264000   37378.84       3.878327e-07   1.301211e-11   3.8781969e-07  2.9263547e+09
   8265000   37378.444      3.878327e-07   1.7118427e-11  3.8781558e-07  2.9264342e+09
   8266000   37379.425      3.878327e-07   6.9334393e-12  3.8782577e-07  2.9263329e+09
   8267000   37379.482      3.878327e-07   6.3410015e-12  3.8782636e-07  2.9263325e+09
   8268000   37379.436      3.878327e-07   6.8191035e-12  3.8782588e-07  2.9263362e+09
   8269000   37378.599      3.878327e-07   1.5501711e-11  3.878172e-07   2.9263914e+09
   8270000   37378.49       3.878327e-07   1.6633351e-11  3.8781607e-07  2.9264483e+09
   8271000   37379.131      3.878327e-07   9.9877717e-12  3.8782271e-07  2.9263594e+09
   8272000   37379.014      3.878327e-07   1.1204132e-11  3.878215e-07   2.9263746e+09
   8273000   37378.558      3.8783269e-07  1.59201e-11    3.8781677e-07  2.9264019e+09
   8274000   37379.017      3.878327e-07   1.1164625e-11  3.8782153e-07  2.9263713e+09
   8275000   37378.387      3.878327e-07   1.7706595e-11  3.8781499e-07  2.9264414e+09
   8276000   37378.84       3.878327e-07   1.3002977e-11  3.8781969e-07  2.9264043e+09
   8277000   37379.134      3.878327e-07   9.9504154e-12  3.8782275e-07  2.9263651e+09
   8278000   37379.023      3.878327e-07   1.110986e-11   3.8782159e-07  2.9263815e+09
   8279000   37378.598      3.878327e-07   1.5509981e-11  3.8781719e-07  2.9264061e+09
   8280000   37378.584      3.878327e-07   1.5661043e-11  3.8781704e-07  2.9263954e+09
   8281000   37377.445      3.8783269e-07  2.7476816e-11  3.8780522e-07  2.9264673e+09
   8282000   37378.778      3.878327e-07   1.364788e-11   3.8781905e-07  2.9263974e+09
   8283000   37378.86       3.878327e-07   1.2793937e-11  3.878199e-07   2.9263619e+09
   8284000   37379.06       3.878327e-07   1.0716908e-11  3.8782198e-07  2.9263601e+09
   8285000   37378.986      3.878327e-07   1.149281e-11   3.8782121e-07  2.9263852e+09
   8286000   37377.927      3.878327e-07   2.2482063e-11  3.8781022e-07  2.9264429e+09
   8287000   37379.14       3.878327e-07   9.8961998e-12  3.878228e-07   2.9263674e+09
   8288000   37378.827      3.878327e-07   1.3135925e-11  3.8781956e-07  2.9264044e+09
   8289000   37378.613      3.878327e-07   1.5356383e-11  3.8781734e-07  2.9264061e+09
   8290000   37377.696      3.878327e-07   2.48705e-11    3.8780783e-07  2.9264613e+09
   8291000   37378.951      3.878327e-07   1.1859698e-11  3.8782084e-07  2.9263924e+09
   8292000   37378.773      3.878327e-07   1.369958e-11   3.87819e-07    2.9263685e+09
   8293000   37379.058      3.878327e-07   1.0744166e-11  3.8782195e-07  2.9263893e+09
   8294000   37378.479      3.878327e-07   1.6750427e-11  3.8781595e-07  2.9264461e+09
   8295000   37377.545      3.878327e-07   2.6447953e-11  3.8780625e-07  2.9264749e+09
   8296000   37378.644      3.878327e-07   1.5043414e-11  3.8781766e-07  2.9263908e+09
   8297000   37378.817      3.878327e-07   1.3244553e-11  3.8781945e-07  2.926382e+09 
   8298000   37378.221      3.878327e-07   1.9430229e-11  3.8781327e-07  2.9264215e+09
   8299000   37378.41       3.878327e-07   1.7472382e-11  3.8781523e-07  2.9264412e+09
   8300000   37379.221      3.878327e-07   9.0567787e-12  3.8782364e-07  2.9263585e+09
   8301000   37378.134      3.878327e-07   2.0333379e-11  3.8781236e-07  2.9264001e+09
   8302000   37378.188      3.878327e-07   1.9772563e-11  3.8781293e-07  2.9264127e+09
   8303000   37379.313      3.878327e-07   8.1026903e-12  3.878246e-07   2.9263424e+09
   8304000   37378.269      3.878327e-07   1.8928744e-11  3.8781377e-07  2.9264283e+09
   8305000   37377.451      3.878327e-07   2.7424111e-11  3.8780528e-07  2.9264966e+09
   8306000   37378.05       3.878327e-07   2.1205297e-11  3.878115e-07   2.9264611e+09
   8307000   37379.592      3.878327e-07   5.2034752e-12  3.8782749e-07  2.9263163e+09
   8308000   37377.979      3.878327e-07   2.1936674e-11  3.8781076e-07  2.9264354e+09
   8309000   37378.783      3.878327e-07   1.3598441e-11  3.878191e-07   2.9263996e+09
   8310000   37379.136      3.878327e-07   9.9352306e-12  3.8782276e-07  2.9263696e+09
   8311000   37377.805      3.8783269e-07  2.3736106e-11  3.8780896e-07  2.9264753e+09
   8312000   37378.913      3.878327e-07   1.2249885e-11  3.8782045e-07  2.9263908e+09
   8313000   37378.888      3.878327e-07   1.2507627e-11  3.8782019e-07  2.9263799e+09
   8314000   37378.166      3.878327e-07   1.9996555e-11  3.878127e-07   2.9264388e+09
   8315000   37378.365      3.8783269e-07  1.7925722e-11  3.8781477e-07  2.9264424e+09
   8316000   37377.582      3.878327e-07   2.6063311e-11  3.8780664e-07  2.9264573e+09
   8317000   37379.111      3.878327e-07   1.0197255e-11  3.878225e-07   2.9263663e+09
   8318000   37379.318      3.878327e-07   8.0459531e-12  3.8782465e-07  2.9263465e+09
   8319000   37379.196      3.878327e-07   9.3079365e-12  3.8782339e-07  2.9263641e+09
   8320000   37379.116      3.878327e-07   1.0141266e-11  3.8782256e-07  2.9263681e+09
   8321000   37379.38       3.878327e-07   7.39879e-12    3.878253e-07   2.9263408e+09
   8322000   37378.921      3.878327e-07   1.2165869e-11  3.8782053e-07  2.9263739e+09
   8323000   37377.509      3.8783269e-07  2.6809915e-11  3.8780588e-07  2.9264845e+09
   8324000   37378.858      3.878327e-07   1.2817786e-11  3.8781988e-07  2.9263832e+09
   8325000   37379.43       3.878327e-07   6.8839972e-12  3.8782582e-07  2.926331e+09 
   8326000   37378.972      3.878327e-07   1.1634059e-11  3.8782107e-07  2.9263884e+09
   8327000   37378.194      3.878327e-07   1.9705039e-11  3.8781299e-07  2.9264518e+09
   8328000   37379.355      3.878327e-07   7.6566274e-12  3.8782504e-07  2.9263429e+09
   8329000   37378.613      3.878327e-07   1.5353233e-11  3.8781734e-07  2.9263686e+09
   8330000   37379.027      3.878327e-07   1.1059738e-11  3.8782164e-07  2.9263805e+09
   8331000   37379.175      3.878327e-07   9.5334202e-12  3.8782317e-07  2.9263627e+09
   8332000   37378.771      3.878327e-07   1.37152e-11    3.8781898e-07  2.9263946e+09
   8333000   37379.524      3.878327e-07   5.9110188e-12  3.8782679e-07  2.92633e+09  
   8334000   37378.491      3.878327e-07   1.6625624e-11  3.8781607e-07  2.9264213e+09
   8335000   37376.692      3.878327e-07   3.5295168e-11  3.8779741e-07  2.9265177e+09
   8336000   37378.75       3.878327e-07   1.3936924e-11  3.8781876e-07  2.9264229e+09
   8337000   37379.379      3.878327e-07   7.4108211e-12  3.8782529e-07  2.9263362e+09
   8338000   37378.133      3.878327e-07   2.0342791e-11  3.8781236e-07  2.9264325e+09
   8339000   37378.397      3.878327e-07   1.7597735e-11  3.878151e-07   2.9264299e+09
   8340000   37378.847      3.878327e-07   1.2936639e-11  3.8781976e-07  2.9263866e+09
   8341000   37378.965      3.878327e-07   1.1704155e-11  3.87821e-07    2.9263745e+09
   8342000   37377.719      3.878327e-07   2.4633609e-11  3.8780806e-07  2.9264732e+09
   8343000   37377.934      3.878327e-07   2.2406772e-11  3.8781029e-07  2.9264465e+09
   8344000   37378.987      3.878327e-07   1.148306e-11   3.8782122e-07  2.9263923e+09
   8345000   37379.124      3.878327e-07   1.0063556e-11  3.8782264e-07  2.9263773e+09
   8346000   37379.407      3.878327e-07   7.120621e-12   3.8782558e-07  2.926339e+09 
   8347000   37378.877      3.878327e-07   1.261617e-11   3.8782008e-07  2.9263864e+09
   8348000   37378.144      3.878327e-07   2.0235076e-11  3.8781247e-07  2.9264136e+09
   8349000   37378.733      3.878327e-07   1.4115738e-11  3.8781858e-07  2.9264063e+09
   8350000   37377.722      3.878327e-07   2.4608107e-11  3.8780809e-07  2.9264893e+09
   8351000   37378.628      3.878327e-07   1.5206255e-11  3.878175e-07   2.9263945e+09
   8352000   37378.832      3.878327e-07   1.3090458e-11  3.8781961e-07  2.9263749e+09
   8353000   37379.203      3.878327e-07   9.2353174e-12  3.8782346e-07  2.9263432e+09
   8354000   37378.429      3.878327e-07   1.7272e-11     3.8781543e-07  2.9264228e+09
   8355000   37378.851      3.878327e-07   1.2894273e-11  3.878198e-07   2.9264054e+09
   8356000   37378.654      3.878327e-07   1.4935143e-11  3.8781776e-07  2.9264207e+09
   8357000   37377.046      3.878327e-07   3.1624071e-11  3.8780108e-07  2.9265192e+09
   8358000   37378.498      3.878327e-07   1.6555113e-11  3.8781614e-07  2.9264413e+09
   8359000   37379.182      3.878327e-07   9.4603174e-12  3.8782324e-07  2.9263641e+09
   8360000   37378.759      3.878327e-07   1.3842828e-11  3.8781886e-07  2.9263946e+09
   8361000   37378.904      3.878327e-07   1.2341809e-11  3.8782036e-07  2.9263902e+09
   8362000   37378.829      3.878327e-07   1.3113944e-11  3.8781958e-07  2.9263966e+09
   8363000   37378.635      3.878327e-07   1.5135907e-11  3.8781756e-07  2.9264084e+09
   8364000   37379.386      3.878327e-07   7.3362985e-12  3.8782536e-07  2.9263424e+09
   8365000   37378.988      3.878327e-07   1.1473952e-11  3.8782122e-07  2.9263843e+09
   8366000   37378.957      3.878327e-07   1.1789889e-11  3.8782091e-07  2.9263871e+09
   8367000   37378.924      3.878327e-07   1.2131223e-11  3.8782057e-07  2.926386e+09 
   8368000   37379.097      3.878327e-07   1.0339831e-11  3.8782236e-07  2.9263527e+09
   8369000   37378.562      3.878327e-07   1.5887024e-11  3.8781681e-07  2.9264107e+09
   8370000   37378.724      3.878327e-07   1.4207884e-11  3.8781849e-07  2.9264218e+09
   8371000   37379.151      3.878327e-07   9.7808371e-12  3.8782292e-07  2.9263584e+09
   8372000   37377.773      3.8783269e-07  2.4071059e-11  3.8780862e-07  2.9265009e+09
   8373000   37378.188      3.8783269e-07  1.9765179e-11  3.8781293e-07  2.9264692e+09
   8374000   37379.206      3.878327e-07   9.2083141e-12  3.8782349e-07  2.9263663e+09
   8375000   37378.107      3.878327e-07   2.0607753e-11  3.8781209e-07  2.9264709e+09
   8376000   37376.986      3.878327e-07   3.224274e-11   3.8780046e-07  2.9265451e+09
   8377000   37378.553      3.878327e-07   1.5986694e-11  3.8781671e-07  2.9264121e+09
   8378000   37379.12       3.878327e-07   1.0098142e-11  3.878226e-07   2.9263635e+09
   8379000   37377.941      3.878327e-07   2.2328539e-11  3.8781037e-07  2.9264839e+09
   8380000   37378.925      3.878327e-07   1.2122898e-11  3.8782058e-07  2.9264114e+09
   8381000   37377.953      3.878327e-07   2.2207434e-11  3.8781049e-07  2.9264625e+09
   8382000   37378.887      3.878327e-07   1.2517535e-11  3.8782018e-07  2.9263964e+09
   8383000   37378.523      3.878327e-07   1.6296091e-11  3.878164e-07   2.9264131e+09
   8384000   37379.31       3.878327e-07   8.1266122e-12  3.8782457e-07  2.9263526e+09
   8385000   37378.438      3.878327e-07   1.7177534e-11  3.8781552e-07  2.9264162e+09
   8386000   37378.827      3.878327e-07   1.3140283e-11  3.8781956e-07  2.9263967e+09
   8387000   37378.853      3.878327e-07   1.2869958e-11  3.8781983e-07  2.9263885e+09
   8388000   37378.601      3.878327e-07   1.5489039e-11  3.8781721e-07  2.926425e+09 
   8389000   37379.235      3.878327e-07   8.9097355e-12  3.8782379e-07  2.9263709e+09
   8390000   37379.04       3.878327e-07   1.0928786e-11  3.8782177e-07  2.9263821e+09
   8391000   37376.009      3.878327e-07   4.2379981e-11  3.8779032e-07  2.92653e+09  
   8392000   37378.167      3.878327e-07   1.9990563e-11  3.8781271e-07  2.9264319e+09
   8393000   37376.447      3.878327e-07   3.7837604e-11  3.8779486e-07  2.9264845e+09
   8394000   37378.962      3.878327e-07   1.1743665e-11  3.8782096e-07  2.9263792e+09
   8395000   37378.821      3.878327e-07   1.3198402e-11  3.878195e-07   2.9263939e+09
   8396000   37378.083      3.878327e-07   2.0860821e-11  3.8781184e-07  2.9264544e+09
   8397000   37378.829      3.878327e-07   1.312364e-11   3.8781958e-07  2.9263872e+09
   8398000   37378.918      3.878327e-07   1.2199044e-11  3.878205e-07   2.9263831e+09
   8399000   37379.168      3.878327e-07   9.605786e-12   3.8782309e-07  2.9263563e+09
   8400000   37379.155      3.878327e-07   9.7326992e-12  3.8782297e-07  2.9263515e+09
   8401000   37377.462      3.878327e-07   2.7310831e-11  3.8780539e-07  2.9264491e+09
   8402000   37379.339      3.878327e-07   7.8243985e-12  3.8782487e-07  2.926349e+09 
   8403000   37378.692      3.878327e-07   1.4537182e-11  3.8781816e-07  2.9264114e+09
   8404000   37378.058      3.878327e-07   2.1115505e-11  3.8781158e-07  2.9264239e+09
   8405000   37378.908      3.878327e-07   1.2305109e-11  3.8782039e-07  2.9263772e+09
   8406000   37378.858      3.878327e-07   1.2822207e-11  3.8781988e-07  2.9264174e+09
   8407000   37378.064      3.878327e-07   2.1054661e-11  3.8781164e-07  2.9264324e+09
   8408000   37379.2        3.878327e-07   9.2747904e-12  3.8782343e-07  2.9263552e+09
   8409000   37379.216      3.878327e-07   9.108346e-12   3.8782359e-07  2.9263647e+09
   8410000   37378.822      3.878327e-07   1.319532e-11   3.878195e-07   2.9264163e+09
   8411000   37378.847      3.878327e-07   1.293175e-11   3.8781977e-07  2.9264035e+09
   8412000   37378.128      3.878327e-07   2.0394149e-11  3.8781231e-07  2.9264382e+09
   8413000   37378.142      3.878327e-07   2.0250521e-11  3.8781245e-07  2.9264222e+09
   8414000   37377.434      3.878327e-07   2.7598114e-11  3.878051e-07   2.9264881e+09
   8415000   37378.274      3.878327e-07   1.8873191e-11  3.8781383e-07  2.9264407e+09
   8416000   37379.015      3.878327e-07   1.1185755e-11  3.8782151e-07  2.9263672e+09
   8417000   37379.02       3.878327e-07   1.1138726e-11  3.8782156e-07  2.9263608e+09
   8418000   37379.063      3.878327e-07   1.0694759e-11  3.8782201e-07  2.9263686e+09
   8419000   37378.895      3.878327e-07   1.2433662e-11  3.8782026e-07  2.9263906e+09
   8420000   37377.392      3.878327e-07   2.8031589e-11  3.8780467e-07  2.926494e+09 
   8421000   37378.753      3.878327e-07   1.3910506e-11  3.8781879e-07  2.9264047e+09
   8422000   37379.045      3.878327e-07   1.0882384e-11  3.8782182e-07  2.926377e+09 
   8423000   37379.202      3.878327e-07   9.2486554e-12  3.8782345e-07  2.9263688e+09
   8424000   37379.126      3.878327e-07   1.0041389e-11  3.8782266e-07  2.9263686e+09
   8425000   37378.653      3.878327e-07   1.4940572e-11  3.8781776e-07  2.9264279e+09
   8426000   37379.016      3.878327e-07   1.1182664e-11  3.8782152e-07  2.9263783e+09
   8427000   37377.99       3.878327e-07   2.1830178e-11  3.8781087e-07  2.926446e+09 
   8428000   37378.419      3.878327e-07   1.7379882e-11  3.8781532e-07  2.9264102e+09
   8429000   37378.214      3.878327e-07   1.9499278e-11  3.878132e-07   2.9264516e+09
   8430000   37378.536      3.878327e-07   1.615307e-11   3.8781654e-07  2.9264161e+09
   8431000   37377.345      3.878327e-07   2.8519493e-11  3.8780418e-07  2.9264472e+09
   8432000   37379.046      3.878327e-07   1.0872952e-11  3.8782183e-07  2.9263688e+09
   8433000   37378.093      3.878327e-07   2.0762255e-11  3.8781194e-07  2.9264396e+09
   8434000   37378.139      3.878327e-07   2.0280387e-11  3.8781242e-07  2.926438e+09 
   8435000   37377.974      3.878327e-07   2.1989442e-11  3.8781071e-07  2.9264816e+09
   8436000   37377.539      3.878327e-07   2.6507622e-11  3.8780619e-07  2.9264743e+09
   8437000   37379.347      3.878327e-07   7.7430752e-12  3.8782496e-07  2.9263443e+09
   8438000   37378.978      3.878327e-07   1.1569884e-11  3.8782113e-07  2.9263724e+09
   8439000   37378.705      3.878327e-07   1.4408126e-11  3.8781829e-07  2.9263996e+09
   8440000   37378.403      3.8783269e-07  1.7529736e-11  3.8781516e-07  2.9263914e+09
   8441000   37378.838      3.878327e-07   1.3029594e-11  3.8781967e-07  2.9263533e+09
   8442000   37378.202      3.878327e-07   1.9630359e-11  3.8781307e-07  2.9264749e+09
   8443000   37378.69       3.8783271e-07  1.456784e-11   3.8781814e-07  2.926382e+09 
   8444000   37379.226      3.878327e-07   8.9978354e-12  3.878237e-07   2.9263473e+09
   8445000   37378.75       3.878327e-07   1.3934744e-11  3.8781876e-07  2.9264033e+09
   8446000   37379.69       3.878327e-07   4.1894978e-12  3.8782851e-07  2.9262974e+09
   8447000   37378.53       3.878327e-07   1.6217925e-11  3.8781648e-07  2.9264141e+09
   8448000   37378.663      3.878327e-07   1.4846175e-11  3.8781786e-07  2.926404e+09 
   8449000   37378.945      3.878327e-07   1.1911067e-11  3.8782079e-07  2.9263643e+09
   8450000   37378.714      3.878327e-07   1.4316664e-11  3.8781838e-07  2.9264026e+09
   8451000   37379.1        3.878327e-07   1.0304472e-11  3.878224e-07   2.9263749e+09
   8452000   37378.039      3.878327e-07   2.1310141e-11  3.8781139e-07  2.9264376e+09
   8453000   37378.023      3.8783271e-07  2.1493412e-11  3.8781121e-07  2.926401e+09 
   8454000   37378.968      3.878327e-07   1.1679311e-11  3.8782102e-07  2.9263803e+09
   8455000   37378.699      3.878327e-07   1.4468123e-11  3.8781823e-07  2.9263886e+09
   8456000   37378.536      3.878327e-07   1.6155041e-11  3.8781654e-07  2.9264175e+09
   8457000   37378.649      3.878327e-07   1.4987955e-11  3.8781771e-07  2.9264115e+09
   8458000   37377.514      3.878327e-07   2.6765347e-11  3.8780594e-07  2.926434e+09 
   8459000   37377.87       3.878327e-07   2.3065419e-11  3.8780963e-07  2.9264701e+09
   8460000   37378.613      3.878327e-07   1.5360639e-11  3.8781734e-07  2.9264135e+09
   8461000   37379.381      3.878327e-07   7.3935194e-12  3.8782531e-07  2.9263456e+09
   8462000   37378.388      3.8783269e-07  1.7692487e-11  3.87815e-07    2.9264452e+09
   8463000   37378.965      3.878327e-07   1.1711822e-11  3.8782099e-07  2.9263807e+09
   8464000   37378.743      3.878327e-07   1.4010759e-11  3.8781869e-07  2.9263906e+09
   8465000   37378.557      3.878327e-07   1.5940301e-11  3.8781676e-07  2.9264069e+09
   8466000   37378.833      3.878327e-07   1.307655e-11   3.8781962e-07  2.9263933e+09
   8467000   37379.375      3.878327e-07   7.4548374e-12  3.8782525e-07  2.9263366e+09
   8468000   37378.624      3.878327e-07   1.5245116e-11  3.8781745e-07  2.9263989e+09
   8469000   37378.521      3.878327e-07   1.6316485e-11  3.8781638e-07  2.9264118e+09
   8470000   37379.574      3.878327e-07   5.3871915e-12  3.8782731e-07  2.9263116e+09
   8471000   37379.432      3.878327e-07   6.8623366e-12  3.8782584e-07  2.9263336e+09
   8472000   37378.671      3.878327e-07   1.4760339e-11  3.8781794e-07  2.9264042e+09
   8473000   37378.462      3.878327e-07   1.6926459e-11  3.8781577e-07  2.9264614e+09
   8474000   37378.201      3.878327e-07   1.9637997e-11  3.8781306e-07  2.9264251e+09
   8475000   37379.188      3.878327e-07   9.3956802e-12  3.878233e-07   2.9263484e+09
   8476000   37378.721      3.878327e-07   1.424036e-11   3.8781846e-07  2.9264121e+09
   8477000   37378.682      3.878327e-07   1.4648599e-11  3.8781805e-07  2.9264067e+09
   8478000   37378.807      3.878327e-07   1.3344797e-11  3.8781935e-07  2.9263785e+09
   8479000   37378.985      3.878327e-07   1.1496129e-11  3.878212e-07   2.9263617e+09
   8480000   37378.306      3.878327e-07   1.8543609e-11  3.8781415e-07  2.9264264e+09
   8481000   37378.872      3.878327e-07   1.2676955e-11  3.8782002e-07  2.9263963e+09
   8482000   37378.327      3.878327e-07   1.8327759e-11  3.8781437e-07  2.9264175e+09
   8483000   37378.937      3.878327e-07   1.1998313e-11  3.878207e-07   2.9263812e+09
   8484000   37379.008      3.878327e-07   1.1262234e-11  3.8782144e-07  2.9263733e+09
   8485000   37378.356      3.8783269e-07  1.802523e-11   3.8781467e-07  2.9263998e+09
   8486000   37378.521      3.878327e-07   1.6313355e-11  3.8781638e-07  2.9264158e+09
   8487000   37379.477      3.878327e-07   6.397677e-12   3.878263e-07   2.9263236e+09
   8488000   37378.783      3.878327e-07   1.3590477e-11  3.8781911e-07  2.9263741e+09
   8489000   37379.483      3.878327e-07   6.338857e-12   3.8782636e-07  2.9263308e+09
   8490000   37377.66       3.878327e-07   2.524616e-11   3.8780745e-07  2.9264704e+09
   8491000   37378.963      3.878327e-07   1.1729194e-11  3.8782097e-07  2.9263587e+09
   8492000   37377.404      3.878327e-07   2.7908777e-11  3.8780479e-07  2.9264561e+09
   8493000   37378.711      3.878327e-07   1.4341579e-11  3.8781836e-07  2.9263986e+09
   8494000   37379.417      3.878327e-07   7.0168529e-12  3.8782568e-07  2.9263398e+09
   8495000   37378.989      3.878327e-07   1.1455599e-11  3.8782124e-07  2.9263749e+09
   8496000   37378.896      3.878327e-07   1.2427663e-11  3.8782027e-07  2.9264002e+09
   8497000   37378.811      3.878327e-07   1.3305781e-11  3.8781939e-07  2.9263958e+09
   8498000   37379.266      3.878327e-07   8.5903547e-12  3.8782411e-07  2.9263521e+09
   8499000   37378.199      3.878327e-07   1.9658061e-11  3.8781304e-07  2.9264374e+09
   8500000   37378.031      3.878327e-07   2.1402392e-11  3.878113e-07   2.9264351e+09
   8501000   37378.172      3.878327e-07   1.993818e-11   3.8781276e-07  2.9264375e+09
   8502000   37378.42       3.878327e-07   1.7362106e-11  3.8781534e-07  2.9264219e+09
   8503000   37379.189      3.878327e-07   9.3789616e-12  3.8782332e-07  2.9263633e+09
   8504000   37378.602      3.878327e-07   1.547844e-11   3.8781722e-07  2.9264177e+09
   8505000   37378.713      3.8783269e-07  1.4314282e-11  3.8781838e-07  2.9264016e+09
   8506000   37378.518      3.878327e-07   1.6345832e-11  3.8781635e-07  2.9264237e+09
   8507000   37378.682      3.878327e-07   1.4645715e-11  3.8781805e-07  2.9263746e+09
   8508000   37377.48       3.878327e-07   2.7114213e-11  3.8780559e-07  2.9265045e+09
   8509000   37377.236      3.8783269e-07  2.9644607e-11  3.8780305e-07  2.9264958e+09
   8510000   37378.93       3.878327e-07   1.2069691e-11  3.8782063e-07  2.9263822e+09
   8511000   37378.611      3.878327e-07   1.5378691e-11  3.8781732e-07  2.9264164e+09
   8512000   37378.962      3.878327e-07   1.1738557e-11  3.8782096e-07  2.9263923e+09
   8513000   37379.267      3.878327e-07   8.579508e-12   3.8782412e-07  2.9263545e+09
   8514000   37378.346      3.878327e-07   1.8125767e-11  3.8781457e-07  2.9264255e+09
   8515000   37379.417      3.878327e-07   7.0198981e-12  3.8782568e-07  2.9263414e+09
   8516000   37378.707      3.878327e-07   1.4383542e-11  3.8781832e-07  2.9264049e+09
   8517000   37378.596      3.878327e-07   1.5539091e-11  3.8781716e-07  2.9263838e+09
   8518000   37378.594      3.878327e-07   1.5556935e-11  3.8781714e-07  2.9264248e+09
   8519000   37379.166      3.878327e-07   9.6230915e-12  3.8782307e-07  2.9263622e+09
   8520000   37378.086      3.878327e-07   2.0828298e-11  3.8781187e-07  2.9264586e+09
   8521000   37379.212      3.878327e-07   9.1493658e-12  3.8782355e-07  2.9263682e+09
   8522000   37378.823      3.878327e-07   1.3183626e-11  3.8781951e-07  2.9263988e+09
   8523000   37378.217      3.878327e-07   1.9470977e-11  3.8781323e-07  2.9264337e+09
   8524000   37378.269      3.878327e-07   1.8930167e-11  3.8781377e-07  2.9263987e+09
   8525000   37378.514      3.878327e-07   1.6384129e-11  3.8781631e-07  2.9264165e+09
   8526000   37378.43       3.878327e-07   1.7253697e-11  3.8781544e-07  2.9264486e+09
   8527000   37379.107      3.878327e-07   1.0235009e-11  3.8782246e-07  2.9263539e+09
   8528000   37378.751      3.878327e-07   1.3926452e-11  3.8781877e-07  2.9264025e+09
   8529000   37377.449      3.878327e-07   2.7438099e-11  3.8780526e-07  2.9264823e+09
   8530000   37378.073      3.878327e-07   2.0968224e-11  3.8781173e-07  2.9264067e+09
   8531000   37378.299      3.878327e-07   1.8615339e-11  3.8781408e-07  2.9264259e+09
   8532000   37378.233      3.878327e-07   1.9303174e-11  3.878134e-07   2.9264686e+09
   8533000   37378.284      3.8783271e-07  1.8782201e-11  3.8781392e-07  2.9263928e+09
   8534000   37377.647      3.878327e-07   2.5383488e-11  3.8780732e-07  2.9264518e+09
   8535000   37378.309      3.878327e-07   1.8518841e-11  3.8781418e-07  2.9264292e+09
   8536000   37379.31       3.878327e-07   8.1315476e-12  3.8782457e-07  2.9263571e+09
   8537000   37377.117      3.878327e-07   3.0875416e-11  3.8780182e-07  2.9264371e+09
   8538000   37378.796      3.878327e-07   1.3460249e-11  3.8781924e-07  2.9263935e+09
   8539000   37378.505      3.878327e-07   1.648353e-11   3.8781622e-07  2.9263924e+09
   8540000   37379.029      3.878327e-07   1.1042929e-11  3.8782166e-07  2.92637e+09  
   8541000   37378.557      3.878327e-07   1.5941037e-11  3.8781676e-07  2.9264109e+09
   8542000   37379.419      3.878327e-07   6.9936619e-12  3.8782571e-07  2.9263409e+09
   8543000   37378.391      3.878327e-07   1.7667074e-11  3.8781503e-07  2.9264193e+09
   8544000   37378.977      3.878327e-07   1.1578193e-11  3.8782112e-07  2.926374e+09 
   8545000   37378.736      3.878327e-07   1.4088354e-11  3.8781861e-07  2.9263957e+09
   8546000   37379.197      3.878327e-07   9.2980697e-12  3.878234e-07   2.9263491e+09
   8547000   37378.729      3.878327e-07   1.4154707e-11  3.8781855e-07  2.9263752e+09
   8548000   37378.585      3.878327e-07   1.5648888e-11  3.8781705e-07  2.9264146e+09
   8549000   37377.642      3.878327e-07   2.5436884e-11  3.8780726e-07  2.9264892e+09
   8550000   37378.482      3.8783269e-07  1.6715277e-11  3.8781598e-07  2.9263928e+09
   8551000   37379.081      3.878327e-07   1.0507885e-11  3.8782219e-07  2.9263672e+09
   8552000   37379.349      3.878327e-07   7.7217003e-12  3.8782498e-07  2.9263445e+09
   8553000   37378.133      3.878327e-07   2.0345356e-11  3.8781236e-07  2.9264075e+09
   8554000   37378.751      3.878327e-07   1.3927897e-11  3.8781877e-07  2.9263883e+09
   8555000   37378.898      3.878327e-07   1.2399873e-11  3.878203e-07   2.9263754e+09
   8556000   37378.423      3.878327e-07   1.7338964e-11  3.8781536e-07  2.9264337e+09
   8557000   37377.908      3.878327e-07   2.2681432e-11  3.8781002e-07  2.9264742e+09
   8558000   37378.523      3.878327e-07   1.6296824e-11  3.878164e-07   2.9264355e+09
   8559000   37378.666      3.878327e-07   1.4813329e-11  3.8781789e-07  2.9264014e+09
   8560000   37378.942      3.878327e-07   1.1947552e-11  3.8782075e-07  2.9263753e+09
   8561000   37378.789      3.878327e-07   1.3538722e-11  3.8781916e-07  2.9263929e+09
   8562000   37379.046      3.878327e-07   1.0871435e-11  3.8782183e-07  2.9263837e+09
   8563000   37378.696      3.878327e-07   1.4498182e-11  3.878182e-07   2.9264038e+09
   8564000   37379.162      3.878327e-07   9.6640386e-12  3.8782304e-07  2.9263589e+09
   8565000   37377.706      3.878327e-07   2.4775183e-11  3.8780793e-07  2.9264415e+09
   8566000   37378.98       3.878327e-07   1.154988e-11   3.8782115e-07  2.9263813e+09
   8567000   37379.02       3.878327e-07   1.1136722e-11  3.8782156e-07  2.926378e+09 
   8568000   37378.922      3.878327e-07   1.2152811e-11  3.8782055e-07  2.9263898e+09
   8569000   37378.783      3.878327e-07   1.3600517e-11  3.878191e-07   2.9264002e+09
   8570000   37379.468      3.878327e-07   6.4892127e-12  3.8782621e-07  2.9263282e+09
   8571000   37378.436      3.878327e-07   1.7194141e-11  3.878155e-07   2.9264187e+09
   8572000   37378.86       3.878327e-07   1.2795697e-11  3.878199e-07   2.926395e+09 
   8573000   37375.525      3.878327e-07   4.7405554e-11  3.877853e-07   2.9266534e+09
   8574000   37377.558      3.878327e-07   2.6301532e-11  3.878064e-07   2.9264611e+09
   8575000   37377.416      3.8783271e-07  2.779483e-11   3.8780492e-07  2.9263752e+09
   8576000   37377.839      3.878327e-07   2.3385946e-11  3.8780931e-07  2.9264771e+09
   8577000   37378.518      3.878327e-07   1.634932e-11   3.8781635e-07  2.9264156e+09
   8578000   37378.458      3.878327e-07   1.6963011e-11  3.8781573e-07  2.9264289e+09
   8579000   37378.193      3.878327e-07   1.9714113e-11  3.8781298e-07  2.9264321e+09
   8580000   37378.729      3.878327e-07   1.4155873e-11  3.8781854e-07  2.926403e+09 
   8581000   37378.756      3.878327e-07   1.3879889e-11  3.8781882e-07  2.9264048e+09
   8582000   37378.36       3.878327e-07   1.7991174e-11  3.8781471e-07  2.9264498e+09
   8583000   37379.233      3.878327e-07   8.929717e-12   3.8782377e-07  2.9263637e+09
   8584000   37378.652      3.878327e-07   1.495575e-11   3.8781774e-07  2.926393e+09 
   8585000   37379.061      3.878327e-07   1.0708867e-11  3.8782199e-07  2.9263734e+09
   8586000   37377.941      3.878327e-07   2.2335224e-11  3.8781037e-07  2.9264847e+09
   8587000   37378.879      3.878327e-07   1.2606245e-11  3.8782009e-07  2.9263844e+09
   8588000   37378.696      3.878327e-07   1.4501538e-11  3.878182e-07   2.9263853e+09
   8589000   37379.215      3.878327e-07   9.1151992e-12  3.8782358e-07  2.9263683e+09
   8590000   37378.708      3.878327e-07   1.4370087e-11  3.8781833e-07  2.9263986e+09
   8591000   37378.289      3.878327e-07   1.871974e-11   3.8781398e-07  2.9264339e+09
   8592000   37378.787      3.878327e-07   1.3558543e-11  3.8781914e-07  2.9263763e+09
   8593000   37379.054      3.878327e-07   1.0781966e-11  3.8782192e-07  2.9263718e+09
   8594000   37377.899      3.878327e-07   2.2765925e-11  3.8780993e-07  2.9264529e+09
   8595000   37379.108      3.878327e-07   1.0221168e-11  3.8782248e-07  2.9263718e+09
   8596000   37378.427      3.878327e-07   1.7297111e-11  3.878154e-07   2.9264169e+09
   8597000   37377.627      3.878327e-07   2.5591002e-11  3.8780711e-07  2.9264596e+09
   8598000   37379.158      3.878327e-07   9.7021226e-12  3.87823e-07    2.9263652e+09
   8599000   37378.753      3.878327e-07   1.3905117e-11  3.8781879e-07  2.9263753e+09
   8600000   37378.751      3.878327e-07   1.3924661e-11  3.8781877e-07  2.9264183e+09
   8601000   37379.298      3.878327e-07   8.2565154e-12  3.8782444e-07  2.926355e+09 
   8602000   37377.69       3.878327e-07   2.4941574e-11  3.8780776e-07  2.9264857e+09
   8603000   37378.793      3.878327e-07   1.3493214e-11  3.8781921e-07  2.9263793e+09
   8604000   37379.307      3.878327e-07   8.1593805e-12  3.8782454e-07  2.9263475e+09
   8605000   37378.763      3.878327e-07   1.3809834e-11  3.8781889e-07  2.9263857e+09
   8606000   37379.191      3.878327e-07   9.3671255e-12  3.8782333e-07  2.9263595e+09
   8607000   37378.036      3.878327e-07   2.1350652e-11  3.8781135e-07  2.9264377e+09
   8608000   37378.499      3.878327e-07   1.653874e-11   3.8781616e-07  2.9264168e+09
   8609000   37378.688      3.878327e-07   1.4582587e-11  3.8781811e-07  2.9263835e+09
   8610000   37378.891      3.878327e-07   1.2476544e-11  3.8782022e-07  2.9263828e+09
   8611000   37378.27       3.878327e-07   1.8916237e-11  3.8781378e-07  2.9264018e+09
   8612000   37378.563      3.878327e-07   1.5876576e-11  3.8781682e-07  2.9264151e+09
   8613000   37377.464      3.878327e-07   2.7282495e-11  3.8780541e-07  2.9264957e+09
   8614000   37377.307      3.878327e-07   2.8911286e-11  3.8780379e-07  2.9265077e+09
   8615000   37379.173      3.878327e-07   9.546048e-12   3.8782315e-07  2.9263642e+09
   8616000   37378.534      3.878327e-07   1.6180639e-11  3.8781652e-07  2.9264253e+09
   8617000   37378.523      3.878327e-07   1.6296567e-11  3.878164e-07   2.9263975e+09
   8618000   37378.63       3.878327e-07   1.5189087e-11  3.8781751e-07  2.926435e+09 
   8619000   37378.864      3.878327e-07   1.275859e-11   3.8781994e-07  2.9264005e+09
   8620000   37378.835      3.878327e-07   1.3054184e-11  3.8781965e-07  2.9264106e+09
   8621000   37379.035      3.878327e-07   1.0983918e-11  3.8782172e-07  2.92637e+09  
   8622000   37378.162      3.878327e-07   2.0037507e-11  3.8781266e-07  2.926464e+09 
   8623000   37378.826      3.878327e-07   1.3146893e-11  3.8781955e-07  2.9263954e+09
   8624000   37379.11       3.878327e-07   1.0208588e-11  3.8782249e-07  2.9263691e+09
   8625000   37379.142      3.878327e-07   9.8729123e-12  3.8782283e-07  2.9263571e+09
   8626000   37378.83       3.878327e-07   1.3114086e-11  3.8781959e-07  2.9263975e+09
   8627000   37378.834      3.878327e-07   1.3062406e-11  3.8781964e-07  2.9264084e+09
   8628000   37378.876      3.878327e-07   1.2628906e-11  3.8782007e-07  2.9263941e+09
   8629000   37379.299      3.878327e-07   8.2410581e-12  3.8782446e-07  2.9263443e+09
   8630000   37378.247      3.878327e-07   1.9155418e-11  3.8781355e-07  2.9264213e+09
   8631000   37378.913      3.878327e-07   1.2242275e-11  3.8782045e-07  2.9263666e+09
   8632000   37377.548      3.878327e-07   2.6414407e-11  3.8780628e-07  2.926483e+09 
   8633000   37378.643      3.878327e-07   1.5045251e-11  3.8781765e-07  2.9264145e+09
   8634000   37379.356      3.878327e-07   7.6484917e-12  3.8782505e-07  2.9263433e+09
   8635000   37378.934      3.878327e-07   1.2034588e-11  3.8782066e-07  2.9263871e+09
   8636000   37379.107      3.878327e-07   1.0237859e-11  3.8782246e-07  2.9263609e+09
   8637000   37377.024      3.878327e-07   3.1850044e-11  3.8780085e-07  2.9265545e+09
   8638000   37379.118      3.878327e-07   1.0121881e-11  3.8782258e-07  2.9263698e+09
   8639000   37378.745      3.878327e-07   1.3992163e-11  3.8781871e-07  2.9264105e+09
   8640000   37377.911      3.878327e-07   2.2646091e-11  3.8781005e-07  2.9264828e+09
   8641000   37378.895      3.878327e-07   1.2432292e-11  3.8782027e-07  2.926402e+09 
   8642000   37379.262      3.878327e-07   8.6273834e-12  3.8782407e-07  2.9263631e+09
   8643000   37377.795      3.878327e-07   2.3848646e-11  3.8780885e-07  2.9264759e+09
   8644000   37379.095      3.878327e-07   1.036197e-11   3.8782234e-07  2.926372e+09 
   8645000   37378.695      3.878327e-07   1.4515428e-11  3.8781818e-07  2.9263737e+09
   8646000   37379.257      3.878327e-07   8.681491e-12   3.8782402e-07  2.9263445e+09
   8647000   37379.147      3.878327e-07   9.8178783e-12  3.8782288e-07  2.9263713e+09
   8648000   37379.442      3.878327e-07   6.7596995e-12  3.8782594e-07  2.926337e+09 
   8649000   37378.176      3.878327e-07   1.9890104e-11  3.8781281e-07  2.9264358e+09
   8650000   37377.988      3.8783269e-07  2.1838832e-11  3.8781085e-07  2.9264446e+09
   8651000   37378.641      3.8783269e-07  1.5064349e-11  3.8781763e-07  2.9264098e+09
   8652000   37376.714      3.8783271e-07  3.5075578e-11  3.8779763e-07  2.9264902e+09
   8653000   37379.444      3.878327e-07   6.7419751e-12  3.8782596e-07  2.9263303e+09
   8654000   37378.824      3.878327e-07   1.3175347e-11  3.8781952e-07  2.9263923e+09
   8655000   37378.677      3.878327e-07   1.4691417e-11  3.8781801e-07  2.9263994e+09
   8656000   37378.541      3.878327e-07   1.6106209e-11  3.8781659e-07  2.9264221e+09
   8657000   37378.036      3.878327e-07   2.1344582e-11  3.8781136e-07  2.9264376e+09
   8658000   37377.591      3.878327e-07   2.5959942e-11  3.8780674e-07  2.9264885e+09
   8659000   37377.996      3.878327e-07   2.1759215e-11  3.8781094e-07  2.9264751e+09
   8660000   37378.733      3.878327e-07   1.4114681e-11  3.8781858e-07  2.926394e+09 
   8661000   37379.157      3.878327e-07   9.7197778e-12  3.8782298e-07  2.9263473e+09
   8662000   37377.939      3.878327e-07   2.2361046e-11  3.8781034e-07  2.9264459e+09
   8663000   37378.407      3.878327e-07   1.7500557e-11  3.878152e-07   2.9264292e+09
   8664000   37379.256      3.878327e-07   8.6863556e-12  3.8782401e-07  2.9263616e+09
   8665000   37379.203      3.878327e-07   9.2439116e-12  3.8782346e-07  2.9263511e+09
   8666000   37378.24       3.878327e-07   1.9228354e-11  3.8781347e-07  2.926455e+09 
   8667000   37378.097      3.878327e-07   2.0713531e-11  3.8781199e-07  2.9264517e+09
   8668000   37379.198      3.878327e-07   9.2919408e-12  3.8782341e-07  2.9263666e+09
   8669000   37378.506      3.878327e-07   1.6468188e-11  3.8781623e-07  2.9264105e+09
   8670000   37377.526      3.878327e-07   2.6643952e-11  3.8780606e-07  2.9264605e+09
   8671000   37378.125      3.878327e-07   2.042731e-11   3.8781227e-07  2.9264637e+09
   8672000   37379.059      3.878327e-07   1.0732496e-11  3.8782197e-07  2.9263789e+09
   8673000   37378.321      3.878327e-07   1.8385343e-11  3.8781431e-07  2.9264286e+09
   8674000   37378.688      3.878327e-07   1.4578516e-11  3.8781812e-07  2.9263872e+09
   8675000   37378.866      3.878327e-07   1.2737255e-11  3.8781996e-07  2.9264059e+09
   8676000   37378.419      3.878327e-07   1.737634e-11   3.8781532e-07  2.9264263e+09
   8677000   37378.745      3.878327e-07   1.398738e-11   3.8781871e-07  2.9264202e+09
   8678000   37378.676      3.878327e-07   1.4704574e-11  3.8781799e-07  2.9264218e+09
   8679000   37379.284      3.878327e-07   8.3953523e-12  3.878243e-07   2.9263513e+09
   8680000   37377.737      3.878327e-07   2.4450275e-11  3.8780825e-07  2.9264656e+09
   8681000   37378.583      3.878327e-07   1.5667749e-11  3.8781703e-07  2.9264118e+09
   8682000   37379.437      3.878327e-07   6.813295e-12   3.8782589e-07  2.9263252e+09
   8683000   37379.061      3.878327e-07   1.0714774e-11  3.8782199e-07  2.9263652e+09
   8684000   37379.127      3.878327e-07   1.0022494e-11  3.8782268e-07  2.9263604e+09
   8685000   37377.622      3.878327e-07   2.5644394e-11  3.8780706e-07  2.9264857e+09
   8686000   37379.245      3.878327e-07   8.8054346e-12  3.8782389e-07  2.9263584e+09
   8687000   37377.729      3.878327e-07   2.4540293e-11  3.8780816e-07  2.9264214e+09
   8688000   37379.224      3.878327e-07   9.0176782e-12  3.8782368e-07  2.9263552e+09
   8689000   37378.57       3.878327e-07   1.5805418e-11  3.878169e-07   2.9264048e+09
   8690000   37379.131      3.878327e-07   9.9846138e-12  3.8782271e-07  2.9263701e+09
   8691000   37378.836      3.878327e-07   1.3044803e-11  3.8781966e-07  2.926382e+09 
   8692000   37379.196      3.878327e-07   9.3162632e-12  3.8782338e-07  2.9263625e+09
   8693000   37378.329      3.878327e-07   1.8309499e-11  3.8781439e-07  2.9264148e+09
   8694000   37377.755      3.878327e-07   2.4264882e-11  3.8780844e-07  2.9264553e+09
   8695000   37378.831      3.878327e-07   1.3094759e-11  3.8781961e-07  2.926406e+09 
   8696000   37379.035      3.878327e-07   1.0984246e-11  3.8782172e-07  2.9263858e+09
   8697000   37378.192      3.878327e-07   1.9728518e-11  3.8781298e-07  2.9263995e+09
   8698000   37378.523      3.878327e-07   1.6297923e-11  3.878164e-07   2.9264039e+09
   8699000   37379.76       3.878327e-07   3.4567118e-12  3.8782924e-07  2.9262926e+09
   8700000   37378.527      3.878327e-07   1.6248783e-11  3.8781645e-07  2.9264218e+09
   8701000   37379.088      3.878327e-07   1.0427261e-11  3.8782227e-07  2.9263602e+09
   8702000   37377.968      3.878327e-07   2.205111e-11   3.8781065e-07  2.9264467e+09
   8703000   37378.696      3.878327e-07   1.4501647e-11  3.878182e-07   2.9263852e+09
   8704000   37379.358      3.878327e-07   7.6338528e-12  3.8782506e-07  2.9263419e+09
   8705000   37378.7        3.878327e-07   1.4459932e-11  3.8781824e-07  2.9264028e+09
   8706000   37378.374      3.878327e-07   1.7835781e-11  3.8781486e-07  2.9264335e+09
   8707000   37379.457      3.878327e-07   6.6014622e-12  3.878261e-07   2.9263423e+09
   8708000   37378.994      3.878327e-07   1.1413323e-11  3.8782129e-07  2.9263474e+09
   8709000   37379.185      3.878327e-07   9.4213866e-12  3.8782328e-07  2.9263658e+09
   8710000   37378.651      3.8783269e-07  1.496296e-11   3.8781773e-07  2.9264138e+09
   8711000   37378.76       3.878327e-07   1.383326e-11   3.8781886e-07  2.9263917e+09
   8712000   37379.246      3.878327e-07   8.7903072e-12  3.8782391e-07  2.9263503e+09
   8713000   37378.151      3.878327e-07   2.0151975e-11  3.8781255e-07  2.9264556e+09
   8714000   37379.315      3.878327e-07   8.0790551e-12  3.8782462e-07  2.9263501e+09
   8715000   37379.448      3.878327e-07   6.6970273e-12  3.87826e-07    2.9263356e+09
   8716000   37379.163      3.878327e-07   9.653582e-12   3.8782304e-07  2.9263623e+09
   8717000   37378.549      3.878327e-07   1.6025245e-11  3.8781668e-07  2.9263748e+09
   8718000   37379.024      3.878327e-07   1.1093163e-11  3.8782161e-07  2.9263815e+09
   8719000   37378.684      3.878327e-07   1.4616998e-11  3.8781808e-07  2.9264164e+09
   8720000   37377.998      3.878327e-07   2.1738955e-11  3.8781096e-07  2.9264309e+09
   8721000   37379.019      3.878327e-07   1.1150259e-11  3.8782155e-07  2.9263804e+09
   8722000   37378.944      3.878327e-07   1.1924298e-11  3.8782077e-07  2.926384e+09 
   8723000   37378.465      3.878327e-07   1.6900652e-11  3.878158e-07   2.9264215e+09
   8724000   37378.875      3.878327e-07   1.2638619e-11  3.8782006e-07  2.9263959e+09
   8725000   37379.113      3.878327e-07   1.0174952e-11  3.8782252e-07  2.9263649e+09
   8726000   37378.585      3.878327e-07   1.5654225e-11  3.8781704e-07  2.9264125e+09
   8727000   37378.327      3.878327e-07   1.8329123e-11  3.8781437e-07  2.9264403e+09
   8728000   37378.192      3.878327e-07   1.9728144e-11  3.8781297e-07  2.9264204e+09
   8729000   37376.925      3.878327e-07   3.2874477e-11  3.8779982e-07  2.9265481e+09
   8730000   37377.716      3.878327e-07   2.4670143e-11  3.8780803e-07  2.9264636e+09
   8731000   37379.536      3.878327e-07   5.7871907e-12  3.8782691e-07  2.926327e+09 
   8732000   37378.462      3.878327e-07   1.6927913e-11  3.8781577e-07  2.9263874e+09
   8733000   37379.271      3.878327e-07   8.5389619e-12  3.8782416e-07  2.9263467e+09
   8734000   37378.617      3.878327e-07   1.5317555e-11  3.8781738e-07  2.9264182e+09
   8735000   37376.925      3.878327e-07   3.2877268e-11  3.8779983e-07  2.9264747e+09
   8736000   37378.398      3.878327e-07   1.7596313e-11  3.878151e-07   2.9264547e+09
   8737000   37378.516      3.8783269e-07  1.635882e-11   3.8781633e-07  2.9264073e+09
   8738000   37378.714      3.878327e-07   1.4310984e-11  3.8781839e-07  2.9264124e+09
   8739000   37378.656      3.878327e-07   1.4911694e-11  3.8781779e-07  2.9264077e+09
   8740000   37378.701      3.878327e-07   1.4447233e-11  3.8781825e-07  2.9263949e+09
   8741000   37378.551      3.878327e-07   1.5998275e-11  3.878167e-07   2.926422e+09 
   8742000   37378.654      3.878327e-07   1.4937976e-11  3.8781776e-07  2.9264071e+09
   8743000   37378.561      3.878327e-07   1.5904118e-11  3.8781679e-07  2.9264311e+09
   8744000   37378.417      3.878327e-07   1.7394532e-11  3.8781531e-07  2.9264267e+09
   8745000   37378.994      3.878327e-07   1.1402659e-11  3.878213e-07   2.9263785e+09
   8746000   37378.814      3.878327e-07   1.3281028e-11  3.8781942e-07  2.9263734e+09
   8747000   37379.531      3.878327e-07   5.8418936e-12  3.8782686e-07  2.9263262e+09
   8748000   37377.56       3.878327e-07   2.6283671e-11  3.8780641e-07  2.9265018e+09
   8749000   37379.134      3.878327e-07   9.9564145e-12  3.8782274e-07  2.9263601e+09
   8750000   37378.697      3.878327e-07   1.4486052e-11  3.8781821e-07  2.9264255e+09
   8751000   37377.996      3.878327e-07   2.1763825e-11  3.8781094e-07  2.9264521e+09
   8752000   37378.552      3.878327e-07   1.5991947e-11  3.8781671e-07  2.9263948e+09
   8753000   37378.644      3.878327e-07   1.5040572e-11  3.8781766e-07  2.926419e+09 
   8754000   37379.183      3.878327e-07   9.4451776e-12  3.8782325e-07  2.9263616e+09
   8755000   37378.805      3.878327e-07   1.3364819e-11  3.8781933e-07  2.9264023e+09
   8756000   37379.254      3.878327e-07   8.7113786e-12  3.8782399e-07  2.9263552e+09
   8757000   37378.087      3.878327e-07   2.0821175e-11  3.8781188e-07  2.9264509e+09
   8758000   37378.955      3.878327e-07   1.1809916e-11  3.8782089e-07  2.9263717e+09
   8759000   37376.829      3.878327e-07   3.386984e-11   3.8779883e-07  2.9265353e+09
   8760000   37377.715      3.878327e-07   2.4680775e-11  3.8780802e-07  2.9264727e+09
   8761000   37378.59       3.878327e-07   1.560626e-11   3.878171e-07   2.9264025e+09
   8762000   37378.95       3.878327e-07   1.1863542e-11  3.8782084e-07  2.9263787e+09
   8763000   37378.621      3.878327e-07   1.5278182e-11  3.8781742e-07  2.9264152e+09
   8764000   37378.713      3.878327e-07   1.4314987e-11  3.8781838e-07  2.9263904e+09
   8765000   37377.747      3.878327e-07   2.4340889e-11  3.8780836e-07  2.9264556e+09
   8766000   37379.296      3.878327e-07   8.2694092e-12  3.8782443e-07  2.9263515e+09
   8767000   37377.119      3.878327e-07   3.0863622e-11  3.8780184e-07  2.9264991e+09
   8768000   37379.092      3.878327e-07   1.0390171e-11  3.8782231e-07  2.926358e+09 
   8769000   37378.766      3.878327e-07   1.3777529e-11  3.8781892e-07  2.9264046e+09
   8770000   37378.112      3.878327e-07   2.0560612e-11  3.8781214e-07  2.9264253e+09
   8771000   37378.315      3.878327e-07   1.8451356e-11  3.8781425e-07  2.9264236e+09
   8772000   37378.075      3.878327e-07   2.094406e-11   3.8781175e-07  2.9264587e+09
   8773000   37378.006      3.878327e-07   2.1659602e-11  3.8781104e-07  2.9264433e+09
   8774000   37379.275      3.878327e-07   8.4878285e-12  3.8782421e-07  2.9263493e+09
   8775000   37379.111      3.878327e-07   1.0195194e-11  3.878225e-07   2.9263686e+09
   8776000   37379.452      3.878327e-07   6.6601054e-12  3.8782604e-07  2.9263312e+09
   8777000   37377.992      3.878327e-07   2.1804052e-11  3.878109e-07   2.9264652e+09
   8778000   37378.979      3.878327e-07   1.1560457e-11  3.8782114e-07  2.9263829e+09
   8779000   37378.842      3.878327e-07   1.2979393e-11  3.8781972e-07  2.9263872e+09
   8780000   37378.867      3.878327e-07   1.2721569e-11  3.8781998e-07  2.9264e+09   
   8781000   37379.02       3.878327e-07   1.1138735e-11  3.8782156e-07  2.926376e+09 
   8782000   37377.9        3.878327e-07   2.2754331e-11  3.8780994e-07  2.9264559e+09
   8783000   37378.673      3.878327e-07   1.4731659e-11  3.8781797e-07  2.9264048e+09
   8784000   37378.398      3.8783269e-07  1.7577675e-11  3.8781511e-07  2.9264022e+09
   8785000   37378.799      3.878327e-07   1.342666e-11   3.8781927e-07  2.9264064e+09
   8786000   37379.219      3.878327e-07   9.0756793e-12  3.8782362e-07  2.9263506e+09
   8787000   37379.554      3.878327e-07   5.5971721e-12  3.878271e-07   2.926323e+09 
   8788000   37378.114      3.878327e-07   2.0533101e-11  3.8781216e-07  2.9263871e+09
   8789000   37378.338      3.878327e-07   1.8218393e-11  3.8781448e-07  2.9264234e+09
   8790000   37379.075      3.878327e-07   1.056486e-11   3.8782213e-07  2.9263509e+09
   8791000   37378.803      3.878327e-07   1.338303e-11   3.8781931e-07  2.9264064e+09
   8792000   37378.797      3.878327e-07   1.3452986e-11  3.8781925e-07  2.9263965e+09
   8793000   37379.084      3.878327e-07   1.0469376e-11  3.8782223e-07  2.9263624e+09
   8794000   37378.685      3.878327e-07   1.4617008e-11  3.8781808e-07  2.9263694e+09
   8795000   37379.059      3.878327e-07   1.0737582e-11  3.8782196e-07  2.9263777e+09
   8796000   37377.484      3.8783269e-07  2.7069494e-11  3.8780563e-07  2.9264608e+09
   8797000   37378.756      3.878327e-07   1.3881268e-11  3.8781882e-07  2.926384e+09 
   8798000   37378.414      3.878327e-07   1.7424884e-11  3.8781527e-07  2.9264252e+09
   8799000   37378.973      3.878327e-07   1.1626153e-11  3.8782107e-07  2.9263801e+09
   8800000   37378.619      3.878327e-07   1.5296198e-11  3.878174e-07   2.9264011e+09
   8801000   37379.219      3.878327e-07   9.0719847e-12  3.8782363e-07  2.9263656e+09
   8802000   37378.859      3.878327e-07   1.2810332e-11  3.8781989e-07  2.9263846e+09
   8803000   37378.487      3.878327e-07   1.6667956e-11  3.8781603e-07  2.9264436e+09
   8804000   37378.869      3.878327e-07   1.2702189e-11  3.8782e-07     2.9263809e+09
   8805000   37379.036      3.878327e-07   1.0967598e-11  3.8782173e-07  2.926379e+09 
   8806000   37378.772      3.878327e-07   1.3710984e-11  3.8781899e-07  2.9263933e+09
   8807000   37378.78       3.878327e-07   1.3624567e-11  3.8781907e-07  2.9264017e+09
   8808000   37378.863      3.878327e-07   1.2769935e-11  3.8781993e-07  2.9263756e+09
   8809000   37378.668      3.878327e-07   1.4795864e-11  3.878179e-07   2.926416e+09 
   8810000   37378.409      3.878327e-07   1.7483812e-11  3.8781522e-07  2.9264115e+09
   8811000   37378.505      3.878327e-07   1.6479935e-11  3.8781622e-07  2.9264053e+09
   8812000   37379.337      3.878327e-07   7.8509442e-12  3.8782485e-07  2.9263477e+09
   8813000   37379.49       3.878327e-07   6.258379e-12   3.8782644e-07  2.9263293e+09
   8814000   37377.587      3.878327e-07   2.601251e-11   3.8780669e-07  2.9264388e+09
   8815000   37378.987      3.878327e-07   1.1476121e-11  3.8782122e-07  2.9263761e+09
   8816000   37378.352      3.878327e-07   1.8076036e-11  3.8781463e-07  2.9264027e+09
   8817000   37378.919      3.878327e-07   1.2181063e-11  3.8782052e-07  2.9263841e+09
   8818000   37378.83       3.878327e-07   1.3107515e-11  3.8781959e-07  2.9263671e+09
   8819000   37378.54       3.878327e-07   1.6115073e-11  3.8781658e-07  2.9263837e+09
   8820000   37377.756      3.8783271e-07  2.4262812e-11  3.8780844e-07  2.9264089e+09
   8821000   37379.143      3.878327e-07   9.8651631e-12  3.8782283e-07  2.92636e+09  
   8822000   37377.525      3.878327e-07   2.6655138e-11  3.8780605e-07  2.9264704e+09
   8823000   37379.036      3.878327e-07   1.0969618e-11  3.8782173e-07  2.9263812e+09
   8824000   37378.024      3.878327e-07   2.1474496e-11  3.8781122e-07  2.9264533e+09
   8825000   37378.665      3.878327e-07   1.4820687e-11  3.8781788e-07  2.9263965e+09
   8826000   37379.261      3.878327e-07   8.6438728e-12  3.8782406e-07  2.926341e+09 
   8827000   37378.114      3.878327e-07   2.0537338e-11  3.8781216e-07  2.9264237e+09
   8828000   37378.731      3.878327e-07   1.4139827e-11  3.8781856e-07  2.9263879e+09
   8829000   37379.229      3.878327e-07   8.9723121e-12  3.8782373e-07  2.9263554e+09
   8830000   37378.694      3.878327e-07   1.4517162e-11  3.8781818e-07  2.9264051e+09
   8831000   37379.114      3.878327e-07   1.0163197e-11  3.8782254e-07  2.926357e+09 
   8832000   37378.699      3.878327e-07   1.4470432e-11  3.8781823e-07  2.9264146e+09
   8833000   37378.667      3.878327e-07   1.479428e-11   3.878179e-07   2.9263862e+09
   8834000   37378.868      3.878327e-07   1.2709891e-11  3.8781999e-07  2.9263761e+09
   8835000   37379.258      3.878327e-07   8.6699196e-12  3.8782403e-07  2.9263558e+09
   8836000   37379.292      3.878327e-07   8.3141018e-12  3.8782439e-07  2.9263436e+09
   8837000   37378.414      3.878327e-07   1.7423112e-11  3.8781528e-07  2.9264241e+09
   8838000   37378.962      3.878327e-07   1.1742646e-11  3.8782096e-07  2.9263816e+09
   8839000   37378.422      3.878327e-07   1.7349802e-11  3.8781535e-07  2.9264306e+09
   8840000   37378.218      3.878327e-07   1.9457313e-11  3.8781324e-07  2.9264649e+09
   8841000   37378.262      3.878327e-07   1.900015e-11   3.878137e-07   2.92643e+09  
   8842000   37378.734      3.878327e-07   1.4105705e-11  3.8781859e-07  2.9264034e+09
   8843000   37379.416      3.878327e-07   7.0334197e-12  3.8782567e-07  2.9263384e+09
   8844000   37378.618      3.878327e-07   1.5313632e-11  3.8781739e-07  2.9263917e+09
   8845000   37378.973      3.878327e-07   1.1620886e-11  3.8782108e-07  2.9263855e+09
   8846000   37378.517      3.878327e-07   1.635547e-11   3.8781634e-07  2.9264151e+09
   8847000   37378.133      3.878327e-07   2.0337587e-11  3.8781236e-07  2.9264711e+09
   8848000   37378.488      3.878327e-07   1.6653415e-11  3.8781605e-07  2.9264196e+09
   8849000   37378.717      3.878327e-07   1.4283461e-11  3.8781842e-07  2.9263893e+09
   8850000   37377.915      3.878327e-07   2.2600952e-11  3.878101e-07   2.9264455e+09
   8851000   37378.474      3.878327e-07   1.6801908e-11  3.878159e-07   2.9264294e+09
   8852000   37379.13       3.878327e-07   9.9904241e-12  3.8782271e-07  2.9263764e+09
   8853000   37375.303      3.8783271e-07  4.9712395e-11  3.87783e-07    2.9267118e+09
   8854000   37377.872      3.878327e-07   2.3047329e-11  3.8780965e-07  2.926446e+09 
   8855000   37378.902      3.878327e-07   1.2362925e-11  3.8782033e-07  2.9263798e+09
   8856000   37379.475      3.878327e-07   6.4180348e-12  3.8782628e-07  2.9263289e+09
   8857000   37378.661      3.878327e-07   1.4862664e-11  3.8781784e-07  2.926388e+09 
   8858000   37377.889      3.878327e-07   2.2866395e-11  3.8780983e-07  2.9264517e+09
   8859000   37378.175      3.878327e-07   1.9899648e-11  3.878128e-07   2.926446e+09 
   8860000   37378.334      3.878327e-07   1.8252818e-11  3.8781445e-07  2.9264397e+09
   8861000   37378.936      3.878327e-07   1.2014957e-11  3.8782068e-07  2.9263842e+09
   8862000   37378.332      3.878327e-07   1.8277633e-11  3.8781442e-07  2.9264654e+09
   8863000   37378.778      3.878327e-07   1.3649788e-11  3.8781905e-07  2.9263837e+09
   8864000   37377.568      3.878327e-07   2.6206923e-11  3.8780649e-07  2.9264757e+09
   8865000   37378.879      3.878327e-07   1.2603027e-11  3.878201e-07   2.9263816e+09
   8866000   37378.455      3.878327e-07   1.6996448e-11  3.878157e-07   2.9264205e+09
   8867000   37378.148      3.878327e-07   2.0180776e-11  3.8781252e-07  2.9264445e+09
   8868000   37377.386      3.878327e-07   2.8090674e-11  3.8780461e-07  2.9264938e+09
   8869000   37378.302      3.878327e-07   1.8584168e-11  3.8781411e-07  2.9264352e+09
   8870000   37378.272      3.878327e-07   1.8900811e-11  3.878138e-07   2.9264313e+09
   8871000   37379.449      3.878327e-07   6.6928032e-12  3.8782601e-07  2.926335e+09 
   8872000   37378.557      3.878327e-07   1.594597e-11   3.8781676e-07  2.9264084e+09
   8873000   37379.126      3.878327e-07   1.0034651e-11  3.8782266e-07  2.9263713e+09
   8874000   37379.141      3.878327e-07   9.88322e-12    3.8782282e-07  2.9263573e+09
   8875000   37378.9        3.878327e-07   1.2385101e-11  3.8782031e-07  2.9263857e+09
   8876000   37378.198      3.878327e-07   1.9670456e-11  3.8781303e-07  2.9264236e+09
   8877000   37378.385      3.878327e-07   1.7730883e-11  3.8781497e-07  2.9264092e+09
   8878000   37378.598      3.878327e-07   1.5521125e-11  3.8781718e-07  2.926424e+09 
   8879000   37378.771      3.878327e-07   1.3720801e-11  3.8781898e-07  2.9263992e+09
   8880000   37378.204      3.878327e-07   1.9607391e-11  3.8781309e-07  2.9264207e+09
   8881000   37377.761      3.878327e-07   2.4206853e-11  3.8780849e-07  2.9264533e+09
   8882000   37378.978      3.878327e-07   1.1570883e-11  3.8782113e-07  2.9263901e+09
   8883000   37378.29       3.878327e-07   1.8707732e-11  3.8781399e-07  2.9264387e+09
   8884000   37378.018      3.878327e-07   2.1534516e-11  3.8781117e-07  2.9264279e+09
   8885000   37377.349      3.8783272e-07  2.849311e-11   3.8780422e-07  2.9264058e+09
   8886000   37378.954      3.878327e-07   1.1823233e-11  3.8782088e-07  2.9263849e+09
   8887000   37378.35       3.878327e-07   1.8085722e-11  3.8781461e-07  2.9264409e+09
   8888000   37378.979      3.878327e-07   1.1564651e-11  3.8782114e-07  2.9263591e+09
   8889000   37378.268      3.878327e-07   1.8937829e-11  3.8781376e-07  2.926464e+09 
   8890000   37377.197      3.878327e-07   3.0054785e-11  3.8780265e-07  2.9265063e+09
   8891000   37378.98       3.878327e-07   1.155701e-11   3.8782114e-07  2.9263798e+09
   8892000   37378.241      3.878327e-07   1.9220209e-11  3.8781348e-07  2.9264326e+09
   8893000   37377.609      3.878327e-07   2.5779398e-11  3.8780692e-07  2.926462e+09 
   8894000   37379.135      3.878327e-07   9.9474534e-12  3.8782275e-07  2.9263523e+09
   8895000   37379.367      3.878327e-07   7.5366407e-12  3.8782516e-07  2.9263351e+09
   8896000   37378.079      3.878327e-07   2.0899565e-11  3.878118e-07   2.9264559e+09
   8897000   37378.798      3.878327e-07   1.3443808e-11  3.8781926e-07  2.9263921e+09
   8898000   37378.835      3.878327e-07   1.3059376e-11  3.8781964e-07  2.9263926e+09
   8899000   37378.229      3.878327e-07   1.934689e-11   3.8781335e-07  2.9264203e+09
   8900000   37378.184      3.878327e-07   1.9810331e-11  3.8781289e-07  2.9264547e+09
   8901000   37379.631      3.878327e-07   4.8016898e-12  3.878279e-07   2.9263136e+09
   8902000   37376.799      3.8783271e-07  3.4193114e-11  3.8779851e-07  2.9264702e+09
   8903000   37378.999      3.878327e-07   1.1359774e-11  3.8782134e-07  2.9263658e+09
   8904000   37378.628      3.878327e-07   1.5204085e-11  3.878175e-07   2.9264095e+09
   8905000   37378.72       3.878327e-07   1.4246498e-11  3.8781845e-07  2.9263913e+09
   8906000   37378.313      3.878327e-07   1.8466756e-11  3.8781423e-07  2.9264288e+09
   8907000   37378.499      3.878327e-07   1.654609e-11   3.8781615e-07  2.9264329e+09
   8908000   37378.13       3.878327e-07   2.0367733e-11  3.8781233e-07  2.9264309e+09
   8909000   37378.549      3.878327e-07   1.6026384e-11  3.8781667e-07  2.9264232e+09
   8910000   37375.304      3.8783271e-07  4.970832e-11   3.87783e-07    2.9265343e+09
   8911000   37378.874      3.878327e-07   1.2651593e-11  3.8782005e-07  2.9263916e+09
   8912000   37378.888      3.878327e-07   1.250319e-11   3.878202e-07   2.9263904e+09
   8913000   37378.851      3.878327e-07   1.2890319e-11  3.8781981e-07  2.9263958e+09
   8914000   37377.742      3.878327e-07   2.4399828e-11  3.878083e-07   2.9264484e+09
   8915000   37378.441      3.878327e-07   1.7141089e-11  3.8781556e-07  2.9264182e+09
   8916000   37378.568      3.878327e-07   1.582642e-11   3.8781687e-07  2.9264124e+09
   8917000   37377.659      3.878327e-07   2.52549e-11    3.8780744e-07  2.9264678e+09
   8918000   37378.214      3.878327e-07   1.9503529e-11  3.8781319e-07  2.9264206e+09
   8919000   37379.398      3.878327e-07   7.217203e-12   3.8782548e-07  2.9263436e+09
   8920000   37377.872      3.878327e-07   2.3042285e-11  3.8780965e-07  2.9264398e+09
   8921000   37376.924      3.878327e-07   3.2891453e-11  3.8779981e-07  2.92651e+09  
   8922000   37378.982      3.878327e-07   1.1529558e-11  3.8782117e-07  2.9263849e+09
   8923000   37378.423      3.878327e-07   1.7331747e-11  3.8781537e-07  2.9264405e+09
   8924000   37378.137      3.878327e-07   2.0299975e-11  3.878124e-07   2.9264393e+09
   8925000   37379.302      3.878327e-07   8.2078053e-12  3.8782449e-07  2.9263523e+09
   8926000   37378.417      3.878327e-07   1.7385437e-11  3.8781531e-07  2.9263951e+09
   8927000   37378.875      3.878327e-07   1.2644992e-11  3.8782005e-07  2.9263751e+09
   8928000   37378.994      3.878327e-07   1.1404877e-11  3.8782129e-07  2.9263868e+09
   8929000   37378.156      3.878327e-07   2.0104931e-11  3.8781259e-07  2.9264483e+09
   8930000   37378.555      3.8783269e-07  1.5958584e-11  3.8781673e-07  2.9264104e+09
   8931000   37378.465      3.878327e-07   1.6896037e-11  3.878158e-07   2.9264233e+09
   8932000   37379.031      3.878327e-07   1.1022893e-11  3.8782168e-07  2.9263682e+09
   8933000   37378.93       3.878327e-07   1.2068666e-11  3.8782063e-07  2.9263838e+09
   8934000   37378.863      3.878327e-07   1.2766712e-11  3.8781993e-07  2.9263964e+09
   8935000   37377.973      3.878327e-07   2.1998648e-11  3.878107e-07   2.9264399e+09
   8936000   37378.364      3.878327e-07   1.7941082e-11  3.8781476e-07  2.9264384e+09
   8937000   37378.762      3.878327e-07   1.3816747e-11  3.8781888e-07  2.9263943e+09
   8938000   37379.096      3.878327e-07   1.0349739e-11  3.8782235e-07  2.9263846e+09
   8939000   37378.246      3.878327e-07   1.9166584e-11  3.8781353e-07  2.9264279e+09
   8940000   37378.942      3.878327e-07   1.1944832e-11  3.8782075e-07  2.9263845e+09
   8941000   37378.753      3.878327e-07   1.3912578e-11  3.8781879e-07  2.9263929e+09
   8942000   37378.827      3.878327e-07   1.3137598e-11  3.8781956e-07  2.9263986e+09
   8943000   37378.669      3.878327e-07   1.4781654e-11  3.8781792e-07  2.9263962e+09
   8944000   37378.966      3.878327e-07   1.1696155e-11  3.87821e-07    2.926379e+09 
   8945000   37378.869      3.878327e-07   1.2705106e-11  3.8781999e-07  2.9264012e+09
   8946000   37378.968      3.878327e-07   1.1681099e-11  3.8782102e-07  2.9263818e+09
   8947000   37376.625      3.8783269e-07  3.5976782e-11  3.8779671e-07  2.9265217e+09
   8948000   37378.359      3.878327e-07   1.7997098e-11  3.878147e-07   2.9264275e+09
   8949000   37378.659      3.878327e-07   1.4889161e-11  3.8781781e-07  2.926413e+09 
   8950000   37379.045      3.878327e-07   1.0880284e-11  3.8782182e-07  2.9263686e+09
   8951000   37377.957      3.878327e-07   2.2169556e-11  3.8781053e-07  2.9264432e+09
   8952000   37378.037      3.8783271e-07  2.1346703e-11  3.8781136e-07  2.9264223e+09
   8953000   37378.147      3.8783269e-07  2.0194445e-11  3.878125e-07   2.9264437e+09
   8954000   37377.186      3.878327e-07   3.0166367e-11  3.8780254e-07  2.9264735e+09
   8955000   37378.576      3.878327e-07   1.5747667e-11  3.8781695e-07  2.9264186e+09
   8956000   37378.657      3.878327e-07   1.4898624e-11  3.878178e-07   2.9263931e+09
   8957000   37378.854      3.8783269e-07  1.2857391e-11  3.8781984e-07  2.926353e+09 
   8958000   37378.819      3.878327e-07   1.3216938e-11  3.8781948e-07  2.926393e+09 
   8959000   37378.553      3.878327e-07   1.5984035e-11  3.8781672e-07  2.9264237e+09
   8960000   37379.602      3.878327e-07   5.0952265e-12  3.878276e-07   2.9263182e+09
   8961000   37378.481      3.878327e-07   1.6726953e-11  3.8781597e-07  2.9264354e+09
   8962000   37377.844      3.878327e-07   2.3334386e-11  3.8780936e-07  2.9264414e+09
   8963000   37378.818      3.878327e-07   1.3234515e-11  3.8781947e-07  2.9264014e+09
   8964000   37378.397      3.878327e-07   1.7599004e-11  3.878151e-07   2.9264153e+09
   8965000   37378.177      3.878327e-07   1.98886e-11    3.8781281e-07  2.9264384e+09
   8966000   37379.279      3.878327e-07   8.4484109e-12  3.8782425e-07  2.9263497e+09
   8967000   37378.876      3.878327e-07   1.2637074e-11  3.8782006e-07  2.9263764e+09
   8968000   37378.988      3.878327e-07   1.147176e-11   3.8782122e-07  2.926364e+09 
   8969000   37378.257      3.878327e-07   1.9055739e-11  3.8781364e-07  2.9264367e+09
   8970000   37378.696      3.878327e-07   1.449859e-11   3.878182e-07   2.9263987e+09
   8971000   37378.836      3.878327e-07   1.3049395e-11  3.8781965e-07  2.9263827e+09
   8972000   37378.733      3.878327e-07   1.4119182e-11  3.8781858e-07  2.9264036e+09
   8973000   37378.631      3.878327e-07   1.5169526e-11  3.8781753e-07  2.9264092e+09
   8974000   37378.137      3.878327e-07   2.0302773e-11  3.878124e-07   2.92643e+09  
   8975000   37377.764      3.878327e-07   2.4173216e-11  3.8780853e-07  2.92647e+09  
   8976000   37378.23       3.878327e-07   1.9337707e-11  3.8781336e-07  2.9264233e+09
   8977000   37378.263      3.878327e-07   1.8996779e-11  3.878137e-07   2.9264264e+09
   8978000   37377.99       3.878327e-07   2.1829835e-11  3.8781087e-07  2.9264544e+09
   8979000   37377.438      3.878327e-07   2.7554103e-11  3.8780515e-07  2.9264988e+09
   8980000   37379.118      3.878327e-07   1.0125633e-11  3.8782257e-07  2.9263593e+09
   8981000   37378.23       3.878327e-07   1.9334831e-11  3.8781336e-07  2.9264294e+09
   8982000   37376.904      3.878327e-07   3.309443e-11   3.8779961e-07  2.9265244e+09
   8983000   37379.238      3.878327e-07   8.879246e-12   3.8782382e-07  2.9263448e+09
   8984000   37379.063      3.878327e-07   1.0687276e-11  3.8782201e-07  2.926379e+09 
   8985000   37379.242      3.878327e-07   8.838701e-12   3.8782386e-07  2.9263482e+09
   8986000   37378.445      3.878327e-07   1.7106278e-11  3.8781559e-07  2.9264485e+09
   8987000   37378.31       3.878327e-07   1.8504509e-11  3.8781419e-07  2.926401e+09 
   8988000   37378.265      3.878327e-07   1.8971319e-11  3.8781373e-07  2.9264387e+09
   8989000   37378.122      3.878327e-07   2.04571e-11    3.8781224e-07  2.9264532e+09
   8990000   37379.17       3.878327e-07   9.5830316e-12  3.8782312e-07  2.9263572e+09
   8991000   37377.088      3.8783272e-07  3.1198524e-11  3.8780152e-07  2.92646e+09  
   8992000   37378.814      3.878327e-07   1.3275165e-11  3.8781942e-07  2.9264059e+09
   8993000   37378.91       3.878327e-07   1.2280345e-11  3.8782042e-07  2.9263813e+09
   8994000   37378.443      3.878327e-07   1.7127148e-11  3.8781557e-07  2.9264075e+09
   8995000   37379.002      3.878327e-07   1.1328657e-11  3.8782137e-07  2.9263658e+09
   8996000   37378.246      3.878327e-07   1.9170032e-11  3.8781353e-07  2.9264598e+09
   8997000   37378.846      3.878327e-07   1.2948253e-11  3.8781975e-07  2.9263765e+09
   8998000   37378.931      3.878327e-07   1.2059047e-11  3.8782064e-07  2.9263928e+09
   8999000   37377.938      3.878327e-07   2.2362223e-11  3.8781034e-07  2.9264504e+09
   9000000   37379.423      3.878327e-07   6.9522693e-12  3.8782575e-07  2.9263304e+09
   9001000   37377.958      3.878327e-07   2.216275e-11   3.8781054e-07  2.9264943e+09
   9002000   37377.619      3.878327e-07   2.5670248e-11  3.8780703e-07  2.9264929e+09
   9003000   37377.802      3.878327e-07   2.3772944e-11  3.8780893e-07  2.9264369e+09
   9004000   37378.397      3.878327e-07   1.7604754e-11  3.878151e-07   2.9264068e+09
   9005000   37377.769      3.878327e-07   2.4111252e-11  3.8780858e-07  2.9264824e+09
   9006000   37375.888      3.8783271e-07  4.3645125e-11  3.8778907e-07  2.9265363e+09
   9007000   37378.843      3.878327e-07   1.2971859e-11  3.8781973e-07  2.926387e+09 
   9008000   37379.476      3.878327e-07   6.4055751e-12  3.8782629e-07  2.9263308e+09
   9009000   37378.64       3.878327e-07   1.5079507e-11  3.8781762e-07  2.9263789e+09
   9010000   37378.736      3.878327e-07   1.408343e-11   3.8781861e-07  2.9263921e+09
   9011000   37379.319      3.878327e-07   8.0321126e-12  3.8782467e-07  2.9263483e+09
   9012000   37378.292      3.878327e-07   1.8686016e-11  3.8781401e-07  2.9264299e+09
   9013000   37379.232      3.878327e-07   8.9395705e-12  3.8782376e-07  2.9263561e+09
   9014000   37378.618      3.878327e-07   1.5310164e-11  3.8781739e-07  2.9264204e+09
   9015000   37378.775      3.878327e-07   1.3683372e-11  3.8781902e-07  2.9264052e+09
   9016000   37379.112      3.878327e-07   1.017868e-11   3.8782252e-07  2.9263712e+09
   9017000   37378.176      3.8783269e-07  1.9889895e-11  3.878128e-07   2.9264364e+09
   9018000   37379.448      3.878327e-07   6.6941708e-12  3.8782601e-07  2.9263268e+09
   9019000   37379.065      3.878327e-07   1.0668634e-11  3.8782203e-07  2.9263588e+09
   9020000   37379.539      3.878327e-07   5.7494157e-12  3.8782695e-07  2.92632e+09  
   9021000   37378.227      3.878327e-07   1.9365287e-11  3.8781334e-07  2.9264283e+09
   9022000   37378.879      3.878327e-07   1.2599359e-11  3.878201e-07   2.9263911e+09
   9023000   37378.261      3.878327e-07   1.9009807e-11  3.8781369e-07  2.926431e+09 
   9024000   37377.804      3.878327e-07   2.374689e-11   3.8780895e-07  2.9264517e+09
   9025000   37378.047      3.878327e-07   2.1230767e-11  3.8781147e-07  2.9264359e+09
   9026000   37379.044      3.878327e-07   1.088966e-11   3.8782181e-07  2.9263751e+09
   9027000   37378.209      3.878327e-07   1.9552167e-11  3.8781315e-07  2.9264189e+09
   9028000   37379.431      3.878327e-07   6.8765588e-12  3.8782582e-07  2.9263419e+09
   9029000   37378.813      3.878327e-07   1.3286062e-11  3.8781941e-07  2.9263955e+09
   9030000   37378.367      3.8783269e-07  1.7903521e-11  3.8781479e-07  2.9264168e+09
   9031000   37378.354      3.878327e-07   1.8048195e-11  3.8781465e-07  2.9264541e+09
   9032000   37378.585      3.878327e-07   1.5648059e-11  3.8781705e-07  2.9264022e+09
   9033000   37378.549      3.878327e-07   1.6022298e-11  3.8781668e-07  2.9264152e+09
   9034000   37379.132      3.878327e-07   9.9758752e-12  3.8782272e-07  2.926361e+09 
   9035000   37376.582      3.8783271e-07  3.6446245e-11  3.8779626e-07  2.9264668e+09
   9036000   37378.66       3.878327e-07   1.487253e-11   3.8781782e-07  2.926407e+09 
   9037000   37377.511      3.8783271e-07  2.6801497e-11  3.8780591e-07  2.9264173e+09
   9038000   37379.07       3.878327e-07   1.0614816e-11  3.8782208e-07  2.9263651e+09
   9039000   37378.631      3.878327e-07   1.5177702e-11  3.8781752e-07  2.9264202e+09
   9040000   37378.937      3.878327e-07   1.2000754e-11  3.878207e-07   2.9263991e+09
   9041000   37379.221      3.878327e-07   9.0476627e-12  3.8782365e-07  2.9263512e+09
   9042000   37378.641      3.878327e-07   1.5071709e-11  3.8781763e-07  2.9264134e+09
   9043000   37378.25       3.878327e-07   1.9130483e-11  3.8781357e-07  2.9264308e+09
   9044000   37377.363      3.878327e-07   2.833727e-11   3.8780437e-07  2.9264884e+09
   9045000   37379.386      3.878327e-07   7.3356284e-12  3.8782536e-07  2.9263325e+09
   9046000   37376.638      3.8783272e-07  3.5871154e-11  3.8779685e-07  2.9264516e+09
   9047000   37379.298      3.878327e-07   8.2542652e-12  3.8782444e-07  2.926342e+09 
   9048000   37377.96       3.878327e-07   2.2137164e-11  3.8781056e-07  2.9264735e+09
   9049000   37377.724      3.878327e-07   2.4586821e-11  3.8780811e-07  2.926462e+09 
   9050000   37379.18       3.878327e-07   9.4783172e-12  3.8782322e-07  2.9263632e+09
   9051000   37378.145      3.878327e-07   2.0215612e-11  3.8781248e-07  2.9264368e+09
   9052000   37378.915      3.878327e-07   1.2224203e-11  3.8782048e-07  2.926375e+09 
   9053000   37378.107      3.878327e-07   2.0613092e-11  3.8781209e-07  2.9264395e+09
   9054000   37378.685      3.878327e-07   1.4614266e-11  3.8781809e-07  2.9263839e+09
   9055000   37378.925      3.878327e-07   1.2127488e-11  3.8782057e-07  2.9263773e+09
   9056000   37378.531      3.878327e-07   1.6214755e-11  3.8781648e-07  2.9264273e+09
   9057000   37378.653      3.878327e-07   1.4949525e-11  3.8781775e-07  2.9264266e+09
   9058000   37378.982      3.878327e-07   1.152806e-11   3.8782117e-07  2.92637e+09  
   9059000   37379.182      3.878327e-07   9.4593752e-12  3.8782324e-07  2.9263603e+09
   9060000   37378.382      3.878327e-07   1.7759331e-11  3.8781494e-07  2.9264075e+09
   9061000   37378.742      3.878327e-07   1.4024672e-11  3.8781867e-07  2.9264001e+09
   9062000   37379.321      3.878327e-07   8.0158993e-12  3.8782468e-07  2.9263369e+09
   9063000   37378.993      3.878327e-07   1.1419591e-11  3.8782128e-07  2.9263782e+09
   9064000   37378.873      3.878327e-07   1.2658543e-11  3.8782004e-07  2.9263997e+09
   9065000   37378.611      3.878327e-07   1.5376226e-11  3.8781732e-07  2.9263991e+09
   9066000   37378.249      3.878327e-07   1.9139111e-11  3.8781356e-07  2.9264299e+09
   9067000   37377.192      3.878327e-07   3.0108511e-11  3.8780259e-07  2.9264686e+09
   9068000   37376.38       3.8783271e-07  3.8530564e-11  3.8779418e-07  2.9265149e+09
   9069000   37379.304      3.878327e-07   8.1894376e-12  3.8782451e-07  2.926345e+09 
   9070000   37378.897      3.878327e-07   1.2412151e-11  3.8782029e-07  2.9263896e+09
   9071000   37378.036      3.878327e-07   2.1344833e-11  3.8781135e-07  2.926441e+09 
   9072000   37378.416      3.878327e-07   1.7403921e-11  3.878153e-07   2.9264158e+09
   9073000   37378.76       3.878327e-07   1.3834015e-11  3.8781887e-07  2.9264007e+09
   9074000   37378.636      3.878327e-07   1.5116033e-11  3.8781758e-07  2.9263952e+09
   9075000   37379.425      3.878327e-07   6.9373988e-12  3.8782576e-07  2.9263187e+09
   9076000   37378.682      3.878327e-07   1.464473e-11   3.8781806e-07  2.9264035e+09
   9077000   37378.888      3.878327e-07   1.2507567e-11  3.8782019e-07  2.9263815e+09
   9078000   37378.135      3.878327e-07   2.0317929e-11  3.8781238e-07  2.9264657e+09
   9079000   37378.732      3.878327e-07   1.4123692e-11  3.8781858e-07  2.926367e+09 
   9080000   37378.963      3.878327e-07   1.1726331e-11  3.8782097e-07  2.9263833e+09
   9081000   37378.932      3.878327e-07   1.2049545e-11  3.8782065e-07  2.9263915e+09
   9082000   37377.348      3.878327e-07   2.8485062e-11  3.8780421e-07  2.9264929e+09
   9083000   37379.254      3.878327e-07   8.7092999e-12  3.8782399e-07  2.9263534e+09
   9084000   37378.739      3.878327e-07   1.4049841e-11  3.8781865e-07  2.9263858e+09
   9085000   37377.618      3.878327e-07   2.5687264e-11  3.8780702e-07  2.9264706e+09
   9086000   37379.285      3.878327e-07   8.3886459e-12  3.8782431e-07  2.9263582e+09
   9087000   37379.075      3.878327e-07   1.0571504e-11  3.8782213e-07  2.9263669e+09
   9088000   37378.663      3.878327e-07   1.4837008e-11  3.8781786e-07  2.9264104e+09
   9089000   37378.911      3.878327e-07   1.227248e-11   3.8782043e-07  2.9263838e+09
   9090000   37378.895      3.878327e-07   1.2438493e-11  3.8782026e-07  2.9264014e+09
   9091000   37377.686      3.878327e-07   2.4984212e-11  3.8780772e-07  2.926473e+09 
   9092000   37378.488      3.878327e-07   1.665847e-11   3.8781604e-07  2.926403e+09 
   9093000   37379.029      3.878327e-07   1.1048222e-11  3.8782165e-07  2.9263672e+09
   9094000   37378.677      3.878327e-07   1.4695352e-11  3.87818e-07    2.9263923e+09
   9095000   37379.197      3.878327e-07   9.2976195e-12  3.878234e-07   2.9263559e+09
   9096000   37378.078      3.878327e-07   2.0920346e-11  3.8781178e-07  2.9264327e+09
   9097000   37378.893      3.878327e-07   1.2451924e-11  3.8782025e-07  2.9263901e+09
   9098000   37378.249      3.878327e-07   1.9142944e-11  3.8781356e-07  2.9264235e+09
   9099000   37378.737      3.878327e-07   1.407575e-11   3.8781862e-07  2.926383e+09 
   9100000   37378.852      3.878327e-07   1.2879969e-11  3.8781982e-07  2.9263896e+09
   9101000   37378.653      3.878327e-07   1.4945322e-11  3.8781775e-07  2.9263996e+09
   9102000   37379.218      3.878327e-07   9.0872758e-12  3.8782361e-07  2.9263532e+09
   9103000   37378.365      3.878327e-07   1.793428e-11   3.8781477e-07  2.9263979e+09
   9104000   37378.62       3.878327e-07   1.5288219e-11  3.8781741e-07  2.9264083e+09
   9105000   37378.24       3.878327e-07   1.9232478e-11  3.8781346e-07  2.9264321e+09
   9106000   37379.04       3.878327e-07   1.0931489e-11  3.8782177e-07  2.9263754e+09
   9107000   37378.45       3.878327e-07   1.7050616e-11  3.8781565e-07  2.9264058e+09
   9108000   37378.71       3.8783269e-07  1.4345737e-11  3.8781835e-07  2.9263958e+09
   9109000   37376.628      3.878327e-07   3.5954482e-11  3.8779675e-07  2.9264808e+09
   9110000   37377.672      3.878327e-07   2.5127308e-11  3.8780758e-07  2.9264535e+09
   9111000   37378.476      3.878327e-07   1.6783413e-11  3.8781591e-07  2.9264313e+09
   9112000   37378.151      3.878327e-07   2.0154142e-11  3.8781255e-07  2.9264517e+09
   9113000   37378.896      3.878327e-07   1.2425489e-11  3.8782027e-07  2.9263791e+09
   9114000   37378.981      3.878327e-07   1.1539707e-11  3.8782116e-07  2.9263953e+09
   9115000   37378.024      3.878327e-07   2.1476331e-11  3.8781123e-07  2.9264168e+09
   9116000   37378.741      3.878327e-07   1.4035098e-11  3.8781866e-07  2.9264043e+09
   9117000   37378.768      3.878327e-07   1.3756891e-11  3.8781894e-07  2.9263919e+09
   9118000   37378.953      3.878327e-07   1.1833664e-11  3.8782086e-07  2.9263765e+09
   9119000   37378.904      3.878327e-07   1.2338828e-11  3.8782036e-07  2.9263876e+09
   9120000   37377.664      3.8783271e-07  2.5217444e-11  3.8780749e-07  2.9264356e+09
   9121000   37379.607      3.878327e-07   5.0510985e-12  3.8782765e-07  2.9263129e+09
   9122000   37378.744      3.878327e-07   1.4003916e-11  3.878187e-07   2.9264048e+09
   9123000   37378.525      3.8783269e-07  1.6265285e-11  3.8781643e-07  2.9264186e+09
   9124000   37378.444      3.878327e-07   1.7116823e-11  3.8781558e-07  2.9264181e+09
   9125000   37379.17       3.878327e-07   9.5846525e-12  3.8782312e-07  2.926359e+09 
   9126000   37377.66       3.8783271e-07  2.5257738e-11  3.8780745e-07  2.9264325e+09
   9127000   37378.81       3.878327e-07   1.3320388e-11  3.8781938e-07  2.9263951e+09
   9128000   37378.501      3.878327e-07   1.6520556e-11  3.8781618e-07  2.9264257e+09
   9129000   37377.931      3.878327e-07   2.2435256e-11  3.8781026e-07  2.9264863e+09
   9130000   37379.369      3.878327e-07   7.5172697e-12  3.8782518e-07  2.9263325e+09
   9131000   37379.101      3.878327e-07   1.0292474e-11  3.8782241e-07  2.9263593e+09
   9132000   37377.372      3.878327e-07   2.8239656e-11  3.8780446e-07  2.9264832e+09
   9133000   37379.299      3.878327e-07   8.242913e-12   3.8782446e-07  2.9263662e+09
   9134000   37379.444      3.878327e-07   6.7384691e-12  3.8782596e-07  2.9263295e+09
   9135000   37379.145      3.878327e-07   9.8449262e-12  3.8782285e-07  2.9263741e+09
   9136000   37378.96       3.878327e-07   1.1756325e-11  3.8782094e-07  2.9263746e+09
   9137000   37378.715      3.878327e-07   1.4306803e-11  3.8781839e-07  2.9263776e+09
   9138000   37379.091      3.878327e-07   1.0406107e-11  3.8782229e-07  2.9263577e+09
   9139000   37378.113      3.878327e-07   2.0548929e-11  3.8781215e-07  2.9264447e+09
   9140000   37378.386      3.878327e-07   1.7720366e-11  3.8781498e-07  2.9264265e+09
   9141000   37378.606      3.878327e-07   1.5429213e-11  3.8781727e-07  2.9263982e+09
   9142000   37378.276      3.878327e-07   1.8857364e-11  3.8781384e-07  2.9264165e+09
   9143000   37378.237      3.878327e-07   1.9261022e-11  3.8781344e-07  2.9264503e+09
   9144000   37378.979      3.878327e-07   1.1561992e-11  3.8782114e-07  2.9263699e+09
   9145000   37378.051      3.878327e-07   2.1190379e-11  3.8781151e-07  2.9264502e+09
   9146000   37378.699      3.878327e-07   1.4467723e-11  3.8781823e-07  2.9264089e+09
   9147000   37379.108      3.878327e-07   1.0229685e-11  3.8782247e-07  2.9263654e+09
   9148000   37379.202      3.878327e-07   9.2509593e-12  3.8782345e-07  2.9263572e+09
   9149000   37377.691      3.878327e-07   2.4924415e-11  3.8780778e-07  2.9264468e+09
   9150000   37378.941      3.878327e-07   1.1960061e-11  3.8782074e-07  2.9263838e+09
   9151000   37379.321      3.878327e-07   8.0107287e-12  3.8782469e-07  2.9263468e+09
   9152000   37378.17       3.878327e-07   1.9959613e-11  3.8781274e-07  2.926449e+09 
   9153000   37378.537      3.878327e-07   1.6148285e-11  3.8781655e-07  2.926428e+09 
   9154000   37378.469      3.878327e-07   1.6854922e-11  3.8781585e-07  2.9263943e+09
   9155000   37378.895      3.878327e-07   1.2433117e-11  3.8782027e-07  2.926382e+09 
   9156000   37378.988      3.878327e-07   1.1465082e-11  3.8782123e-07  2.9263787e+09
   9157000   37378.975      3.878327e-07   1.1606762e-11  3.8782109e-07  2.9263741e+09
   9158000   37378.574      3.878327e-07   1.5768603e-11  3.8781693e-07  2.9264098e+09
   9159000   37376.452      3.8783271e-07  3.7790633e-11  3.8779492e-07  2.9265108e+09
   9160000   37379.331      3.878327e-07   7.9065551e-12  3.8782479e-07  2.9263422e+09
   9161000   37378.408      3.878327e-07   1.748431e-11   3.8781522e-07  2.9264241e+09
   9162000   37379.096      3.878327e-07   1.0349352e-11  3.8782235e-07  2.926363e+09 
   9163000   37377.786      3.878327e-07   2.394603e-11   3.8780875e-07  2.9264745e+09
   9164000   37379.408      3.8783269e-07  7.1069562e-12  3.8782559e-07  2.9263176e+09
   9165000   37378.993      3.878327e-07   1.1412784e-11  3.8782129e-07  2.9263915e+09
   9166000   37379.212      3.878327e-07   9.1430263e-12  3.8782356e-07  2.9263602e+09
   9167000   37379.283      3.878327e-07   8.4117765e-12  3.8782429e-07  2.92635e+09  
   9168000   37378.739      3.878327e-07   1.4053425e-11  3.8781865e-07  2.9264197e+09
   9169000   37378.659      3.878327e-07   1.4885891e-11  3.8781781e-07  2.9264298e+09
   9170000   37379.133      3.878327e-07   9.9683837e-12  3.8782273e-07  2.9263654e+09
   9171000   37377.952      3.878327e-07   2.2223358e-11  3.8781048e-07  2.9265133e+09
   9172000   37377.905      3.878327e-07   2.2709995e-11  3.8780999e-07  2.9264519e+09
   9173000   37379.368      3.878327e-07   7.5306852e-12  3.8782517e-07  2.9263456e+09
   9174000   37378.121      3.8783271e-07  2.0471376e-11  3.8781223e-07  2.9264013e+09
   9175000   37378.694      3.878327e-07   1.4524058e-11  3.8781817e-07  2.9264092e+09
   9176000   37379.013      3.878327e-07   1.121542e-11   3.8782148e-07  2.9263878e+09
   9177000   37378.821      3.878327e-07   1.3200927e-11  3.878195e-07   2.9263947e+09
   9178000   37378.644      3.878327e-07   1.5036812e-11  3.8781766e-07  2.9264175e+09
   9179000   37377.699      3.878327e-07   2.4838807e-11  3.8780786e-07  2.9264538e+09
   9180000   37379.576      3.878327e-07   5.3745652e-12  3.8782732e-07  2.9263162e+09
   9181000   37379.442      3.878327e-07   6.7556773e-12  3.8782594e-07  2.9263294e+09
   9182000   37378.153      3.878327e-07   2.013446e-11   3.8781257e-07  2.9264418e+09
   9183000   37378.548      3.878327e-07   1.6038579e-11  3.8781666e-07  2.9264095e+09
   9184000   37379.464      3.878327e-07   6.5311494e-12  3.8782617e-07  2.9263308e+09
   9185000   37378.727      3.878327e-07   1.4172831e-11  3.8781853e-07  2.9263962e+09
   9186000   37379.045      3.878327e-07   1.0873089e-11  3.8782183e-07  2.9263722e+09
   9187000   37378.056      3.878327e-07   2.1137797e-11  3.8781156e-07  2.9264175e+09
   9188000   37378.648      3.878327e-07   1.4993943e-11  3.878177e-07   2.9263989e+09
   9189000   37378.853      3.878327e-07   1.2867151e-11  3.8781983e-07  2.9263922e+09
   9190000   37378.575      3.878327e-07   1.5756807e-11  3.8781694e-07  2.9264066e+09
   9191000   37378.89       3.878327e-07   1.248551e-11   3.8782021e-07  2.9263735e+09
   9192000   37379.283      3.878327e-07   8.4062592e-12  3.8782429e-07  2.9263559e+09
   9193000   37379.381      3.878327e-07   7.3909565e-12  3.8782531e-07  2.9263385e+09
   9194000   37379.371      3.878327e-07   7.4965735e-12  3.878252e-07   2.9263453e+09
   9195000   37378.274      3.878327e-07   1.8881057e-11  3.8781382e-07  2.9264201e+09
   9196000   37378.809      3.878327e-07   1.332761e-11   3.8781937e-07  2.9264089e+09
   9197000   37379.244      3.878327e-07   8.8117705e-12  3.8782389e-07  2.9263602e+09
   9198000   37378.988      3.878327e-07   1.1468182e-11  3.8782123e-07  2.9263918e+09
   9199000   37376.812      3.8783271e-07  3.4048875e-11  3.8779866e-07  2.9265218e+09
   9200000   37378.289      3.878327e-07   1.8729396e-11  3.8781397e-07  2.9264416e+09
   9201000   37377.417      3.8783271e-07  2.778072e-11   3.8780493e-07  2.9264262e+09
   9202000   37379.334      3.878327e-07   7.8822845e-12  3.8782482e-07  2.9263469e+09
   9203000   37378.333      3.878327e-07   1.826133e-11   3.8781444e-07  2.9264434e+09
   9204000   37378.44       3.878327e-07   1.7158433e-11  3.8781554e-07  2.9264288e+09
   9205000   37378.603      3.878327e-07   1.5461255e-11  3.8781724e-07  2.9263812e+09
   9206000   37378.99       3.878327e-07   1.1442694e-11  3.8782125e-07  2.9263734e+09
   9207000   37378.723      3.878327e-07   1.4219359e-11  3.8781848e-07  2.9263887e+09
   9208000   37378.268      3.878327e-07   1.8941019e-11  3.8781376e-07  2.9264193e+09
   9209000   37379.002      3.878327e-07   1.1329507e-11  3.8782137e-07  2.9263847e+09
   9210000   37379.325      3.878327e-07   7.9685015e-12  3.8782473e-07  2.92635e+09  
   9211000   37377.653      3.878327e-07   2.5315802e-11  3.8780738e-07  2.9264716e+09
   9212000   37377.412      3.878327e-07   2.7824931e-11  3.8780488e-07  2.9264285e+09
   9213000   37379.254      3.878327e-07   8.7113475e-12  3.8782399e-07  2.9263643e+09
   9214000   37377.463      3.878327e-07   2.7289232e-11  3.8780541e-07  2.926561e+09 
   9215000   37377.313      3.8783269e-07  2.884098e-11   3.8780385e-07  2.9265238e+09
   9216000   37379.224      3.878327e-07   9.0200357e-12  3.8782368e-07  2.9263479e+09
   9217000   37378.832      3.878327e-07   1.3087648e-11  3.8781961e-07  2.9264028e+09
   9218000   37378.08       3.878327e-07   2.0894662e-11  3.8781181e-07  2.9264688e+09
   9219000   37377.043      3.878327e-07   3.1649766e-11  3.8780105e-07  2.9265032e+09
   9220000   37378.683      3.878327e-07   1.4633108e-11  3.8781806e-07  2.9264053e+09
   9221000   37377.611      3.878327e-07   2.5758454e-11  3.8780694e-07  2.9264797e+09
   9222000   37378.705      3.878327e-07   1.4407564e-11  3.8781829e-07  2.9264063e+09
   9223000   37378.742      3.878327e-07   1.4019813e-11  3.8781868e-07  2.9264022e+09
   9224000   37378.469      3.878327e-07   1.6851542e-11  3.8781585e-07  2.9264194e+09
   9225000   37378.826      3.878327e-07   1.3148177e-11  3.8781955e-07  2.9263946e+09
   9226000   37378.418      3.878327e-07   1.7376166e-11  3.8781532e-07  2.926434e+09 
   9227000   37378.737      3.878327e-07   1.4070132e-11  3.8781863e-07  2.9263895e+09
   9228000   37378.5        3.878327e-07   1.6534779e-11  3.8781616e-07  2.9264187e+09
   9229000   37378.307      3.878327e-07   1.8538036e-11  3.8781416e-07  2.9264343e+09
   9230000   37378.515      3.878327e-07   1.6373571e-11  3.8781633e-07  2.9264267e+09
   9231000   37378.333      3.878327e-07   1.8263382e-11  3.8781443e-07  2.9264383e+09
   9232000   37378.185      3.878327e-07   1.9807727e-11  3.8781289e-07  2.9264362e+09
   9233000   37378.85       3.878327e-07   1.290512e-11   3.8781979e-07  2.9263943e+09
   9234000   37379.424      3.878327e-07   6.9467666e-12  3.8782575e-07  2.926334e+09 
   9235000   37377.922      3.878327e-07   2.2527236e-11  3.8781017e-07  2.9264239e+09
   9236000   37377.28       3.878327e-07   2.918948e-11   3.8780351e-07  2.9264665e+09
   9237000   37378.952      3.878327e-07   1.1845105e-11  3.8782086e-07  2.9263885e+09
   9238000   37378.925      3.878327e-07   1.2122337e-11  3.8782058e-07  2.9263718e+09
   9239000   37378.554      3.878327e-07   1.5976587e-11  3.8781672e-07  2.9264275e+09
   9240000   37376.336      3.8783271e-07  3.8989097e-11  3.8779372e-07  2.9265225e+09
   9241000   37378.977      3.878327e-07   1.158582e-11   3.8782111e-07  2.9263951e+09
   9242000   37378.371      3.878327e-07   1.7866873e-11  3.8781483e-07  2.926445e+09 
   9243000   37378.168      3.878327e-07   1.9983017e-11  3.8781272e-07  2.926448e+09 
   9244000   37377.412      3.878327e-07   2.7827741e-11  3.8780487e-07  2.926456e+09 
   9245000   37378.13       3.878327e-07   2.0368268e-11  3.8781233e-07  2.9264672e+09
   9246000   37376.142      3.878327e-07   4.1005186e-11  3.877917e-07   2.9265108e+09
   9247000   37377.831      3.878327e-07   2.3476104e-11  3.8780922e-07  2.9264587e+09
   9248000   37378.373      3.878327e-07   1.7851934e-11  3.8781485e-07  2.9264294e+09
   9249000   37378.639      3.878327e-07   1.5088843e-11  3.8781761e-07  2.9263922e+09
   9250000   37378.842      3.878327e-07   1.2980868e-11  3.8781972e-07  2.9263949e+09
   9251000   37379.339      3.878327e-07   7.8329687e-12  3.8782487e-07  2.9263382e+09
   9252000   37378.022      3.878327e-07   2.1493625e-11  3.878112e-07   2.9264475e+09
   9253000   37378.398      3.878327e-07   1.759325e-11   3.8781511e-07  2.9264244e+09
   9254000   37378.955      3.878327e-07   1.180923e-11   3.8782089e-07  2.9263776e+09
   9255000   37379.268      3.878327e-07   8.5624563e-12  3.8782414e-07  2.9263557e+09
   9256000   37377.65       3.878327e-07   2.535436e-11   3.8780735e-07  2.926497e+09 
   9257000   37378.658      3.878327e-07   1.4891068e-11  3.8781781e-07  2.9264111e+09
   9258000   37378.728      3.878327e-07   1.4170535e-11  3.8781853e-07  2.9263847e+09
   9259000   37378.909      3.878327e-07   1.2288658e-11  3.8782041e-07  2.9263888e+09
   9260000   37379.293      3.878327e-07   8.3081671e-12  3.8782439e-07  2.9263497e+09
   9261000   37378.545      3.878327e-07   1.6071534e-11  3.8781663e-07  2.9264129e+09
   9262000   37378.055      3.878327e-07   2.1150016e-11  3.8781155e-07  2.9264593e+09
   9263000   37378.568      3.878327e-07   1.5832594e-11  3.8781687e-07  2.9264092e+09
   9264000   37377.867      3.878327e-07   2.3099555e-11  3.878096e-07   2.9264177e+09
   9265000   37379.616      3.878327e-07   4.9518024e-12  3.8782775e-07  2.9263115e+09
   9266000   37377.986      3.878327e-07   2.18664e-11    3.8781083e-07  2.9264595e+09
   9267000   37378.687      3.878327e-07   1.4598699e-11  3.878181e-07   2.9264056e+09
   9268000   37378.305      3.878327e-07   1.8554058e-11  3.8781415e-07  2.9264233e+09
   9269000   37378.824      3.878327e-07   1.3168227e-11  3.8781953e-07  2.9263916e+09
   9270000   37378.648      3.878327e-07   1.4995247e-11  3.8781771e-07  2.9264098e+09
   9271000   37377.726      3.878327e-07   2.4562543e-11  3.8780813e-07  2.926469e+09 
   9272000   37377.862      3.878327e-07   2.3161045e-11  3.8780954e-07  2.9264368e+09
   9273000   37379.065      3.878327e-07   1.0672415e-11  3.8782203e-07  2.9263699e+09
   9274000   37378.471      3.878327e-07   1.6837903e-11  3.8781586e-07  2.9264109e+09
   9275000   37378.275      3.878327e-07   1.8871343e-11  3.8781383e-07  2.9264287e+09
   9276000   37377.173      3.8783269e-07  3.0292189e-11  3.878024e-07   2.9264706e+09
   9277000   37378.761      3.878327e-07   1.3823677e-11  3.8781888e-07  2.9264021e+09
   9278000   37377.972      3.878327e-07   2.2005842e-11  3.8781069e-07  2.9264607e+09
   9279000   37378.532      3.878327e-07   1.620062e-11   3.878165e-07   2.9264321e+09
   9280000   37377.053      3.878327e-07   3.1540957e-11  3.8780116e-07  2.9265828e+09
   9281000   37378.546      3.878327e-07   1.6058062e-11  3.8781664e-07  2.9264103e+09
   9282000   37378.01       3.878327e-07   2.161529e-11   3.8781109e-07  2.9264163e+09
   9283000   37376.711      3.8783271e-07  3.5111909e-11  3.877976e-07   2.9264752e+09
   9284000   37379.097      3.878327e-07   1.0339325e-11  3.8782236e-07  2.9263699e+09
   9285000   37377.16       3.878327e-07   3.0441318e-11  3.8780226e-07  2.9265143e+09
   9286000   37378.982      3.878327e-07   1.1531199e-11  3.8782117e-07  2.9263511e+09
   9287000   37379.103      3.878327e-07   1.0279567e-11  3.8782242e-07  2.9263659e+09
   9288000   37377.943      3.8783271e-07  2.2319823e-11  3.8781039e-07  2.9264326e+09
   9289000   37378.478      3.878327e-07   1.6756814e-11  3.8781594e-07  2.9264158e+09
   9290000   37378.758      3.878327e-07   1.3852892e-11  3.8781885e-07  2.9264099e+09
   9291000   37379.128      3.878327e-07   1.0018919e-11  3.8782268e-07  2.9263723e+09
   9292000   37377.935      3.878327e-07   2.2397659e-11  3.878103e-07   2.9264619e+09
   9293000   37379.356      3.878327e-07   7.6503338e-12  3.8782505e-07  2.926333e+09 
   9294000   37379.046      3.878327e-07   1.0867103e-11  3.8782183e-07  2.9263816e+09
   9295000   37378.371      3.878327e-07   1.7875908e-11  3.8781482e-07  2.9264504e+09
   9296000   37378.285      3.878327e-07   1.8762474e-11  3.8781393e-07  2.9264313e+09
   9297000   37378.164      3.878327e-07   2.0017812e-11  3.8781268e-07  2.9264261e+09
   9298000   37378.805      3.878327e-07   1.3370189e-11  3.8781933e-07  2.9263834e+09
   9299000   37377.407      3.878327e-07   2.787981e-11   3.8780482e-07  2.9264705e+09
   9300000   37378.413      3.878327e-07   1.7439515e-11  3.8781526e-07  2.9264343e+09
   9301000   37378.271      3.878327e-07   1.8904504e-11  3.8781379e-07  2.9264632e+09
   9302000   37378.75       3.878327e-07   1.3936984e-11  3.8781876e-07  2.9263818e+09
   9303000   37377.755      3.878327e-07   2.4264687e-11  3.8780844e-07  2.9264262e+09
   9304000   37378.964      3.878327e-07   1.1717203e-11  3.8782098e-07  2.9264097e+09
   9305000   37377.778      3.878327e-07   2.4030011e-11  3.8780867e-07  2.9264243e+09
   9306000   37378.407      3.878327e-07   1.7502704e-11  3.878152e-07   2.9264332e+09
   9307000   37379.326      3.878327e-07   7.9628653e-12  3.8782474e-07  2.9263457e+09
   9308000   37379.037      3.878327e-07   1.0956597e-11  3.8782174e-07  2.9263629e+09
   9309000   37379.131      3.878327e-07   9.9881313e-12  3.8782271e-07  2.9263515e+09
   9310000   37379.226      3.878327e-07   8.9959008e-12  3.878237e-07   2.9263541e+09
   9311000   37378.264      3.878327e-07   1.8982304e-11  3.8781371e-07  2.9264311e+09
   9312000   37378.249      3.878327e-07   1.9139767e-11  3.8781356e-07  2.9264479e+09
   9313000   37378.439      3.878327e-07   1.7166095e-11  3.8781553e-07  2.9264215e+09
   9314000   37377.997      3.878327e-07   2.1747146e-11  3.8781095e-07  2.9264682e+09
   9315000   37378.458      3.878327e-07   1.6968007e-11  3.8781573e-07  2.9264323e+09
   9316000   37378.759      3.878327e-07   1.3847305e-11  3.8781885e-07  2.9264127e+09
   9317000   37379.298      3.878327e-07   8.2511362e-12  3.8782445e-07  2.9263489e+09
   9318000   37378.162      3.878327e-07   2.0040218e-11  3.8781266e-07  2.9264773e+09
   9319000   37378.284      3.878327e-07   1.8778743e-11  3.8781392e-07  2.9264429e+09
   9320000   37378.72       3.878327e-07   1.4252965e-11  3.8781845e-07  2.9264073e+09
   9321000   37378.026      3.878327e-07   2.1453856e-11  3.8781124e-07  2.9264429e+09
   9322000   37379.206      3.878327e-07   9.2107441e-12  3.8782349e-07  2.9263676e+09
   9323000   37377.16       3.878327e-07   3.0434633e-11  3.8780227e-07  2.9265628e+09
   9324000   37378.219      3.878327e-07   1.9451751e-11  3.8781325e-07  2.9264386e+09
   9325000   37378.476      3.878327e-07   1.6783127e-11  3.8781591e-07  2.9264205e+09
   9326000   37377.867      3.878327e-07   2.3101362e-11  3.878096e-07   2.9264696e+09
   9327000   37378.132      3.878327e-07   2.0347922e-11  3.8781235e-07  2.9264811e+09
   9328000   37379.132      3.878327e-07   9.9780463e-12  3.8782272e-07  2.926358e+09 
   9329000   37378.32       3.878327e-07   1.8405313e-11  3.8781429e-07  2.9264647e+09
   9330000   37379.121      3.878327e-07   1.0092157e-11  3.8782261e-07  2.926369e+09 
   9331000   37378.428      3.878327e-07   1.7282047e-11  3.8781542e-07  2.9264284e+09
   9332000   37378.765      3.878327e-07   1.3790172e-11  3.8781891e-07  2.9263914e+09
   9333000   37378.917      3.878327e-07   1.2211444e-11  3.8782049e-07  2.9263594e+09
   9334000   37378.159      3.878327e-07   2.0066577e-11  3.8781263e-07  2.9264378e+09
   9335000   37379.227      3.878327e-07   8.993994e-12   3.8782371e-07  2.9263533e+09
   9336000   37378.941      3.878327e-07   1.1952433e-11  3.8782075e-07  2.9263839e+09
   9337000   37377.925      3.878327e-07   2.2497573e-11  3.878102e-07   2.9264491e+09
   9338000   37378.366      3.878327e-07   1.7925026e-11  3.8781477e-07  2.9264405e+09
   9339000   37377.745      3.878327e-07   2.4360827e-11  3.8780834e-07  2.9264555e+09
   9340000   37378.574      3.878327e-07   1.5768063e-11  3.8781693e-07  2.9264144e+09
   9341000   37378.378      3.878327e-07   1.7800075e-11  3.878149e-07   2.9264256e+09
   9342000   37379.272      3.878327e-07   8.5222018e-12  3.8782418e-07  2.9263412e+09
   9343000   37377.451      3.8783269e-07  2.7415961e-11  3.8780528e-07  2.9264772e+09
   9344000   37378.18       3.878327e-07   1.9858386e-11  3.8781284e-07  2.9264448e+09
   9345000   37377.455      3.878327e-07   2.737706e-11   3.8780532e-07  2.9265062e+09
   9346000   37378.433      3.8783267e-07  1.720377e-11   3.8781547e-07  2.9263997e+09
   9347000   37378.095      3.8783269e-07  2.0734755e-11  3.8781196e-07  2.9264692e+09
   9348000   37378.958      3.878327e-07   1.1786763e-11  3.8782091e-07  2.9263937e+09
   9349000   37378.634      3.878327e-07   1.5136644e-11  3.8781756e-07  2.9264092e+09
   9350000   37379.213      3.878327e-07   9.1316532e-12  3.8782357e-07  2.9263702e+09
   9351000   37379.073      3.878327e-07   1.0585914e-11  3.8782211e-07  2.9263728e+09
   9352000   37378.303      3.878327e-07   1.8576634e-11  3.8781412e-07  2.9264318e+09
   9353000   37378.731      3.878327e-07   1.4132163e-11  3.8781857e-07  2.9263927e+09
   9354000   37378.846      3.878327e-07   1.2946287e-11  3.8781975e-07  2.9264034e+09
   9355000   37378.944      3.878327e-07   1.1930052e-11  3.8782077e-07  2.9263927e+09
   9356000   37378.86       3.878327e-07   1.2798841e-11  3.878199e-07   2.9263983e+09
   9357000   37378.167      3.878327e-07   1.9985041e-11  3.8781272e-07  2.9264374e+09
   9358000   37378.914      3.878327e-07   1.2234582e-11  3.8782046e-07  2.9263934e+09
   9359000   37376.331      3.878327e-07   3.9046424e-11  3.8779366e-07  2.9265454e+09
   9360000   37378.491      3.878327e-07   1.662292e-11   3.8781607e-07  2.9264065e+09
   9361000   37379.145      3.878327e-07   9.8427149e-12  3.8782286e-07  2.9263692e+09
   9362000   37378.961      3.878327e-07   1.1749551e-11  3.8782095e-07  2.9263783e+09
   9363000   37378.182      3.878327e-07   1.9831572e-11  3.8781287e-07  2.9264162e+09
   9364000   37378.519      3.878327e-07   1.6335532e-11  3.8781636e-07  2.9264069e+09
   9365000   37378.763      3.878327e-07   1.380818e-11   3.8781889e-07  2.926386e+09 
   9366000   37378.701      3.878327e-07   1.4442582e-11  3.8781825e-07  2.9263931e+09
   9367000   37378.721      3.878327e-07   1.4241327e-11  3.8781846e-07  2.9264077e+09
   9368000   37378.556      3.878327e-07   1.5956047e-11  3.8781674e-07  2.926412e+09 
   9369000   37379.076      3.878327e-07   1.0557781e-11  3.8782214e-07  2.926376e+09 
   9370000   37378.79       3.878327e-07   1.3526086e-11  3.8781917e-07  2.9263739e+09
   9371000   37379.006      3.878327e-07   1.1280923e-11  3.8782142e-07  2.9263824e+09
   9372000   37378.115      3.878327e-07   2.0527252e-11  3.8781217e-07  2.9264449e+09
   9373000   37378.498      3.878327e-07   1.6555049e-11  3.8781614e-07  2.9264162e+09
   9374000   37378.638      3.878327e-07   1.5098781e-11  3.878176e-07   2.9264017e+09
   9375000   37378.698      3.878327e-07   1.4472958e-11  3.8781822e-07  2.9264031e+09
   9376000   37378.93       3.878327e-07   1.2069125e-11  3.8782063e-07  2.9263949e+09
   9377000   37378.564      3.878327e-07   1.5868989e-11  3.8781683e-07  2.9264237e+09
   9378000   37378.755      3.878327e-07   1.3893023e-11  3.8781881e-07  2.9263814e+09
   9379000   37378.72       3.878327e-07   1.4255959e-11  3.8781844e-07  2.9264035e+09
   9380000   37378.27       3.878327e-07   1.8914727e-11  3.8781378e-07  2.9264247e+09
   9381000   37378.997      3.878327e-07   1.1372182e-11  3.8782133e-07  2.926384e+09 
   9382000   37378.493      3.878327e-07   1.660489e-11   3.878161e-07   2.9263891e+09
   9383000   37378.715      3.878327e-07   1.4299496e-11  3.878184e-07   2.9263909e+09
   9384000   37379.51       3.878327e-07   6.055245e-12   3.8782664e-07  2.9263323e+09
   9385000   37379.4        3.878327e-07   7.1922451e-12  3.8782551e-07  2.9263407e+09
   9386000   37378.768      3.878327e-07   1.3754867e-11  3.8781894e-07  2.9263704e+09
   9387000   37378.764      3.878327e-07   1.3793016e-11  3.8781891e-07  2.9264001e+09
   9388000   37379.191      3.878327e-07   9.3638219e-12  3.8782334e-07  2.9263659e+09
   9389000   37379.305      3.878327e-07   8.1773517e-12  3.8782452e-07  2.9263478e+09
   9390000   37378.425      3.878327e-07   1.7314478e-11  3.8781539e-07  2.9264276e+09
   9391000   37378.933      3.878327e-07   1.2038676e-11  3.8782066e-07  2.9263914e+09
   9392000   37378.037      3.878327e-07   2.1335244e-11  3.8781136e-07  2.926457e+09 
   9393000   37377.42       3.878327e-07   2.7742662e-11  3.8780496e-07  2.9264568e+09
   9394000   37377.205      3.878327e-07   2.9972016e-11  3.8780273e-07  2.9265056e+09
   9395000   37378.655      3.878327e-07   1.4922575e-11  3.8781778e-07  2.9264113e+09
   9396000   37378.024      3.878327e-07   2.1478249e-11  3.8781122e-07  2.9264366e+09
   9397000   37378.557      3.878327e-07   1.5938301e-11  3.8781676e-07  2.9264208e+09
   9398000   37378.852      3.878327e-07   1.2877983e-11  3.8781982e-07  2.9263969e+09
   9399000   37378.501      3.878327e-07   1.6518666e-11  3.8781618e-07  2.9264211e+09
   9400000   37378.261      3.878327e-07   1.901726e-11   3.8781368e-07  2.9264266e+09
   9401000   37378.754      3.878327e-07   1.3894382e-11  3.8781881e-07  2.9263737e+09
   9402000   37378.523      3.878327e-07   1.6298866e-11  3.878164e-07   2.926402e+09 
   9403000   37378.64       3.878327e-07   1.5083272e-11  3.8781762e-07  2.9264123e+09
   9404000   37378.845      3.878327e-07   1.2951854e-11  3.8781975e-07  2.9264028e+09
   9405000   37378.755      3.878327e-07   1.389295e-11   3.8781881e-07  2.9264149e+09
   9406000   37378.444      3.878327e-07   1.7114199e-11  3.8781558e-07  2.9264152e+09
   9407000   37377.942      3.878327e-07   2.2326945e-11  3.8781037e-07  2.9264584e+09
   9408000   37379.237      3.878327e-07   8.8831068e-12  3.8782382e-07  2.9263495e+09
   9409000   37378.168      3.878327e-07   1.9976127e-11  3.8781273e-07  2.9264105e+09
   9410000   37378.924      3.878327e-07   1.2138907e-11  3.8782056e-07  2.9263837e+09
   9411000   37378.25       3.878327e-07   1.9126219e-11  3.8781357e-07  2.9264504e+09
   9412000   37378.932      3.878327e-07   1.2054226e-11  3.8782065e-07  2.9263956e+09
   9413000   37378.385      3.8783269e-07  1.772306e-11   3.8781497e-07  2.9264111e+09
   9414000   37378.708      3.878327e-07   1.4375029e-11  3.8781832e-07  2.9263829e+09
   9415000   37377.91       3.878327e-07   2.2660439e-11  3.8781004e-07  2.9264524e+09
   9416000   37378.934      3.878327e-07   1.2032631e-11  3.8782067e-07  2.9263712e+09
   9417000   37378.537      3.878327e-07   1.6147133e-11  3.8781655e-07  2.9264171e+09
   9418000   37379.122      3.878327e-07   1.0083128e-11  3.8782262e-07  2.9263657e+09
   9419000   37378.697      3.878327e-07   1.4494104e-11  3.8781821e-07  2.9263997e+09
   9420000   37378.631      3.878327e-07   1.5172554e-11  3.8781753e-07  2.9264171e+09
   9421000   37379.374      3.878327e-07   7.4685898e-12  3.8782523e-07  2.9263475e+09
   9422000   37378.794      3.878327e-07   1.3479169e-11  3.8781922e-07  2.9263985e+09
   9423000   37379.038      3.878327e-07   1.0946299e-11  3.8782175e-07  2.9263622e+09
   9424000   37378.536      3.878327e-07   1.6160274e-11  3.8781654e-07  2.9264231e+09
   9425000   37378.163      3.878327e-07   2.0039241e-11  3.8781267e-07  2.9263957e+09
   9426000   37378.592      3.878327e-07   1.5574355e-11  3.8781713e-07  2.926389e+09 
   9427000   37378.693      3.878327e-07   1.4532737e-11  3.8781817e-07  2.9264096e+09
   9428000   37378.795      3.878327e-07   1.3477352e-11  3.8781922e-07  2.9263838e+09
   9429000   37378.527      3.878327e-07   1.6257755e-11  3.8781644e-07  2.9264123e+09
   9430000   37378.312      3.878327e-07   1.8480059e-11  3.8781422e-07  2.9264416e+09
   9431000   37377.481      3.878327e-07   2.7107449e-11  3.8780559e-07  2.926465e+09 
   9432000   37376.585      3.8783271e-07  3.640784e-11   3.877963e-07   2.9264958e+09
   9433000   37379.152      3.878327e-07   9.7674132e-12  3.8782293e-07  2.9263701e+09
   9434000   37378.968      3.878327e-07   1.1676614e-11  3.8782102e-07  2.92638e+09  
   9435000   37378.784      3.878327e-07   1.3584305e-11  3.8781912e-07  2.9263906e+09
   9436000   37378.539      3.878327e-07   1.6124777e-11  3.8781657e-07  2.9263977e+09
   9437000   37378.664      3.878327e-07   1.483384e-11   3.8781787e-07  2.9263983e+09
   9438000   37377.258      3.878327e-07   2.9418589e-11  3.8780328e-07  2.9264746e+09
   9439000   37378.291      3.878327e-07   1.8707815e-11  3.8781399e-07  2.9264131e+09
   9440000   37378.832      3.878327e-07   1.3086381e-11  3.8781961e-07  2.9263825e+09
   9441000   37376.983      3.878327e-07   3.2267263e-11  3.8780043e-07  2.9265013e+09
   9442000   37377.831      3.8783269e-07  2.3465086e-11  3.8780922e-07  2.926427e+09 
   9443000   37378.026      3.878327e-07   2.1451059e-11  3.8781125e-07  2.9264485e+09
   9444000   37378.162      3.878327e-07   2.004e-11      3.8781266e-07  2.9264542e+09
   9445000   37376.647      3.8783271e-07  3.5769461e-11  3.8779694e-07  2.9265001e+09
   9446000   37377.793      3.878327e-07   2.3865407e-11  3.8780883e-07  2.9264784e+09
   9447000   37379.213      3.878327e-07   9.1318606e-12  3.8782357e-07  2.926353e+09 
   9448000   37378.536      3.878327e-07   1.6157546e-11  3.8781654e-07  2.9264089e+09
   9449000   37378.336      3.878327e-07   1.8227126e-11  3.8781447e-07  2.9264384e+09
   9450000   37378.238      3.878327e-07   1.9248043e-11  3.8781345e-07  2.9264197e+09
   9451000   37378.423      3.878327e-07   1.733541e-11   3.8781536e-07  2.9264047e+09
   9452000   37378.37       3.878327e-07   1.7883297e-11  3.8781482e-07  2.9264341e+09
   9453000   37378.97       3.878327e-07   1.1655876e-11  3.8782104e-07  2.9263629e+09
   9454000   37379.31       3.878327e-07   8.1322128e-12  3.8782457e-07  2.9263547e+09
   9455000   37378.6        3.878327e-07   1.5495422e-11  3.8781721e-07  2.9263797e+09
   9456000   37377.539      3.878327e-07   2.6506192e-11  3.8780619e-07  2.9264803e+09
   9457000   37378.12       3.878327e-07   2.0478116e-11  3.8781222e-07  2.926433e+09 
   9458000   37378.124      3.878327e-07   2.0440253e-11  3.8781226e-07  2.9264001e+09
   9459000   37377.879      3.878327e-07   2.2974994e-11  3.8780973e-07  2.9264715e+09
   9460000   37378.588      3.878327e-07   1.5613224e-11  3.8781708e-07  2.9264283e+09
   9461000   37378.669      3.878327e-07   1.4778059e-11  3.8781792e-07  2.9263945e+09
   9462000   37379.363      3.878327e-07   7.5772349e-12  3.8782512e-07  2.9263389e+09
   9463000   37377.963      3.878327e-07   2.21085e-11    3.8781059e-07  2.9264731e+09
   9464000   37379.406      3.878327e-07   7.1355377e-12  3.8782556e-07  2.9263385e+09
   9465000   37378.696      3.878327e-07   1.4502595e-11  3.878182e-07   2.9264094e+09
   9466000   37378.179      3.878327e-07   1.9866487e-11  3.8781283e-07  2.9264234e+09
   9467000   37379.178      3.878327e-07   9.4977081e-12  3.878232e-07   2.9263708e+09
   9468000   37379.127      3.878327e-07   1.0031395e-11  3.8782267e-07  2.926372e+09 
   9469000   37378.594      3.878327e-07   1.5548928e-11  3.8781715e-07  2.9263977e+09
   9470000   37378.352      3.8783269e-07  1.8060334e-11  3.8781463e-07  2.9264052e+09
   9471000   37378.745      3.878327e-07   1.3989815e-11  3.8781871e-07  2.926412e+09 
   9472000   37379.35       3.878327e-07   7.7111886e-12  3.8782499e-07  2.9263491e+09
   9473000   37379.135      3.878327e-07   9.9448325e-12  3.8782276e-07  2.9263447e+09
   9474000   37378.921      3.878327e-07   1.2165424e-11  3.8782053e-07  2.9263909e+09
   9475000   37378.573      3.878327e-07   1.5774023e-11  3.8781693e-07  2.9264128e+09
   9476000   37379.151      3.878327e-07   9.7757752e-12  3.8782292e-07  2.9263623e+09
   9477000   37377.436      3.8783269e-07  2.7565702e-11  3.8780513e-07  2.9265017e+09
   9478000   37378.654      3.878327e-07   1.4937515e-11  3.8781776e-07  2.9264013e+09
   9479000   37378.834      3.878327e-07   1.306973e-11   3.8781963e-07  2.9264045e+09
   9480000   37379.248      3.878327e-07   8.7729947e-12  3.8782393e-07  2.9263472e+09
   9481000   37379.242      3.878327e-07   8.8302654e-12  3.8782387e-07  2.9263638e+09
   9482000   37378.985      3.878327e-07   1.1496808e-11  3.878212e-07   2.9263712e+09
   9483000   37379.415      3.878327e-07   7.0351938e-12  3.8782566e-07  2.9263317e+09
   9484000   37379.298      3.878327e-07   8.2500669e-12  3.8782445e-07  2.9263466e+09
   9485000   37378.888      3.878327e-07   1.2506345e-11  3.8782019e-07  2.9263906e+09
   9486000   37378.106      3.878327e-07   2.0625466e-11  3.8781207e-07  2.9264923e+09
   9487000   37379.348      3.878327e-07   7.7343009e-12  3.8782497e-07  2.9263367e+09
   9488000   37378.169      3.878327e-07   1.9967649e-11  3.8781273e-07  2.9264432e+09
   9489000   37377.454      3.878327e-07   2.7388606e-11  3.8780531e-07  2.9264602e+09
   9490000   37378.176      3.878327e-07   1.9892891e-11  3.8781281e-07  2.9264351e+09
   9491000   37378.47       3.878327e-07   1.6840532e-11  3.8781586e-07  2.9264135e+09
   9492000   37377.16       3.8783271e-07  3.0443262e-11  3.8780227e-07  2.926437e+09 
   9493000   37378.909      3.8783269e-07  1.2283883e-11  3.8782041e-07  2.9263719e+09
   9494000   37378.482      3.878327e-07   1.6716834e-11  3.8781598e-07  2.9264246e+09
   9495000   37378.941      3.878327e-07   1.1964565e-11  3.8782074e-07  2.9263557e+09
   9496000   37379.146      3.878327e-07   9.8290612e-12  3.8782287e-07  2.9263646e+09
   9497000   37377.483      3.878327e-07   2.7091825e-11  3.8780561e-07  2.9264716e+09
   9498000   37378.331      3.878327e-07   1.8291082e-11  3.8781441e-07  2.9264175e+09
   9499000   37377.517      3.878327e-07   2.6727628e-11  3.8780597e-07  2.9264639e+09
   9500000   37378.263      3.878327e-07   1.8995214e-11  3.878137e-07   2.9264537e+09
   9501000   37378.652      3.878327e-07   1.4958592e-11  3.8781774e-07  2.9264025e+09
   9502000   37379.062      3.878327e-07   1.0697986e-11  3.87822e-07    2.9263888e+09
   9503000   37378.79       3.878327e-07   1.3521912e-11  3.8781918e-07  2.9263901e+09
   9504000   37379.29       3.878327e-07   8.3295526e-12  3.8782437e-07  2.9263491e+09
   9505000   37378.692      3.878327e-07   1.4541449e-11  3.8781816e-07  2.9263991e+09
   9506000   37378.449      3.878327e-07   1.7065969e-11  3.8781563e-07  2.926432e+09 
   9507000   37377.789      3.878327e-07   2.3912275e-11  3.8780879e-07  2.9264632e+09
   9508000   37379.014      3.878327e-07   1.1203379e-11  3.878215e-07   2.9263748e+09
   9509000   37379.546      3.878327e-07   5.6844942e-12  3.8782701e-07  2.926319e+09 
   9510000   37377.374      3.8783269e-07  2.820586e-11   3.8780449e-07  2.9264746e+09
   9511000   37378.954      3.878327e-07   1.1820043e-11  3.8782088e-07  2.9263682e+09
   9512000   37378.566      3.878327e-07   1.5842883e-11  3.8781686e-07  2.9264338e+09
   9513000   37379.015      3.878327e-07   1.1192607e-11  3.8782151e-07  2.9264024e+09
   9514000   37378.59       3.8783269e-07  1.5591173e-11  3.878171e-07   2.9263866e+09
   9515000   37379.202      3.878327e-07   9.2511797e-12  3.8782345e-07  2.9263644e+09
   9516000   37379.092      3.878327e-07   1.0391968e-11  3.8782231e-07  2.9263707e+09
   9517000   37378.353      3.878327e-07   1.8059177e-11  3.8781464e-07  2.9264256e+09
   9518000   37378.893      3.878327e-07   1.2459595e-11  3.8782024e-07  2.9263881e+09
   9519000   37378.657      3.878327e-07   1.4905529e-11  3.8781779e-07  2.9264086e+09
   9520000   37378.429      3.878327e-07   1.7263756e-11  3.8781543e-07  2.9264541e+09
   9521000   37378.781      3.878327e-07   1.3616936e-11  3.8781908e-07  2.9264068e+09
   9522000   37379.261      3.878327e-07   8.6358738e-12  3.8782406e-07  2.9263602e+09
   9523000   37379.42       3.878327e-07   6.9885512e-12  3.8782571e-07  2.9263384e+09
   9524000   37377.491      3.8783269e-07  2.6994036e-11  3.878057e-07   2.9264957e+09
   9525000   37378.528      3.878327e-07   1.6241422e-11  3.8781646e-07  2.9264122e+09
   9526000   37379.165      3.878327e-07   9.6378544e-12  3.8782306e-07  2.9263616e+09
   9527000   37378.774      3.878327e-07   1.3685609e-11  3.8781901e-07  2.9263733e+09
   9528000   37378.75       3.878327e-07   1.3939422e-11  3.8781876e-07  2.9264212e+09
   9529000   37378.937      3.878327e-07   1.2004954e-11  3.8782069e-07  2.9263849e+09
   9530000   37377.978      3.878327e-07   2.1947082e-11  3.8781075e-07  2.9264835e+09
   9531000   37378.619      3.878327e-07   1.5299713e-11  3.878174e-07   2.9263998e+09
   9532000   37378.788      3.878327e-07   1.3541433e-11  3.8781916e-07  2.9264083e+09
   9533000   37379.108      3.878327e-07   1.0223601e-11  3.8782247e-07  2.926362e+09 
   9534000   37378.54       3.878327e-07   1.6120768e-11  3.8781658e-07  2.9264141e+09
   9535000   37379.313      3.878327e-07   8.0982015e-12  3.878246e-07   2.9263406e+09
   9536000   37378.815      3.878327e-07   1.3264292e-11  3.8781943e-07  2.9263949e+09
   9537000   37378.423      3.878327e-07   1.7335227e-11  3.8781537e-07  2.9263918e+09
   9538000   37378.57       3.878327e-07   1.5805876e-11  3.8781689e-07  2.9264245e+09
   9539000   37378.54       3.878327e-07   1.6120309e-11  3.8781658e-07  2.9264421e+09
   9540000   37378.923      3.878327e-07   1.2146703e-11  3.8782055e-07  2.9263992e+09
   9541000   37378.167      3.878327e-07   1.9988076e-11  3.8781271e-07  2.9264313e+09
   9542000   37378.035      3.878327e-07   2.1359436e-11  3.8781134e-07  2.9264148e+09
   9543000   37378.754      3.878327e-07   1.3902675e-11  3.878188e-07   2.9264027e+09
   9544000   37378.488      3.878327e-07   1.6658596e-11  3.8781604e-07  2.9264054e+09
   9545000   37379.166      3.878327e-07   9.6275497e-12  3.8782307e-07  2.9263641e+09
   9546000   37377.585      3.878327e-07   2.6033775e-11  3.8780667e-07  2.9264762e+09
   9547000   37379.212      3.878327e-07   9.1413275e-12  3.8782356e-07  2.9263622e+09
   9548000   37378.445      3.878327e-07   1.7102652e-11  3.878156e-07   2.9264352e+09
   9549000   37379.167      3.878327e-07   9.6173488e-12  3.8782308e-07  2.9263564e+09
   9550000   37378.747      3.878327e-07   1.396766e-11   3.8781873e-07  2.9264205e+09
   9551000   37379.102      3.878327e-07   1.0284076e-11  3.8782242e-07  2.9263681e+09
   9552000   37378.712      3.878327e-07   1.4328411e-11  3.8781837e-07  2.9264239e+09
   9553000   37379.331      3.878327e-07   7.9132042e-12  3.8782479e-07  2.9263408e+09
   9554000   37377.827      3.878327e-07   2.3511938e-11  3.8780919e-07  2.9264756e+09
   9555000   37378.037      3.878327e-07   2.1342501e-11  3.8781136e-07  2.9264653e+09
   9556000   37378.742      3.878327e-07   1.4023729e-11  3.8781867e-07  2.9263984e+09
   9557000   37377.224      3.8783271e-07  2.9784757e-11  3.8780293e-07  2.9264236e+09
   9558000   37378.458      3.878327e-07   1.6968822e-11  3.8781573e-07  2.9264266e+09
   9559000   37379.52       3.878327e-07   5.9507565e-12  3.8782675e-07  2.9263209e+09
   9560000   37377.581      3.8783271e-07  2.6080265e-11  3.8780663e-07  2.9264306e+09
   9561000   37377.566      3.8783269e-07  2.6211614e-11  3.8780648e-07  2.9264787e+09
   9562000   37378.241      3.878327e-07   1.92275e-11    3.8781347e-07  2.9264232e+09
   9563000   37377.141      3.8783271e-07  3.0640643e-11  3.8780207e-07  2.9264391e+09
   9564000   37377.401      3.8783271e-07  2.7939449e-11  3.8780477e-07  2.9264285e+09
   9565000   37377.845      3.878327e-07   2.3323882e-11  3.8780937e-07  2.9264789e+09
   9566000   37378.24       3.878327e-07   1.9229623e-11  3.8781347e-07  2.9264656e+09
   9567000   37379.028      3.878327e-07   1.1048337e-11  3.8782165e-07  2.9263816e+09
   9568000   37378.301      3.878327e-07   1.8598011e-11  3.8781411e-07  2.926402e+09 
   9569000   37378.894      3.878327e-07   1.244414e-11   3.8782025e-07  2.9264005e+09
   9570000   37377.494      3.8783269e-07  2.6969151e-11  3.8780573e-07  2.9264372e+09
   9571000   37378.515      3.878327e-07   1.6377823e-11  3.8781632e-07  2.9263925e+09
   9572000   37377.374      3.8783271e-07  2.8222742e-11  3.8780448e-07  2.9264721e+09
   9573000   37378.857      3.878327e-07   1.2826316e-11  3.8781987e-07  2.9263947e+09
   9574000   37378.528      3.878327e-07   1.6238543e-11  3.8781646e-07  2.926417e+09 
   9575000   37377.964      3.878327e-07   2.2096068e-11  3.8781061e-07  2.9264346e+09
   9576000   37378.314      3.8783269e-07  1.8455524e-11  3.8781424e-07  2.9264365e+09
   9577000   37376.35       3.878327e-07   3.8837829e-11  3.8779386e-07  2.9265161e+09
   9578000   37378.699      3.878327e-07   1.446695e-11   3.8781823e-07  2.926401e+09 
   9579000   37378.707      3.878327e-07   1.4389015e-11  3.8781831e-07  2.9264039e+09
   9580000   37377.817      3.878327e-07   2.3624981e-11  3.8780908e-07  2.9264429e+09
   9581000   37378.981      3.878327e-07   1.1540591e-11  3.8782116e-07  2.9263735e+09
   9582000   37378.694      3.878327e-07   1.4524188e-11  3.8781818e-07  2.926416e+09 
   9583000   37377.619      3.878327e-07   2.5675204e-11  3.8780702e-07  2.9264922e+09
   9584000   37377.153      3.8783269e-07  3.0501726e-11  3.8780219e-07  2.9265329e+09
   9585000   37377.846      3.878327e-07   2.3321471e-11  3.8780938e-07  2.9264449e+09
   9586000   37378.741      3.878327e-07   1.4037759e-11  3.8781866e-07  2.9263968e+09
   9587000   37379.519      3.878327e-07   5.9598606e-12  3.8782674e-07  2.9263234e+09
   9588000   37378.68       3.878327e-07   1.4668991e-11  3.8781803e-07  2.9264001e+09
   9589000   37378.046      3.878327e-07   2.124122e-11   3.8781146e-07  2.9264061e+09
   9590000   37377.804      3.878327e-07   2.3751139e-11  3.8780895e-07  2.9264923e+09
   9591000   37377.775      3.878327e-07   2.4053545e-11  3.8780865e-07  2.9264386e+09
   9592000   37378.552      3.878327e-07   1.5991247e-11  3.8781671e-07  2.9264148e+09
   9593000   37378.507      3.878327e-07   1.6463364e-11  3.8781623e-07  2.9263971e+09
   9594000   37378.103      3.878327e-07   2.0653318e-11  3.8781204e-07  2.9264623e+09
   9595000   37376.932      3.8783272e-07  3.2822716e-11  3.8779989e-07  2.926434e+09 
   9596000   37378.706      3.878327e-07   1.4393825e-11  3.8781831e-07  2.9263882e+09
   9597000   37378.794      3.878327e-07   1.3484722e-11  3.8781921e-07  2.926399e+09 
   9598000   37378.487      3.878327e-07   1.667123e-11   3.8781603e-07  2.9264124e+09
   9599000   37378.525      3.878327e-07   1.627615e-11   3.8781642e-07  2.9264201e+09
   9600000   37379.192      3.878327e-07   9.3538439e-12  3.8782335e-07  2.9263621e+09
   9601000   37378.577      3.878327e-07   1.5731643e-11  3.8781697e-07  2.9264144e+09
   9602000   37377.847      3.878327e-07   2.3305939e-11  3.878094e-07   2.9264319e+09
   9603000   37378.954      3.878327e-07   1.1823605e-11  3.8782088e-07  2.926385e+09 
   9604000   37378.241      3.8783269e-07  1.9213343e-11  3.8781348e-07  2.9264173e+09
   9605000   37378.084      3.878327e-07   2.0847318e-11  3.8781185e-07  2.9264351e+09
   9606000   37378.738      3.878327e-07   1.4064837e-11  3.8781863e-07  2.9264057e+09
   9607000   37377.966      3.878327e-07   2.2074892e-11  3.8781062e-07  2.9264353e+09
   9608000   37379.168      3.878327e-07   9.5989914e-12  3.878231e-07   2.9263717e+09
   9609000   37379.173      3.878327e-07   9.5503446e-12  3.8782315e-07  2.9263437e+09
   9610000   37379.336      3.878327e-07   7.862523e-12   3.8782484e-07  2.9263528e+09
   9611000   37378.781      3.878327e-07   1.3618437e-11  3.8781908e-07  2.9264004e+09
   9612000   37376.945      3.878327e-07   3.2672606e-11  3.8780003e-07  2.9264972e+09
   9613000   37378.527      3.878327e-07   1.6247949e-11  3.8781645e-07  2.9263868e+09
   9614000   37378.952      3.878327e-07   1.184088e-11   3.8782086e-07  2.926389e+09 
   9615000   37378.11       3.878327e-07   2.0576925e-11  3.8781212e-07  2.9264321e+09
   9616000   37378.995      3.878327e-07   1.1402128e-11  3.878213e-07   2.9263758e+09
   9617000   37378.315      3.878327e-07   1.8452919e-11  3.8781425e-07  2.9264373e+09
   9618000   37378.7        3.878327e-07   1.4459299e-11  3.8781824e-07  2.9264221e+09
   9619000   37378.889      3.878327e-07   1.249771e-11   3.8782021e-07  2.9263682e+09
   9620000   37379.224      3.878327e-07   9.0260656e-12  3.8782367e-07  2.9263354e+09
   9621000   37378.394      3.878327e-07   1.7630727e-11  3.8781507e-07  2.9264217e+09
   9622000   37379.121      3.878327e-07   1.0094324e-11  3.8782261e-07  2.9263661e+09
   9623000   37378.544      3.878327e-07   1.6074727e-11  3.8781662e-07  2.9264072e+09
   9624000   37378.555      3.878327e-07   1.5967732e-11  3.8781673e-07  2.9264049e+09
   9625000   37378.758      3.878327e-07   1.3849135e-11  3.8781885e-07  2.9264014e+09
   9626000   37378.956      3.878327e-07   1.1797718e-11  3.878209e-07   2.9263819e+09
   9627000   37377.899      3.878327e-07   2.2768059e-11  3.8780993e-07  2.9264531e+09
   9628000   37379.311      3.878327e-07   8.1232291e-12  3.8782458e-07  2.9263605e+09
   9629000   37379.056      3.878327e-07   1.0767392e-11  3.8782193e-07  2.9263583e+09
   9630000   37378.733      3.8783269e-07  1.4110026e-11  3.8781858e-07  2.9263908e+09
   9631000   37378.777      3.8783269e-07  1.3656983e-11  3.8781904e-07  2.9263819e+09
   9632000   37378.678      3.878327e-07   1.4691586e-11  3.8781801e-07  2.9264159e+09
   9633000   37378.248      3.878327e-07   1.9150815e-11  3.8781355e-07  2.9264163e+09
   9634000   37378.086      3.8783269e-07  2.0825897e-11  3.8781187e-07  2.9264141e+09
   9635000   37378.664      3.878327e-07   1.4827246e-11  3.8781787e-07  2.9264115e+09
   9636000   37377.013      3.878327e-07   3.1961614e-11  3.8780074e-07  2.9265034e+09
   9637000   37378.79       3.878327e-07   1.3526196e-11  3.8781917e-07  2.9263819e+09
   9638000   37378.546      3.878327e-07   1.6051388e-11  3.8781665e-07  2.9264161e+09
   9639000   37378.56       3.878327e-07   1.5906804e-11  3.8781679e-07  2.926402e+09 
   9640000   37378.781      3.878327e-07   1.3613858e-11  3.8781909e-07  2.9263917e+09
   9641000   37379.269      3.878327e-07   8.554964e-12   3.8782414e-07  2.9263526e+09
   9642000   37379.112      3.878327e-07   1.0188078e-11  3.8782251e-07  2.9263744e+09
   9643000   37378.876      3.878327e-07   1.2627776e-11  3.8782007e-07  2.9263951e+09
   9644000   37378.648      3.878327e-07   1.4995505e-11  3.878177e-07   2.9264196e+09
   9645000   37378.461      3.878327e-07   1.6938447e-11  3.8781576e-07  2.926403e+09 
   9646000   37378.432      3.878327e-07   1.7238137e-11  3.8781546e-07  2.9264157e+09
   9647000   37378.588      3.878327e-07   1.5624478e-11  3.8781708e-07  2.9263932e+09
   9648000   37379.086      3.878327e-07   1.0457884e-11  3.8782224e-07  2.92637e+09  
   9649000   37379.096      3.878327e-07   1.0350007e-11  3.8782235e-07  2.926374e+09 
   9650000   37378.978      3.878327e-07   1.1567472e-11  3.8782113e-07  2.9263762e+09
   9651000   37378.83       3.878327e-07   1.310556e-11   3.8781959e-07  2.9263644e+09
   9652000   37378.197      3.878327e-07   1.9673788e-11  3.8781302e-07  2.9264404e+09
   9653000   37378.332      3.878327e-07   1.8280043e-11  3.8781442e-07  2.926421e+09 
   9654000   37379.025      3.878327e-07   1.1081952e-11  3.8782162e-07  2.9263851e+09
   9655000   37378.368      3.878327e-07   1.7900698e-11  3.878148e-07   2.9264248e+09
   9656000   37379.23       3.878327e-07   8.9553778e-12  3.8782374e-07  2.9263461e+09
   9657000   37378.935      3.878327e-07   1.2021325e-11  3.8782068e-07  2.9263826e+09
   9658000   37378.216      3.878327e-07   1.9482493e-11  3.8781321e-07  2.9264475e+09
   9659000   37378.345      3.878327e-07   1.8137762e-11  3.8781456e-07  2.9264458e+09
   9660000   37378.28       3.878327e-07   1.8811169e-11  3.8781389e-07  2.9264363e+09
   9661000   37379.073      3.878327e-07   1.0587813e-11  3.8782211e-07  2.9263779e+09
   9662000   37379.038      3.878327e-07   1.0956755e-11  3.8782174e-07  2.9263568e+09
   9663000   37379.082      3.878327e-07   1.0496843e-11  3.878222e-07   2.9263692e+09
   9664000   37378.05       3.878327e-07   2.1198909e-11  3.878115e-07   2.9264132e+09
   9665000   37379.059      3.878327e-07   1.0734957e-11  3.8782196e-07  2.9263647e+09
   9666000   37379.205      3.878327e-07   9.2217977e-12  3.8782348e-07  2.9263595e+09
   9667000   37378.453      3.878327e-07   1.7022961e-11  3.8781568e-07  2.9263876e+09
   9668000   37378.304      3.878327e-07   1.8559759e-11  3.8781414e-07  2.92646e+09  
   9669000   37378.274      3.878327e-07   1.8885714e-11  3.8781382e-07  2.926407e+09 
   9670000   37377.697      3.878327e-07   2.4861519e-11  3.8780784e-07  2.9264451e+09
   9671000   37378.17       3.878327e-07   1.9961996e-11  3.8781274e-07  2.9264356e+09
   9672000   37378.458      3.8783269e-07  1.6961207e-11  3.8781573e-07  2.9264134e+09
   9673000   37378.305      3.878327e-07   1.8553019e-11  3.8781415e-07  2.9264309e+09
   9674000   37379.055      3.878327e-07   1.0773652e-11  3.8782193e-07  2.9263632e+09
   9675000   37378.952      3.878327e-07   1.1845332e-11  3.8782085e-07  2.9263911e+09
   9676000   37378.742      3.878327e-07   1.401786e-11   3.8781868e-07  2.9264104e+09
   9677000   37379.185      3.878327e-07   9.4211838e-12  3.8782328e-07  2.926359e+09 
   9678000   37378.349      3.878327e-07   1.8101753e-11  3.878146e-07   2.9264416e+09
   9679000   37379.405      3.878327e-07   7.1450654e-12  3.8782555e-07  2.9263426e+09
   9680000   37379.125      3.878327e-07   1.0051688e-11  3.8782265e-07  2.9263867e+09
   9681000   37379.419      3.878327e-07   6.9992416e-12  3.878257e-07   2.9263435e+09
   9682000   37378.629      3.878327e-07   1.5197125e-11  3.878175e-07   2.9264184e+09
   9683000   37378.321      3.878327e-07   1.8391946e-11  3.8781431e-07  2.9264415e+09
   9684000   37379.094      3.878327e-07   1.0367119e-11  3.8782233e-07  2.9263639e+09
   9685000   37378.736      3.878327e-07   1.4087328e-11  3.8781861e-07  2.926416e+09 
   9686000   37379.019      3.878327e-07   1.1146462e-11  3.8782155e-07  2.9263619e+09
   9687000   37377.655      3.878327e-07   2.5305975e-11  3.878074e-07   2.9264488e+09
   9688000   37378.951      3.878327e-07   1.1849024e-11  3.8782085e-07  2.926383e+09 
   9689000   37378.918      3.878327e-07   1.2194438e-11  3.878205e-07   2.9263919e+09
   9690000   37379.055      3.878327e-07   1.0771895e-11  3.8782193e-07  2.9263627e+09
   9691000   37379.008      3.878327e-07   1.1262366e-11  3.8782144e-07  2.9263769e+09
   9692000   37378.716      3.878327e-07   1.4294943e-11  3.878184e-07   2.9263935e+09
   9693000   37378.983      3.878327e-07   1.1519651e-11  3.8782118e-07  2.9263849e+09
   9694000   37378.823      3.878327e-07   1.3177931e-11  3.8781952e-07  2.9263924e+09
   9695000   37379.647      3.878327e-07   4.629963e-12   3.8782807e-07  2.9263032e+09
   9696000   37379.027      3.878327e-07   1.106215e-11   3.8782164e-07  2.9263787e+09
   9697000   37379.396      3.878327e-07   7.2406498e-12  3.8782546e-07  2.926339e+09 
   9698000   37379.01       3.878327e-07   1.1239506e-11  3.8782146e-07  2.9263641e+09
   9699000   37378.597      3.878327e-07   1.5531731e-11  3.8781717e-07  2.9264266e+09
   9700000   37378.688      3.878327e-07   1.4579614e-11  3.8781812e-07  2.9263866e+09
   9701000   37378.024      3.878327e-07   2.1472596e-11  3.8781123e-07  2.9264294e+09
   9702000   37377.873      3.878327e-07   2.3043574e-11  3.8780966e-07  2.926447e+09 
   9703000   37376.803      3.8783271e-07  3.4149158e-11  3.8779856e-07  2.926456e+09 
   9704000   37378.469      3.878327e-07   1.6851543e-11  3.8781585e-07  2.9264194e+09
   9705000   37378.57       3.878327e-07   1.5808672e-11  3.8781689e-07  2.9264286e+09
   9706000   37378.147      3.878327e-07   2.0198821e-11  3.878125e-07   2.9264424e+09
   9707000   37377.725      3.878327e-07   2.4571142e-11  3.8780813e-07  2.9264556e+09
   9708000   37378.338      3.878327e-07   1.8210044e-11  3.8781449e-07  2.926433e+09 
   9709000   37378.602      3.878327e-07   1.5470045e-11  3.8781723e-07  2.9264288e+09
   9710000   37378.191      3.878327e-07   1.9744058e-11  3.8781296e-07  2.9264259e+09
   9711000   37378.454      3.878327e-07   1.7010026e-11  3.8781569e-07  2.9264275e+09
   9712000   37378.151      3.878327e-07   2.0154843e-11  3.8781254e-07  2.926438e+09 
   9713000   37378.27       3.878327e-07   1.892226e-11   3.8781378e-07  2.9264411e+09
   9714000   37378.447      3.878327e-07   1.7083589e-11  3.8781561e-07  2.926418e+09 
   9715000   37378.653      3.878327e-07   1.494683e-11   3.8781775e-07  2.9264266e+09
   9716000   37377.927      3.878327e-07   2.2482096e-11  3.8781022e-07  2.926465e+09 
   9717000   37378.533      3.878327e-07   1.6187761e-11  3.8781651e-07  2.926427e+09 
   9718000   37378.408      3.878327e-07   1.7483732e-11  3.8781522e-07  2.9264229e+09
   9719000   37378.235      3.878327e-07   1.9280116e-11  3.8781342e-07  2.9264368e+09
   9720000   37378.992      3.878327e-07   1.1425106e-11  3.8782127e-07  2.9263831e+09
   9721000   37378.869      3.878327e-07   1.2703973e-11  3.8782e-07     2.9263646e+09
   9722000   37379.179      3.878327e-07   9.4837826e-12  3.8782321e-07  2.9263693e+09
   9723000   37378.181      3.878327e-07   1.9839517e-11  3.8781286e-07  2.9264632e+09
   9724000   37379.146      3.878327e-07   9.8223378e-12  3.8782287e-07  2.9263641e+09
   9725000   37379.37       3.878327e-07   7.5081744e-12  3.8782519e-07  2.9263439e+09
   9726000   37378.816      3.878327e-07   1.3257748e-11  3.8781944e-07  2.9263867e+09
   9727000   37378.799      3.878327e-07   1.343302e-11   3.8781927e-07  2.9263999e+09
   9728000   37378.261      3.878327e-07   1.9009528e-11  3.8781369e-07  2.9264279e+09
   9729000   37378.296      3.878327e-07   1.8648621e-11  3.8781405e-07  2.92643e+09  
   9730000   37378.786      3.878327e-07   1.3564567e-11  3.8781913e-07  2.9264072e+09
   9731000   37378.25       3.878327e-07   1.9126163e-11  3.8781358e-07  2.9264416e+09
   9732000   37379.146      3.878327e-07   9.8316147e-12  3.8782287e-07  2.92635e+09  
   9733000   37378.686      3.878327e-07   1.460261e-11   3.878181e-07   2.9264053e+09
   9734000   37377.365      3.878327e-07   2.8308926e-11  3.8780439e-07  2.9264788e+09
   9735000   37379.309      3.878327e-07   8.1430805e-12  3.8782456e-07  2.9263498e+09
   9736000   37378.323      3.878327e-07   1.8366756e-11  3.8781433e-07  2.9264185e+09
   9737000   37379.112      3.878327e-07   1.018526e-11   3.8782251e-07  2.926371e+09 
   9738000   37378.365      3.878327e-07   1.7934858e-11  3.8781477e-07  2.9264341e+09
   9739000   37379.016      3.878327e-07   1.1179523e-11  3.8782152e-07  2.9263598e+09
   9740000   37379.035      3.878327e-07   1.0980147e-11  3.8782172e-07  2.9263821e+09
   9741000   37378.723      3.878327e-07   1.422222e-11   3.8781848e-07  2.9264028e+09
   9742000   37378.344      3.878327e-07   1.8147497e-11  3.8781455e-07  2.9264246e+09
   9743000   37378.271      3.878327e-07   1.8903643e-11  3.8781379e-07  2.9264169e+09
   9744000   37378.056      3.878327e-07   2.1141259e-11  3.8781156e-07  2.92644e+09  
   9745000   37378.736      3.878327e-07   1.4080876e-11  3.8781862e-07  2.9263975e+09
   9746000   37379.414      3.878327e-07   7.0470859e-12  3.8782565e-07  2.9263361e+09
   9747000   37379.114      3.878327e-07   1.015904e-11   3.8782254e-07  2.9263736e+09
   9748000   37377.713      3.878327e-07   2.4693383e-11  3.87808e-07    2.9264709e+09
   9749000   37378.641      3.878327e-07   1.5071388e-11  3.8781763e-07  2.9264091e+09
   9750000   37375.613      3.8783272e-07  4.6501938e-11  3.8778621e-07  2.9264976e+09
   9751000   37377.113      3.8783269e-07  3.0916209e-11  3.8780178e-07  2.9264669e+09
   9752000   37377.429      3.878327e-07   2.7643435e-11  3.8780506e-07  2.9265064e+09
   9753000   37378.69       3.878327e-07   1.455868e-11   3.8781814e-07  2.9264093e+09
   9754000   37379.314      3.878327e-07   8.0822831e-12  3.8782462e-07  2.9263361e+09
   9755000   37379.029      3.878327e-07   1.1043568e-11  3.8782166e-07  2.9263706e+09
   9756000   37379.112      3.8783269e-07  1.0173841e-11  3.8782251e-07  2.9263464e+09
   9757000   37378.964      3.878327e-07   1.1719463e-11  3.8782098e-07  2.9263982e+09
   9758000   37379.298      3.878327e-07   8.257169e-12   3.8782444e-07  2.9263511e+09
   9759000   37378.205      3.8783269e-07  1.9590363e-11  3.878131e-07   2.9264547e+09
   9760000   37378.432      3.878327e-07   1.7236918e-11  3.8781546e-07  2.9264257e+09
   9761000   37379.446      3.878327e-07   6.7147686e-12  3.8782598e-07  2.9263276e+09
   9762000   37378.267      3.878327e-07   1.894881e-11   3.8781375e-07  2.9264133e+09
   9763000   37378.989      3.878327e-07   1.1455082e-11  3.8782124e-07  2.9264037e+09
   9764000   37378.923      3.878327e-07   1.214317e-11   3.8782056e-07  2.926394e+09 
   9765000   37379.091      3.878327e-07   1.039958e-11   3.878223e-07   2.9263763e+09
   9766000   37378.829      3.878327e-07   1.3117148e-11  3.8781958e-07  2.9263736e+09
   9767000   37378.383      3.878327e-07   1.7754556e-11  3.8781495e-07  2.9263904e+09
   9768000   37379.266      3.878327e-07   8.5798045e-12  3.8782412e-07  2.9263458e+09
   9769000   37379.206      3.878327e-07   9.2059262e-12  3.8782349e-07  2.9263581e+09
   9770000   37379.316      3.878327e-07   8.062369e-12   3.8782464e-07  2.9263429e+09
   9771000   37378.494      3.878327e-07   1.6598908e-11  3.878161e-07   2.9264114e+09
   9772000   37379.186      3.878327e-07   9.4171396e-12  3.8782328e-07  2.9263689e+09
   9773000   37378.221      3.878327e-07   1.9432848e-11  3.8781327e-07  2.9264481e+09
   9774000   37378.062      3.878327e-07   2.1074316e-11  3.8781162e-07  2.9264165e+09
   9775000   37378.564      3.878327e-07   1.5866116e-11  3.8781683e-07  2.9264291e+09
   9776000   37378.982      3.878327e-07   1.1527469e-11  3.8782117e-07  2.9263715e+09
   9777000   37377.32       3.878327e-07   2.8774481e-11  3.8780393e-07  2.9264635e+09
   9778000   37378.505      3.878327e-07   1.648664e-11   3.8781621e-07  2.9264318e+09
   9779000   37378.526      3.878327e-07   1.6263772e-11  3.8781644e-07  2.9264419e+09
   9780000   37377.961      3.878327e-07   2.2128181e-11  3.8781057e-07  2.9264554e+09
   9781000   37377.96       3.878327e-07   2.2135392e-11  3.8781056e-07  2.9264622e+09
   9782000   37378.222      3.878327e-07   1.9417151e-11  3.8781328e-07  2.9264312e+09
   9783000   37376.85       3.878327e-07   3.3654487e-11  3.8779904e-07  2.9265282e+09
   9784000   37378.014      3.878327e-07   2.1579141e-11  3.8781112e-07  2.9264279e+09
   9785000   37379.22       3.878327e-07   9.0599362e-12  3.8782364e-07  2.9263566e+09
   9786000   37379.063      3.878327e-07   1.0696605e-11  3.87822e-07    2.9263609e+09
   9787000   37377.657      3.878327e-07   2.5274794e-11  3.8780742e-07  2.9264729e+09
   9788000   37378.869      3.878327e-07   1.2706496e-11  3.8781999e-07  2.9263843e+09
   9789000   37378.623      3.878327e-07   1.5260896e-11  3.8781744e-07  2.9264184e+09
   9790000   37378.468      3.878327e-07   1.6863501e-11  3.8781583e-07  2.9264204e+09
   9791000   37378.948      3.878327e-07   1.1881061e-11  3.8782082e-07  2.9263857e+09
   9792000   37378.625      3.878327e-07   1.5238715e-11  3.8781746e-07  2.9263884e+09
   9793000   37378.177      3.878327e-07   1.9884317e-11  3.8781281e-07  2.9264492e+09
   9794000   37379.076      3.878327e-07   1.0553376e-11  3.8782215e-07  2.926362e+09 
   9795000   37378.528      3.878327e-07   1.6238591e-11  3.8781646e-07  2.92643e+09  
   9796000   37378.209      3.878327e-07   1.9550539e-11  3.8781315e-07  2.9264401e+09
   9797000   37378.651      3.878327e-07   1.4967064e-11  3.8781773e-07  2.9263954e+09
   9798000   37379.221      3.878327e-07   9.057462e-12   3.8782364e-07  2.9263553e+09
   9799000   37379.14       3.878327e-07   9.8904787e-12  3.8782281e-07  2.9263708e+09
   9800000   37377.53       3.878327e-07   2.6591837e-11  3.8780611e-07  2.9265035e+09
   9801000   37379.068      3.878327e-07   1.0637065e-11  3.8782206e-07  2.9263693e+09
   9802000   37378.002      3.878327e-07   2.1703908e-11  3.8781099e-07  2.9264578e+09
   9803000   37378.703      3.878327e-07   1.4422141e-11  3.8781828e-07  2.9263883e+09
   9804000   37378.012      3.878327e-07   2.1600633e-11  3.878111e-07   2.9264501e+09
   9805000   37379.312      3.878327e-07   8.1115654e-12  3.8782459e-07  2.9263575e+09
   9806000   37377.775      3.878327e-07   2.4054332e-11  3.8780864e-07  2.9264868e+09
   9807000   37378.918      3.878327e-07   1.2201935e-11  3.878205e-07   2.9263759e+09
   9808000   37378.694      3.878327e-07   1.4520309e-11  3.8781818e-07  2.9263651e+09
   9809000   37379.246      3.878327e-07   8.7972307e-12  3.878239e-07   2.9263546e+09
   9810000   37379.001      3.878327e-07   1.1330643e-11  3.8782137e-07  2.9263754e+09
   9811000   37377.872      3.878327e-07   2.3051425e-11  3.8780965e-07  2.9264468e+09
   9812000   37378.495      3.878327e-07   1.6582809e-11  3.8781612e-07  2.9264214e+09
   9813000   37377.307      3.8783269e-07  2.8899293e-11  3.8780379e-07  2.9265042e+09
   9814000   37377.922      3.878327e-07   2.2534538e-11  3.8781017e-07  2.9264591e+09
   9815000   37378.925      3.878327e-07   1.2123985e-11  3.8782057e-07  2.9263703e+09
   9816000   37378.474      3.878327e-07   1.6801683e-11  3.8781589e-07  2.9264094e+09
   9817000   37376.658      3.878327e-07   3.5645326e-11  3.8779706e-07  2.92655e+09  
   9818000   37378.718      3.878327e-07   1.4273644e-11  3.8781843e-07  2.92638e+09  
   9819000   37379.016      3.878327e-07   1.117602e-11   3.8782152e-07  2.9263744e+09
   9820000   37378.244      3.878327e-07   1.9184762e-11  3.8781351e-07  2.9264149e+09
   9821000   37377.971      3.878327e-07   2.2022959e-11  3.8781068e-07  2.9264943e+09
   9822000   37378.893      3.878327e-07   1.2450545e-11  3.8782025e-07  2.9263851e+09
   9823000   37378.154      3.878327e-07   2.0124619e-11  3.8781257e-07  2.9264494e+09
   9824000   37379.109      3.878327e-07   1.0216969e-11  3.8782248e-07  2.926391e+09 
   9825000   37378.522      3.878327e-07   1.6305867e-11  3.8781639e-07  2.9264016e+09
   9826000   37378.882      3.878327e-07   1.2567514e-11  3.8782013e-07  2.9264004e+09
   9827000   37379.281      3.878327e-07   8.4242147e-12  3.8782427e-07  2.9263602e+09
   9828000   37377.955      3.878327e-07   2.219334e-11   3.8781051e-07  2.9264248e+09
   9829000   37378.712      3.878327e-07   1.4331826e-11  3.8781837e-07  2.926405e+09 
   9830000   37379.121      3.878327e-07   1.0087068e-11  3.8782261e-07  2.9263661e+09
   9831000   37378.768      3.8783269e-07  1.3752399e-11  3.8781894e-07  2.9263863e+09
   9832000   37378.412      3.878327e-07   1.7448708e-11  3.8781525e-07  2.9264212e+09
   9833000   37377.444      3.878327e-07   2.7489596e-11  3.8780521e-07  2.926508e+09 
   9834000   37378.529      3.878327e-07   1.6235358e-11  3.8781646e-07  2.9264026e+09
   9835000   37378.478      3.878327e-07   1.6763756e-11  3.8781594e-07  2.9264137e+09
   9836000   37379.105      3.878327e-07   1.0253729e-11  3.8782245e-07  2.9263744e+09
   9837000   37378.742      3.878327e-07   1.4019756e-11  3.8781868e-07  2.9264028e+09
   9838000   37377.688      3.878327e-07   2.4958615e-11  3.8780774e-07  2.9264499e+09
   9839000   37378.105      3.878327e-07   2.0632645e-11  3.8781207e-07  2.9264956e+09
   9840000   37379.028      3.878327e-07   1.1057102e-11  3.8782164e-07  2.9263718e+09
   9841000   37378.17       3.878327e-07   1.9964114e-11  3.8781274e-07  2.9264139e+09
   9842000   37378.441      3.878327e-07   1.7145225e-11  3.8781555e-07  2.9264379e+09
   9843000   37378.058      3.878327e-07   2.1115255e-11  3.8781158e-07  2.926436e+09 
   9844000   37378.35       3.878327e-07   1.8094152e-11  3.878146e-07   2.9264358e+09
   9845000   37378.525      3.878327e-07   1.6271281e-11  3.8781643e-07  2.9264044e+09
   9846000   37379.617      3.878327e-07   4.9412264e-12  3.8782776e-07  2.9263142e+09
   9847000   37377.352      3.878327e-07   2.8445118e-11  3.8780425e-07  2.9264671e+09
   9848000   37378.598      3.878327e-07   1.5511393e-11  3.8781719e-07  2.9264184e+09
   9849000   37378.644      3.878327e-07   1.5033845e-11  3.8781766e-07  2.926417e+09 
   9850000   37379.26       3.878327e-07   8.6488063e-12  3.8782405e-07  2.9263529e+09
   9851000   37377.112      3.8783269e-07  3.0925645e-11  3.8780176e-07  2.9265304e+09
   9852000   37378.647      3.878327e-07   1.5004389e-11  3.878177e-07   2.9264026e+09
   9853000   37378.282      3.878327e-07   1.8799319e-11  3.878139e-07   2.9264459e+09
   9854000   37378.594      3.878327e-07   1.5554844e-11  3.8781714e-07  2.926398e+09 
   9855000   37378.221      3.878327e-07   1.9422398e-11  3.8781327e-07  2.9264661e+09
   9856000   37377.94       3.878327e-07   2.2342921e-11  3.8781035e-07  2.9264444e+09
   9857000   37378.909      3.878327e-07   1.2287779e-11  3.8782041e-07  2.9263952e+09
   9858000   37378.862      3.878327e-07   1.2779035e-11  3.8781992e-07  2.9264068e+09
   9859000   37378.96       3.878327e-07   1.1760164e-11  3.8782094e-07  2.9263806e+09
   9860000   37378.131      3.878327e-07   2.0367322e-11  3.8781233e-07  2.926441e+09 
   9861000   37378.233      3.878327e-07   1.9300212e-11  3.878134e-07   2.926446e+09 
   9862000   37377.13       3.8783269e-07  3.0746134e-11  3.8780195e-07  2.9265037e+09
   9863000   37377.454      3.8783269e-07  2.7370721e-11  3.8780531e-07  2.9264761e+09
   9864000   37379.168      3.878327e-07   9.6000632e-12  3.878231e-07   2.9263591e+09
   9865000   37378.662      3.878327e-07   1.4847774e-11  3.8781785e-07  2.9264078e+09
   9866000   37378.081      3.878327e-07   2.0883305e-11  3.8781182e-07  2.9264183e+09
   9867000   37378.992      3.878327e-07   1.1425859e-11  3.8782127e-07  2.9263871e+09
   9868000   37378.915      3.878327e-07   1.2228208e-11  3.8782047e-07  2.9263789e+09
   9869000   37379.275      3.878327e-07   8.4956193e-12  3.878242e-07   2.9263418e+09
   9870000   37379.251      3.878327e-07   8.742055e-12   3.8782396e-07  2.9263523e+09
   9871000   37378.088      3.878327e-07   2.0804328e-11  3.8781189e-07  2.9264581e+09
   9872000   37378.456      3.878327e-07   1.6991835e-11  3.8781571e-07  2.9264404e+09
   9873000   37378.023      3.878327e-07   2.148242e-11   3.8781122e-07  2.9264565e+09
   9874000   37379.028      3.878327e-07   1.105704e-11   3.8782164e-07  2.9263858e+09
   9875000   37378.127      3.878327e-07   2.0405053e-11  3.8781229e-07  2.9264537e+09
   9876000   37379.363      3.878327e-07   7.5757826e-12  3.8782512e-07  2.9263401e+09
   9877000   37378.579      3.878327e-07   1.5712713e-11  3.8781699e-07  2.9264191e+09
   9878000   37379.179      3.878327e-07   9.4892727e-12  3.8782321e-07  2.9263667e+09
   9879000   37378.756      3.878327e-07   1.3881318e-11  3.8781882e-07  2.926404e+09 
   9880000   37379.026      3.878327e-07   1.1074567e-11  3.8782162e-07  2.9263926e+09
   9881000   37378.324      3.878327e-07   1.8357921e-11  3.8781434e-07  2.9264227e+09
   9882000   37379.446      3.878327e-07   6.7220871e-12  3.8782598e-07  2.9263237e+09
   9883000   37376.955      3.878327e-07   3.2569252e-11  3.8780013e-07  2.9265332e+09
   9884000   37378.274      3.878327e-07   1.8878278e-11  3.8781382e-07  2.9264257e+09
   9885000   37377.61       3.878327e-07   2.5768556e-11  3.8780693e-07  2.9264928e+09
   9886000   37378.378      3.878327e-07   1.7793255e-11  3.8781491e-07  2.9264513e+09
   9887000   37378.722      3.878327e-07   1.4226017e-11  3.8781847e-07  2.9264034e+09
   9888000   37378.133      3.8783269e-07  2.0334038e-11  3.8781236e-07  2.9264427e+09
   9889000   37379.152      3.878327e-07   9.7692783e-12  3.8782293e-07  2.9263484e+09
   9890000   37377.453      3.8783269e-07  2.7388312e-11  3.878053e-07   2.9264663e+09
   9891000   37378.016      3.878327e-07   2.1552727e-11  3.8781115e-07  2.9264611e+09
   9892000   37378.597      3.878327e-07   1.5531e-11     3.8781717e-07  2.9264243e+09
   9893000   37379.163      3.878327e-07   9.6550801e-12  3.8782304e-07  2.9263719e+09
   9894000   37378.768      3.878327e-07   1.3754886e-11  3.8781894e-07  2.9264235e+09
   9895000   37379.238      3.878327e-07   8.8788209e-12  3.8782382e-07  2.9263452e+09
   9896000   37378.962      3.878327e-07   1.1742787e-11  3.8782096e-07  2.9263617e+09
   9897000   37378.141      3.878327e-07   2.0264478e-11  3.8781244e-07  2.9264303e+09
   9898000   37377.677      3.878327e-07   2.5070964e-11  3.8780763e-07  2.9264609e+09
   9899000   37378.568      3.878327e-07   1.5829446e-11  3.8781687e-07  2.926402e+09 
   9900000   37377.095      3.8783271e-07  3.1112983e-11  3.8780159e-07  2.9264502e+09
   9901000   37379.015      3.878327e-07   1.1190562e-11  3.8782151e-07  2.9263842e+09
   9902000   37378.679      3.878327e-07   1.4671872e-11  3.8781803e-07  2.9264137e+09
   9903000   37378.622      3.878327e-07   1.5269366e-11  3.8781743e-07  2.9264053e+09
   9904000   37379.193      3.878327e-07   9.343591e-12   3.8782336e-07  2.9263662e+09
   9905000   37378.982      3.878327e-07   1.152558e-11   3.8782117e-07  2.9263782e+09
   9906000   37379.097      3.878327e-07   1.0339015e-11  3.8782236e-07  2.9263744e+09
   9907000   37376.954      3.8783271e-07  3.258362e-11   3.8780012e-07  2.9264944e+09
   9908000   37378.34       3.878327e-07   1.8194555e-11  3.878145e-07   2.9263965e+09
   9909000   37377.683      3.878327e-07   2.5009924e-11  3.8780769e-07  2.9264974e+09
   9910000   37377.375      3.8783269e-07  2.8195151e-11  3.878045e-07   2.9264825e+09
   9911000   37378.994      3.878327e-07   1.1411624e-11  3.8782129e-07  2.9263924e+09
   9912000   37378.505      3.878327e-07   1.6485259e-11  3.8781622e-07  2.926408e+09 
   9913000   37379.017      3.878327e-07   1.1165675e-11  3.8782153e-07  2.926374e+09 
   9914000   37378.436      3.878327e-07   1.7192903e-11  3.8781551e-07  2.926423e+09 
   9915000   37378.135      3.878327e-07   2.032495e-11   3.8781238e-07  2.9263878e+09
   9916000   37378.518      3.878327e-07   1.6345009e-11  3.8781635e-07  2.9264461e+09
   9917000   37376.351      3.8783271e-07  3.8834716e-11  3.8779387e-07  2.926504e+09 
   9918000   37379.073      3.878327e-07   1.059161e-11   3.8782211e-07  2.926379e+09 
   9919000   37379.026      3.878327e-07   1.107708e-11   3.8782162e-07  2.9263809e+09
   9920000   37379.004      3.878327e-07   1.1301933e-11  3.8782139e-07  2.9263872e+09
   9921000   37378.658      3.878327e-07   1.4891258e-11  3.8781781e-07  2.9263948e+09
   9922000   37378.656      3.878327e-07   1.4911788e-11  3.8781779e-07  2.9263623e+09
   9923000   37378.682      3.878327e-07   1.464271e-11   3.8781806e-07  2.9263888e+09
   9924000   37379.198      3.878327e-07   9.2950612e-12  3.878234e-07   2.9263535e+09
   9925000   37378.5        3.878327e-07   1.6536016e-11  3.8781616e-07  2.9264224e+09
   9926000   37378.835      3.878327e-07   1.3051791e-11  3.8781964e-07  2.9263845e+09
   9927000   37378.696      3.878327e-07   1.4503164e-11  3.878182e-07   2.9263833e+09
   9928000   37378.807      3.878327e-07   1.3346173e-11  3.8781935e-07  2.926386e+09 
   9929000   37377.993      3.878327e-07   2.1795268e-11  3.8781091e-07  2.9264702e+09
   9930000   37378.803      3.878327e-07   1.3386839e-11  3.8781931e-07  2.9263938e+09
   9931000   37378.593      3.8783269e-07  1.5560809e-11  3.8781713e-07  2.9264059e+09
   9932000   37378.77       3.878327e-07   1.373059e-11   3.8781897e-07  2.9264042e+09
   9933000   37379.077      3.878327e-07   1.0545401e-11  3.8782215e-07  2.9263632e+09
   9934000   37378.978      3.878327e-07   1.1579499e-11  3.8782112e-07  2.9263892e+09
   9935000   37378.452      3.878327e-07   1.7027523e-11  3.8781567e-07  2.9264627e+09
   9936000   37379.13       3.878327e-07   9.9917021e-12  3.8782271e-07  2.9263667e+09
   9937000   37378.46       3.878327e-07   1.6949339e-11  3.8781575e-07  2.9264112e+09
   9938000   37377.269      3.878327e-07   2.9312483e-11  3.8780339e-07  2.9264963e+09
   9939000   37379.003      3.878327e-07   1.1315611e-11  3.8782138e-07  2.9263816e+09
   9940000   37378.529      3.878327e-07   1.6237489e-11  3.8781646e-07  2.9263847e+09
   9941000   37378.244      3.878327e-07   1.9187375e-11  3.8781351e-07  2.9264539e+09
   9942000   37379.415      3.878327e-07   7.0433435e-12  3.8782565e-07  2.9263422e+09
   9943000   37378.573      3.878327e-07   1.578079e-11   3.8781692e-07  2.9264296e+09
   9944000   37378.834      3.878327e-07   1.3064501e-11  3.8781964e-07  2.9263963e+09
   9945000   37379.465      3.878327e-07   6.5220721e-12  3.8782618e-07  2.926329e+09 
   9946000   37378.795      3.878327e-07   1.347762e-11   3.8781922e-07  2.9263614e+09
   9947000   37377.936      3.878327e-07   2.2390056e-11  3.8781031e-07  2.9264845e+09
   9948000   37379.364      3.878327e-07   7.5713103e-12  3.8782513e-07  2.9263409e+09
   9949000   37378.458      3.878327e-07   1.6968806e-11  3.8781573e-07  2.9264267e+09
   9950000   37378.912      3.878327e-07   1.2259074e-11  3.8782044e-07  2.9263835e+09
   9951000   37378.214      3.878327e-07   1.9498465e-11  3.878132e-07   2.9264261e+09
   9952000   37377.736      3.878327e-07   2.4455051e-11  3.8780824e-07  2.9264768e+09
   9953000   37378.77       3.8783269e-07  1.3732109e-11  3.8781896e-07  2.9263849e+09
   9954000   37378.578      3.878327e-07   1.5724957e-11  3.8781698e-07  2.9264136e+09
   9955000   37378.543      3.878327e-07   1.6084984e-11  3.8781661e-07  2.9263946e+09
   9956000   37379.372      3.878327e-07   7.4895726e-12  3.8782521e-07  2.9263426e+09
   9957000   37378.782      3.878327e-07   1.3601934e-11  3.878191e-07   2.9264048e+09
   9958000   37377.562      3.878327e-07   2.6266637e-11  3.8780643e-07  2.9264544e+09
   9959000   37378.649      3.878327e-07   1.4985459e-11  3.8781772e-07  2.9263839e+09
   9960000   37379.108      3.878327e-07   1.0224403e-11  3.8782247e-07  2.9263705e+09
   9961000   37377.832      3.878327e-07   2.3466164e-11  3.8780923e-07  2.9264208e+09
   9962000   37378.811      3.878327e-07   1.3306867e-11  3.8781939e-07  2.9263975e+09
   9963000   37377.13       3.878327e-07   3.0752306e-11  3.8780195e-07  2.9264615e+09
   9964000   37377.194      3.8783269e-07  3.0075699e-11  3.8780262e-07  2.9265165e+09
   9965000   37378.553      3.878327e-07   1.5984508e-11  3.8781671e-07  2.926435e+09 
   9966000   37378.406      3.878327e-07   1.7505645e-11  3.8781519e-07  2.9264361e+09
   9967000   37378.422      3.878327e-07   1.7346087e-11  3.8781535e-07  2.9264262e+09
   9968000   37379.119      3.878327e-07   1.0114937e-11  3.8782258e-07  2.9263737e+09
   9969000   37378.855      3.878327e-07   1.2851701e-11  3.8781985e-07  2.9264024e+09
   9970000   37379.066      3.878327e-07   1.0664446e-11  3.8782203e-07  2.9263823e+09
   9971000   37378.801      3.878327e-07   1.3408194e-11  3.8781929e-07  2.9263901e+09
   9972000   37378.572      3.878327e-07   1.5785242e-11  3.8781691e-07  2.9264166e+09
   9973000   37379.042      3.878327e-07   1.0906744e-11  3.8782179e-07  2.9263825e+09
   9974000   37378.339      3.878327e-07   1.8208833e-11  3.8781449e-07  2.9264321e+09
   9975000   37378.531      3.878327e-07   1.6208311e-11  3.8781649e-07  2.9264171e+09
   9976000   37378.101      3.878327e-07   2.0668977e-11  3.8781203e-07  2.9264856e+09
   9977000   37378.099      3.878327e-07   2.069414e-11   3.87812e-07    2.9264558e+09
   9978000   37379.021      3.878327e-07   1.1122723e-11  3.8782158e-07  2.9263969e+09
   9979000   37379.042      3.878327e-07   1.0908378e-11  3.8782179e-07  2.9263726e+09
   9980000   37378.042      3.878327e-07   2.1283302e-11  3.8781142e-07  2.9264576e+09
   9981000   37378.442      3.878327e-07   1.713717e-11   3.8781556e-07  2.9263988e+09
   9982000   37377.789      3.878327e-07   2.3908832e-11  3.8780879e-07  2.9264756e+09
   9983000   37378.258      3.878327e-07   1.9047777e-11  3.8781365e-07  2.9264281e+09
   9984000   37378.402      3.878327e-07   1.7554504e-11  3.8781515e-07  2.9264005e+09
   9985000   37378.912      3.878327e-07   1.2260656e-11  3.8782044e-07  2.9263734e+09
   9986000   37379.05       3.878327e-07   1.0827826e-11  3.8782187e-07  2.9263833e+09
   9987000   37378.787      3.878327e-07   1.3555838e-11  3.8781914e-07  2.9263761e+09
   9988000   37378.4        3.878327e-07   1.7565244e-11  3.8781513e-07  2.9264139e+09
   9989000   37378.919      3.878327e-07   1.2183184e-11  3.8782052e-07  2.9263869e+09
   9990000   37378.441      3.878327e-07   1.7147891e-11  3.8781555e-07  2.9264336e+09
   9991000   37379.033      3.878327e-07   1.1008575e-11  3.8782169e-07  2.9263641e+09
   9992000   37377.55       3.878327e-07   2.6386069e-11  3.8780631e-07  2.9264801e+09
   9993000   37378.784      3.878327e-07   1.3582745e-11  3.8781912e-07  2.9263801e+09
   9994000   37378.999      3.878327e-07   1.1351994e-11  3.8782135e-07  2.9263831e+09
   9995000   37377.794      3.878327e-07   2.3857967e-11  3.8780884e-07  2.9264746e+09
   9996000   37378.396      3.878327e-07   1.7608894e-11  3.8781509e-07  2.9264231e+09
   9997000   37379.017      3.878327e-07   1.1169618e-11  3.8782153e-07  2.9263816e+09
   9998000   37378.484      3.878327e-07   1.670341e-11   3.87816e-07    2.9264393e+09
   9999000   37378.605      3.878327e-07   1.5442974e-11  3.8781726e-07  2.9264238e+09
  10000000   37378.513      3.878327e-07   1.6396829e-11  3.878163e-07   2.9264109e+09
  10001000   37379.215      3.878327e-07   9.1185613e-12  3.8782358e-07  2.9263664e+09
Loop time of 3102.97 on 36 procs for 10000000 steps with 50100 atoms

95.8% CPU use with 36 MPI tasks x no OpenMP threads

MPI task timing breakdown:
Section |  min time  |  avg time  |  max time  |%varavg| %total
---------------------------------------------------------------
Pair    | 286.43     | 292.98     | 302.19     |  18.9 |  9.44
Neigh   | 47.103     | 47.541     | 47.994     |   4.1 |  1.53
Comm    | 1760.2     | 1818.7     | 1863.7     |  75.0 | 58.61
Output  | 6.9846     | 7.0492     | 7.245      |   1.6 |  0.23
Modify  | 147.94     | 151.22     | 156.68     |  15.5 |  4.87
Other   |            | 785.5      |            |       | 25.31

Nlocal:        1391.67 ave        1453 max        1279 min
Histogram: 1 0 1 2 3 6 10 3 7 3
Nghost:          760.5 ave         824 max         713 min
Histogram: 1 3 4 6 9 9 2 0 1 1
Neighs:        1950.39 ave        2170 max        1635 min
Histogram: 1 1 1 3 1 9 12 5 2 1

Total # of neighbors = 70214
Ave neighs/atom = 1.401477
Neighbor list builds = 108445
Dangerous builds = 0
Total wall time: 0:56:13
